{"symbol":"PNB-EQ","action":"BUY","price":119.95,"quantity":1,"timestamp":1771312975510}
{"symbol":"HAL-EQ","action":"BUY","price":4498.88,"quantity":1,"timestamp":1771312978525}
{"symbol":"BAJAJHLDNG-EQ","action":"BUY","price":9460.53,"quantity":1,"timestamp":1771312983565}
{"symbol":"ADANIGREEN-EQ","action":"BUY","price":867.27,"quantity":1,"timestamp":1771312983575}
{"symbol":"RECLTD-EQ","action":"BUY","price":343.32,"quantity":1,"timestamp":1771312984579}
{"symbol":"ENRIN-EQ","action":"BUY","price":2159.5,"quantity":1,"timestamp":1771312984589}
{"symbol":"CANBK-EQ","action":"BUY","price":147.92,"quantity":1,"timestamp":1771312985592}
{"symbol":"LICI-EQ","action":"BUY","price":758.55,"quantity":1,"timestamp":1771312986612}
{"symbol":"LODHA-EQ","action":"BUY","price":972,"quantity":1,"timestamp":1771312988624}
{"symbol":"DMART-EQ","action":"BUY","price":3730.68,"quantity":1,"timestamp":1771312990630}
{"symbol":"NAUKRI-EQ","action":"BUY","price":1241.29,"quantity":1,"timestamp":1771312990638}
{"symbol":"BRITANNIA-EQ","action":"BUY","price":5921.15,"quantity":1,"timestamp":1771312991663}
{"symbol":"LTIM-EQ","action":"BUY","price":6048.33,"quantity":1,"timestamp":1771312993676}
{"symbol":"SIEMENS-EQ","action":"BUY","price":2915.05,"quantity":1,"timestamp":1771312993685}
{"symbol":"BANKBARODA-EQ","action":"BUY","price":291.05,"quantity":1,"timestamp":1771312994682}
{"symbol":"DIVISLAB-EQ","action":"BUY","price":6491.06,"quantity":1,"timestamp":1771312995687}
{"symbol":"CANBK-EQ","action":"BUY","price":140.32,"quantity":1,"timestamp":1771312995694}
{"symbol":"RECLTD-EQ","action":"BUY","price":323.85,"quantity":1,"timestamp":1771312995701}
{"symbol":"GAIL-EQ","action":"BUY","price":156.02,"quantity":1,"timestamp":1771312995708}
{"symbol":"HAVELLS-EQ","action":"BUY","price":1453.2,"quantity":1,"timestamp":1771312995714}
{"symbol":"AMBUJACEM-EQ","action":"BUY","price":487.39,"quantity":1,"timestamp":1771312995724}
{"symbol":"ENRIN-EQ","action":"BUY","price":2049.22,"quantity":1,"timestamp":1771312996690}
{"symbol":"CHOLAFIN-EQ","action":"BUY","price":1497.64,"quantity":1,"timestamp":1771312998704}
{"symbol":"SHREECEM-EQ","action":"BUY","price":27171.53,"quantity":1,"timestamp":1771312998715}
{"symbol":"AMBUJACEM-EQ","action":"SELL","price":516.58,"quantity":1,"pnl":29.190000000000055,"timestamp":1771312999713}
{"symbol":"ENRIN-EQ","action":"SELL","price":2159.07,"quantity":1,"pnl":54.71000000000049,"timestamp":1771313001731}
{"symbol":"BANKBARODA-EQ","action":"SELL","price":307.37,"quantity":1,"pnl":16.319999999999993,"timestamp":1771313002723}
{"symbol":"BAJAJHLDNG-EQ","action":"BUY","price":8952.15,"quantity":1,"timestamp":1771313006755}
{"symbol":"CGPOWER-EQ","action":"BUY","price":556.62,"quantity":1,"timestamp":1771313006764}
{"symbol":"INDHOTEL-EQ","action":"BUY","price":665.01,"quantity":1,"timestamp":1771313007766}
{"symbol":"DMART-EQ","action":"BUY","price":3491.72,"quantity":1,"timestamp":1771313007772}
{"symbol":"CANBK-EQ","action":"BUY","price":133.1,"quantity":1,"timestamp":1771313007777}
{"symbol":"NAUKRI-EQ","action":"BUY","price":1236.48,"quantity":1,"timestamp":1771313007781}
{"symbol":"IRFC-EQ","action":"BUY","price":121.28,"quantity":1,"timestamp":1771313007788}
{"symbol":"JSWENERGY-EQ","action":"BUY","price":539.66,"quantity":1,"timestamp":1771313008776}
{"symbol":"HAL-EQ","action":"BUY","price":4270.93,"quantity":1,"timestamp":1771313009781}
{"symbol":"ICICIGI-EQ","action":"BUY","price":1858.38,"quantity":1,"timestamp":1771313010791}
{"symbol":"ZYDUSLIFE-EQ","action":"BUY","price":864.44,"quantity":1,"timestamp":1771313010798}
{"symbol":"SIEMENS-EQ","action":"SELL","price":3099.18,"quantity":1,"pnl":184.12999999999965,"timestamp":1771313012801}
{"symbol":"TVSMOTOR-EQ","action":"BUY","price":4388.06,"quantity":1,"timestamp":1771313013806}
{"symbol":"CHOLAFIN-EQ","action":"BUY","price":1502.11,"quantity":1,"timestamp":1771313014816}
{"symbol":"LTIM-EQ","action":"BUY","price":5392.3,"quantity":1,"timestamp":1771313015826}
{"symbol":"HAVELLS-EQ","action":"BUY","price":1450.78,"quantity":1,"timestamp":1771313015834}
{"symbol":"HAL-EQ","action":"SELL","price":4494.36,"quantity":1,"pnl":109.45499999999902,"timestamp":1771313016829}
{"symbol":"CANBK-EQ","action":"SELL","price":139.96,"quantity":1,"pnl":-0.4866666666666788,"timestamp":1771313016836}
{"symbol":"NAUKRI-EQ","action":"SELL","price":1299.26,"quantity":1,"pnl":60.375,"timestamp":1771313018846}
{"symbol":"CHOLAFIN-EQ","action":"BUY","price":1426.6,"quantity":1,"timestamp":1771313020871}
{"symbol":"BAJAJHLDNG-EQ","action":"BUY","price":8400.84,"quantity":1,"timestamp":1771313020879}
{"symbol":"PNB-EQ","action":"BUY","price":125.05,"quantity":1,"timestamp":1771313021872}
{"symbol":"SIEMENS-EQ","action":"BUY","price":2918.91,"quantity":1,"timestamp":1771313021882}
{"symbol":"IRFC-EQ","action":"BUY","price":108.32,"quantity":1,"timestamp":1771313022880}
{"symbol":"TVSMOTOR-EQ","action":"BUY","price":4120.85,"quantity":1,"timestamp":1771313023877}
{"symbol":"TORNTPHARM-EQ","action":"BUY","price":3895.99,"quantity":1,"timestamp":1771313023888}
{"symbol":"ICICIGI-EQ","action":"BUY","price":1756.58,"quantity":1,"timestamp":1771313024884}
{"symbol":"HAL-EQ","action":"BUY","price":4199.11,"quantity":1,"timestamp":1771313026894}
{"symbol":"PIDILITIND-EQ","action":"BUY","price":1483.25,"quantity":1,"timestamp":1771313026902}
{"symbol":"PNB-EQ","action":"BUY","price":118.06,"quantity":1,"timestamp":1771313027910}
{"symbol":"CHOLAFIN-EQ","action":"BUY","price":1341.04,"quantity":1,"timestamp":1771313028916}
{"symbol":"BANKBARODA-EQ","action":"BUY","price":307.35,"quantity":1,"timestamp":1771313028924}
{"symbol":"HINDZINC-EQ","action":"BUY","price":654.1,"quantity":1,"timestamp":1771313030928}
{"symbol":"VEDL-EQ","action":"BUY","price":804.54,"quantity":1,"timestamp":1771313031940}
{"symbol":"NAUKRI-EQ","action":"BUY","price":1211.65,"quantity":1,"timestamp":1771313031950}
{"symbol":"JINDALSTEL-EQ","action":"BUY","price":1128.64,"quantity":1,"timestamp":1771313031956}
{"symbol":"BAJAJHFL-EQ","action":"BUY","price":86.69,"quantity":1,"timestamp":1771313031963}
{"symbol":"LTIM-EQ","action":"BUY","price":5409.65,"quantity":1,"timestamp":1771313032945}
{"symbol":"DLF-EQ","action":"BUY","price":559.55,"quantity":1,"timestamp":1771313032951}
{"symbol":"ZYDUSLIFE-EQ","action":"BUY","price":820.41,"quantity":1,"timestamp":1771313032957}
{"symbol":"HAVELLS-EQ","action":"BUY","price":1377.33,"quantity":1,"timestamp":1771313033954}
{"symbol":"GODREJCP-EQ","action":"BUY","price":1226.9,"quantity":1,"timestamp":1771313034966}
{"symbol":"CGPOWER-EQ","action":"BUY","price":527.35,"quantity":1,"timestamp":1771313034972}
{"symbol":"HINDZINC-EQ","action":"BUY","price":620.36,"quantity":1,"timestamp":1771313034979}
{"symbol":"BRITANNIA-EQ","action":"BUY","price":5939.02,"quantity":1,"timestamp":1771313035976}
{"symbol":"ICICIGI-EQ","action":"BUY","price":1645.7,"quantity":1,"timestamp":1771313035985}
{"symbol":"ADANIENSOL-EQ","action":"BUY","price":796.96,"quantity":1,"timestamp":1771313035991}
{"symbol":"HAL-EQ","action":"BUY","price":3985.05,"quantity":1,"timestamp":1771313036984}
{"symbol":"PIDILITIND-EQ","action":"BUY","price":1401.98,"quantity":1,"timestamp":1771313037996}
{"symbol":"TORNTPHARM-EQ","action":"BUY","price":3668.08,"quantity":1,"timestamp":1771313038002}
{"symbol":"VEDL-EQ","action":"SELL","price":849.91,"quantity":1,"pnl":45.370000000000005,"timestamp":1771313041026}
{"symbol":"IRFC-EQ","action":"BUY","price":102.88,"quantity":1,"timestamp":1771313042033}
{"symbol":"TVSMOTOR-EQ","action":"BUY","price":4127.6,"quantity":1,"timestamp":1771313045062}
{"symbol":"GAIL-EQ","action":"BUY","price":165.41,"quantity":1,"timestamp":1771313045070}
{"symbol":"IOC-EQ","action":"BUY","price":165.97,"quantity":1,"timestamp":1771313046064}
{"symbol":"ADANIPOWER-EQ","action":"BUY","price":146.02,"quantity":1,"timestamp":1771313047066}
{"symbol":"TVSMOTOR-EQ","action":"BUY","price":3902.64,"quantity":1,"timestamp":1771313048071}
{"symbol":"DIVISLAB-EQ","action":"BUY","price":6822.68,"quantity":1,"timestamp":1771313048077}
{"symbol":"INDHOTEL-EQ","action":"BUY","price":625.56,"quantity":1,"timestamp":1771313049080}
{"symbol":"IOC-EQ","action":"BUY","price":155.49,"quantity":1,"timestamp":1771313049086}
{"symbol":"PFC-EQ","action":"BUY","price":431.73,"quantity":1,"timestamp":1771313049092}
{"symbol":"ICICIGI-EQ","action":"BUY","price":1546.86,"quantity":1,"timestamp":1771313049097}
{"symbol":"VBL-EQ","action":"BUY","price":536.1,"quantity":1,"timestamp":1771313050086}
{"symbol":"GAIL-EQ","action":"BUY","price":154.04,"quantity":1,"timestamp":1771313050094}
{"symbol":"BPCL-EQ","action":"BUY","price":433.28,"quantity":1,"timestamp":1771313051098}
{"symbol":"BANKBARODA-EQ","action":"BUY","price":303.1,"quantity":1,"timestamp":1771313051106}
{"symbol":"TORNTPHARM-EQ","action":"BUY","price":3483.01,"quantity":1,"timestamp":1771313051113}
{"symbol":"SOLARINDS-EQ","action":"BUY","price":12928.96,"quantity":1,"timestamp":1771313051118}
{"symbol":"CANBK-EQ","action":"SELL","price":140.61,"quantity":1,"pnl":0.1633333333333553,"timestamp":1771313052099}
{"symbol":"PFC-EQ","action":"SELL","price":455.12,"quantity":1,"pnl":23.389999999999986,"timestamp":1771313053106}
{"symbol":"BAJAJHFL-EQ","action":"BUY","price":86.47,"quantity":1,"timestamp":1771313054115}
{"symbol":"JINDALSTEL-EQ","action":"BUY","price":1065.25,"quantity":1,"timestamp":1771313055117}
{"symbol":"ADANIGREEN-EQ","action":"BUY","price":822.85,"quantity":1,"timestamp":1771313055124}
{"symbol":"SIEMENS-EQ","action":"BUY","price":2906.08,"quantity":1,"timestamp":1771313055128}
{"symbol":"BANKBARODA-EQ","action":"BUY","price":287.84,"quantity":1,"timestamp":1771313056121}
{"symbol":"SOLARINDS-EQ","action":"BUY","price":12135.76,"quantity":1,"timestamp":1771313056128}
{"symbol":"TATAPOWER-EQ","action":"BUY","price":424.84,"quantity":1,"timestamp":1771313057126}
{"symbol":"GODREJCP-EQ","action":"BUY","price":1154.89,"quantity":1,"timestamp":1771313057133}
{"symbol":"CHOLAFIN-EQ","action":"BUY","price":1431.79,"quantity":1,"timestamp":1771313058128}
{"symbol":"DLF-EQ","action":"BUY","price":525.11,"quantity":1,"timestamp":1771313058135}
{"symbol":"GAIL-EQ","action":"SELL","price":163.45,"quantity":1,"pnl":4.9599999999999795,"timestamp":1771313059137}
{"symbol":"PNB-EQ","action":"SELL","price":116.17,"quantity":1,"pnl":-4.849999999999994,"timestamp":1771313059143}
{"symbol":"TATAPOWER-EQ","action":"SELL","price":449.36,"quantity":1,"pnl":24.52000000000004,"timestamp":1771313060140}
{"symbol":"HAL-EQ","action":"SELL","price":4506.09,"quantity":1,"pnl":316.40166666666755,"timestamp":1771313062157}
{"symbol":"BAJAJHFL-EQ","action":"SELL","price":92.98,"quantity":1,"pnl":6.400000000000006,"timestamp":1771313062168}
{"symbol":"GAIL-EQ","action":"SELL","price":173.29,"quantity":1,"pnl":14.799999999999983,"timestamp":1771313063159}
{"symbol":"INDHOTEL-EQ","action":"BUY","price":587.94,"quantity":1,"timestamp":1771313064168}
{"symbol":"LODHA-EQ","action":"BUY","price":1110.9,"quantity":1,"timestamp":1771313064179}
{"symbol":"MAZDOCK-EQ","action":"BUY","price":2409.54,"quantity":1,"timestamp":1771313064183}
{"symbol":"ENRIN-EQ","action":"BUY","price":2115.2,"quantity":1,"timestamp":1771313065172}
{"symbol":"GODREJCP-EQ","action":"BUY","price":1092.16,"quantity":1,"timestamp":1771313066187}
{"symbol":"HINDZINC-EQ","action":"BUY","price":583.14,"quantity":1,"timestamp":1771313066193}
{"symbol":"SHREECEM-EQ","action":"BUY","price":25572.89,"quantity":1,"timestamp":1771313067197}
{"symbol":"JSWENERGY-EQ","action":"BUY","price":474.25,"quantity":1,"timestamp":1771313068201}
{"symbol":"IRFC-EQ","action":"BUY","price":104.21,"quantity":1,"timestamp":1771313068208}
{"symbol":"BANKBARODA-EQ","action":"BUY","price":254.61,"quantity":1,"timestamp":1771313069202}
{"symbol":"TORNTPHARM-EQ","action":"BUY","price":3119.68,"quantity":1,"timestamp":1771313069210}
{"symbol":"ADANIENSOL-EQ","action":"BUY","price":720.86,"quantity":1,"timestamp":1771313069216}
{"symbol":"CHOLAFIN-EQ","action":"BUY","price":1332.07,"quantity":1,"timestamp":1771313071213}
{"symbol":"MOTHERSON-EQ","action":"BUY","price":144.53,"quantity":1,"timestamp":1771313071218}
{"symbol":"MAZDOCK-EQ","action":"BUY","price":2264.06,"quantity":1,"timestamp":1771313071226}
{"symbol":"TORNTPHARM-EQ","action":"BUY","price":2955.12,"quantity":1,"timestamp":1771313072219}
{"symbol":"CGPOWER-EQ","action":"BUY","price":498.92,"quantity":1,"timestamp":1771313072224}
{"symbol":"LODHA-EQ","action":"BUY","price":1047.66,"quantity":1,"timestamp":1771313073229}
{"symbol":"PFC-EQ","action":"BUY","price":451.7,"quantity":1,"timestamp":1771313074237}
{"symbol":"SOLARINDS-EQ","action":"BUY","price":11267.06,"quantity":1,"timestamp":1771313074247}
{"symbol":"IRFC-EQ","action":"SELL","price":110.38,"quantity":1,"pnl":1.207499999999996,"timestamp":1771313077270}
{"symbol":"BANKBARODA-EQ","action":"SELL","price":267.48,"quantity":1,"pnl":-20.745000000000005,"timestamp":1771313078266}
{"symbol":"BRITANNIA-EQ","action":"SELL","price":5891.95,"quantity":1,"pnl":-38.13500000000022,"timestamp":1771313079269}
{"symbol":"ADANIPOWER-EQ","action":"SELL","price":154.21,"quantity":1,"pnl":8.189999999999998,"timestamp":1771313079277}
{"symbol":"UNITDSPR-EQ","action":"BUY","price":1479.88,"quantity":1,"timestamp":1771313080278}
{"symbol":"LTIM-EQ","action":"SELL","price":5781.09,"quantity":1,"pnl":164.33000000000084,"timestamp":1771313081289}
{"symbol":"JINDALSTEL-EQ","action":"SELL","price":1126.84,"quantity":1,"pnl":29.894999999999754,"timestamp":1771313081303}
{"symbol":"UNITDSPR-EQ","action":"SELL","price":1571.19,"quantity":1,"pnl":91.30999999999995,"timestamp":1771313083305}
{"symbol":"HAVELLS-EQ","action":"SELL","price":1546.22,"quantity":1,"pnl":119.11666666666679,"timestamp":1771313083313}
{"symbol":"BRITANNIA-EQ","action":"SELL","price":6266.01,"quantity":1,"pnl":335.9250000000002,"timestamp":1771313084313}
{"symbol":"ENRIN-EQ","action":"SELL","price":2254.01,"quantity":1,"pnl":144.23000000000047,"timestamp":1771313084322}
{"symbol":"GODREJCP-EQ","action":"BUY","price":1032.44,"quantity":1,"timestamp":1771313085312}
{"symbol":"SIEMENS-EQ","action":"BUY","price":2930.44,"quantity":1,"timestamp":1771313085322}
{"symbol":"CHOLAFIN-EQ","action":"BUY","price":1260.04,"quantity":1,"timestamp":1771313086320}
{"symbol":"INDHOTEL-EQ","action":"BUY","price":557.84,"quantity":1,"timestamp":1771313086327}
{"symbol":"HINDZINC-EQ","action":"BUY","price":515,"quantity":1,"timestamp":1771313086337}
{"symbol":"LICI-EQ","action":"SELL","price":898.92,"quantity":1,"pnl":140.37,"timestamp":1771313087333}
{"symbol":"JSWENERGY-EQ","action":"SELL","price":501.45,"quantity":1,"pnl":-5.5049999999999955,"timestamp":1771313088333}
{"symbol":"NAUKRI-EQ","action":"SELL","price":1377.03,"quantity":1,"pnl":151.76250000000005,"timestamp":1771313089334}
{"symbol":"PIDILITIND-EQ","action":"SELL","price":1662.06,"quantity":1,"pnl":219.44499999999994,"timestamp":1771313089339}
{"symbol":"HAVELLS-EQ","action":"SELL","price":1628.12,"quantity":1,"pnl":201.01666666666688,"timestamp":1771313089346}
{"symbol":"MAZDOCK-EQ","action":"SELL","price":2387.14,"quantity":1,"pnl":50.33999999999969,"timestamp":1771313090348}
{"symbol":"DMART-EQ","action":"SELL","price":3695.71,"quantity":1,"pnl":84.51000000000022,"timestamp":1771313091347}
{"symbol":"INDHOTEL-EQ","action":"SELL","price":586.31,"quantity":1,"pnl":-22.777500000000032,"timestamp":1771313092357}
{"symbol":"DIVISLAB-EQ","action":"BUY","price":6361.89,"quantity":1,"timestamp":1771313094361}
{"symbol":"NAUKRI-EQ","action":"BUY","price":1304.39,"quantity":1,"timestamp":1771313094368}
{"symbol":"PNB-EQ","action":"SELL","price":114.2,"quantity":1,"pnl":-6.820000000000007,"timestamp":1771313095366}
{"symbol":"IOC-EQ","action":"SELL","price":173.31,"quantity":1,"pnl":12.579999999999984,"timestamp":1771313096366}
{"symbol":"HAVELLS-EQ","action":"SELL","price":1717.8,"quantity":1,"pnl":290.69666666666694,"timestamp":1771313096373}
{"symbol":"GAIL-EQ","action":"SELL","price":182.12,"quantity":1,"pnl":23.629999999999995,"timestamp":1771313097369}
{"symbol":"CGPOWER-EQ","action":"SELL","price":496.38,"quantity":1,"pnl":-31.25,"timestamp":1771313099384}
{"symbol":"RECLTD-EQ","action":"SELL","price":403.75,"quantity":1,"pnl":70.16499999999996,"timestamp":1771313101396}
{"symbol":"DMART-EQ","action":"BUY","price":3505.87,"quantity":1,"timestamp":1771313102397}
{"symbol":"LODHA-EQ","action":"BUY","price":1047.97,"quantity":1,"timestamp":1771313102403}
{"symbol":"DLF-EQ","action":"BUY","price":459.92,"quantity":1,"timestamp":1771313104412}
{"symbol":"AMBUJACEM-EQ","action":"BUY","price":507.2,"quantity":1,"timestamp":1771313104419}
{"symbol":"TORNTPHARM-EQ","action":"BUY","price":2894.64,"quantity":1,"timestamp":1771313105414}
{"symbol":"SOLARINDS-EQ","action":"BUY","price":10462.08,"quantity":1,"timestamp":1771313106419}
{"symbol":"ADANIGREEN-EQ","action":"SELL","price":817.75,"quantity":1,"pnl":-27.309999999999945,"timestamp":1771313108439}
{"symbol":"SIEMENS-EQ","action":"SELL","price":2900.46,"quantity":1,"pnl":-18.01666666666688,"timestamp":1771313108446}
{"symbol":"VEDL-EQ","action":"BUY","price":902.25,"quantity":1,"timestamp":1771313109443}
{"symbol":"VBL-EQ","action":"BUY","price":538.39,"quantity":1,"timestamp":1771313109450}
{"symbol":"MOTHERSON-EQ","action":"BUY","price":135.92,"quantity":1,"timestamp":1771313109456}
{"symbol":"TORNTPHARM-EQ","action":"BUY","price":2736.02,"quantity":1,"timestamp":1771313110454}
{"symbol":"HYUNDAI-EQ","action":"BUY","price":3319.16,"quantity":1,"timestamp":1771313110460}
{"symbol":"IOC-EQ","action":"BUY","price":174.16,"quantity":1,"timestamp":1771313111459}
{"symbol":"ICICIGI-EQ","action":"BUY","price":1335.33,"quantity":1,"timestamp":1771313111478}
{"symbol":"HAVELLS-EQ","action":"BUY","price":1628.61,"quantity":1,"timestamp":1771313111485}
{"symbol":"DMART-EQ","action":"SELL","price":3711.9,"quantity":1,"pnl":153.36500000000024,"timestamp":1771313112474}
{"symbol":"LODHA-EQ","action":"SELL","price":1172.75,"quantity":1,"pnl":128.11749999999984,"timestamp":1771313112485}
{"symbol":"HINDZINC-EQ","action":"SELL","price":541.47,"quantity":1,"pnl":-51.67999999999995,"timestamp":1771313112489}
{"symbol":"BPCL-EQ","action":"SELL","price":405.85,"quantity":1,"pnl":-27.42999999999995,"timestamp":1771313114494}
{"symbol":"BAJAJHLDNG-EQ","action":"SELL","price":12669.96,"quantity":1,"pnl":3732.119999999999,"timestamp":1771313114504}
{"symbol":"HAL-EQ","action":"SELL","price":4463.97,"quantity":1,"pnl":274.28166666666675,"timestamp":1771313116520}
{"symbol":"JINDALSTEL-EQ","action":"SELL","price":1185.79,"quantity":1,"pnl":88.8449999999998,"timestamp":1771313116567}
{"symbol":"HINDZINC-EQ","action":"SELL","price":570.58,"quantity":1,"pnl":-22.569999999999936,"timestamp":1771313116597}
{"symbol":"RECLTD-EQ","action":"SELL","price":425.53,"quantity":1,"pnl":91.94499999999994,"timestamp":1771313117522}
{"symbol":"IRFC-EQ","action":"SELL","price":114.86,"quantity":1,"pnl":5.6875,"timestamp":1771313117526}
{"symbol":"VEDL-EQ","action":"SELL","price":953.15,"quantity":1,"pnl":50.89999999999998,"timestamp":1771313118526}
{"symbol":"IOC-EQ","action":"SELL","price":183.59,"quantity":1,"pnl":16.14500000000001,"timestamp":1771313118540}
{"symbol":"ZYDUSLIFE-EQ","action":"SELL","price":849.28,"quantity":1,"pnl":6.855000000000018,"timestamp":1771313118549}
{"symbol":"ADANIENSOL-EQ","action":"SELL","price":806.54,"quantity":1,"pnl":47.62999999999988,"timestamp":1771313119538}
{"symbol":"TATAPOWER-EQ","action":"BUY","price":508.55,"quantity":1,"timestamp":1771313120543}
{"symbol":"IRFC-EQ","action":"BUY","price":107.93,"quantity":1,"timestamp":1771313121552}
{"symbol":"PNB-EQ","action":"BUY","price":113.03,"quantity":1,"timestamp":1771313123563}
{"symbol":"CGPOWER-EQ","action":"BUY","price":467.62,"quantity":1,"timestamp":1771313123571}
{"symbol":"AMBUJACEM-EQ","action":"BUY","price":454.53,"quantity":1,"timestamp":1771313123577}
{"symbol":"DMART-EQ","action":"BUY","price":3485.96,"quantity":1,"timestamp":1771313124572}
{"symbol":"BOSCHLTD-EQ","action":"BUY","price":51119.69,"quantity":1,"timestamp":1771313124579}
{"symbol":"IOC-EQ","action":"BUY","price":172.31,"quantity":1,"timestamp":1771313126583}
{"symbol":"SIEMENS-EQ","action":"BUY","price":2726.58,"quantity":1,"timestamp":1771313126592}
{"symbol":"ABB-EQ","action":"BUY","price":5468.63,"quantity":1,"timestamp":1771313126597}
{"symbol":"LTIM-EQ","action":"BUY","price":5122.89,"quantity":1,"timestamp":1771313127589}
{"symbol":"JINDALSTEL-EQ","action":"BUY","price":1185.12,"quantity":1,"timestamp":1771313127595}
{"symbol":"IRFC-EQ","action":"BUY","price":102.5,"quantity":1,"timestamp":1771313127601}
{"symbol":"HAVELLS-EQ","action":"BUY","price":1430.91,"quantity":1,"timestamp":1771313129603}
{"symbol":"VBL-EQ","action":"BUY","price":505.49,"quantity":1,"timestamp":1771313130601}
{"symbol":"TATAPOWER-EQ","action":"BUY","price":496.97,"quantity":1,"timestamp":1771313130605}
{"symbol":"NAUKRI-EQ","action":"BUY","price":1238.68,"quantity":1,"timestamp":1771313130611}
{"symbol":"BANKBARODA-EQ","action":"BUY","price":252.3,"quantity":1,"timestamp":1771313131613}
{"symbol":"BOSCHLTD-EQ","action":"BUY","price":48163.98,"quantity":1,"timestamp":1771313131621}
{"symbol":"CANBK-EQ","action":"BUY","price":132.79,"quantity":1,"timestamp":1771313132625}
{"symbol":"DIVISLAB-EQ","action":"SELL","price":6787.96,"quantity":1,"pnl":229.41666666666606,"timestamp":1771313136655}
{"symbol":"ENRIN-EQ","action":"SELL","price":2253.47,"quantity":1,"pnl":143.69000000000005,"timestamp":1771313136666}
{"symbol":"VBL-EQ","action":"SELL","price":537.83,"quantity":1,"pnl":11.170000000000073,"timestamp":1771313137656}
{"symbol":"JSWENERGY-EQ","action":"SELL","price":558.63,"quantity":1,"pnl":51.67500000000001,"timestamp":1771313137665}
{"symbol":"INDHOTEL-EQ","action":"SELL","price":582.83,"quantity":1,"pnl":-26.257499999999936,"timestamp":1771313138669}
{"symbol":"NAUKRI-EQ","action":"SELL","price":1317.46,"quantity":1,"pnl":61.347499999999854,"timestamp":1771313138681}
{"symbol":"SHREECEM-EQ","action":"SELL","price":27049.57,"quantity":1,"pnl":677.3600000000006,"timestamp":1771313138687}
{"symbol":"SOLARINDS-EQ","action":"SELL","price":11166.36,"quantity":1,"pnl":-532.1049999999996,"timestamp":1771313138693}
{"symbol":"BAJAJHFL-EQ","action":"SELL","price":92.4,"quantity":1,"pnl":5.820000000000007,"timestamp":1771313138704}
{"symbol":"PFC-EQ","action":"SELL","price":501.83,"quantity":1,"pnl":50.129999999999995,"timestamp":1771313139671}
{"symbol":"HINDZINC-EQ","action":"SELL","price":643.86,"quantity":1,"pnl":50.71000000000015,"timestamp":1771313139683}
{"symbol":"DIVISLAB-EQ","action":"SELL","price":7181.62,"quantity":1,"pnl":623.0766666666668,"timestamp":1771313142691}
{"symbol":"MOTHERSON-EQ","action":"SELL","price":145.52,"quantity":1,"pnl":5.295000000000016,"timestamp":1771313142699}
{"symbol":"ABB-EQ","action":"SELL","price":5746.77,"quantity":1,"pnl":278.1400000000003,"timestamp":1771313142706}
{"symbol":"TVSMOTOR-EQ","action":"SELL","price":3641.31,"quantity":1,"pnl":-493.4775000000004,"timestamp":1771313143699}
{"symbol":"BAJAJHLDNG-EQ","action":"SELL","price":13310.17,"quantity":1,"pnl":4372.33,"timestamp":1771313143709}
{"symbol":"GODREJCP-EQ","action":"BUY","price":918.33,"quantity":1,"timestamp":1771313145721}
{"symbol":"LTIM-EQ","action":"BUY","price":4799.9,"quantity":1,"timestamp":1771313146727}
{"symbol":"HAVELLS-EQ","action":"BUY","price":1346.12,"quantity":1,"timestamp":1771313146737}
{"symbol":"GODREJCP-EQ","action":"SELL","price":966.48,"quantity":1,"pnl":-118.46399999999994,"timestamp":1771313148743}
{"symbol":"HAL-EQ","action":"SELL","price":4746.62,"quantity":1,"pnl":556.9316666666664,"timestamp":1771313149757}
{"symbol":"SHREECEM-EQ","action":"SELL","price":28536.96,"quantity":1,"pnl":2164.75,"timestamp":1771313149769}
{"symbol":"VBL-EQ","action":"SELL","price":570.38,"quantity":1,"pnl":43.719999999999914,"timestamp":1771313151787}
{"symbol":"BANKBARODA-EQ","action":"SELL","price":266.99,"quantity":1,"pnl":-12.253750000000025,"timestamp":1771313151795}
{"symbol":"CHOLAFIN-EQ","action":"SELL","price":1194.6,"quantity":1,"pnl":-204.15571428571457,"timestamp":1771313152798}
{"symbol":"HAVELLS-EQ","action":"SELL","price":1431.08,"quantity":1,"pnl":-37.46666666666647,"timestamp":1771313152812}
{"symbol":"IRFC-EQ","action":"SELL","price":107.63,"quantity":1,"pnl":0.43625000000000114,"timestamp":1771313152818}
{"symbol":"TATAPOWER-EQ","action":"SELL","price":528.28,"quantity":1,"pnl":25.519999999999982,"timestamp":1771313153814}
{"symbol":"MAZDOCK-EQ","action":"SELL","price":2510.54,"quantity":1,"pnl":173.73999999999978,"timestamp":1771313153824}
{"symbol":"LTIM-EQ","action":"SELL","price":5137.44,"quantity":1,"pnl":-151.63749999999982,"timestamp":1771313154818}
{"symbol":"GODREJCP-EQ","action":"SELL","price":1021.53,"quantity":1,"pnl":-63.41399999999999,"timestamp":1771313154825}
{"symbol":"AMBUJACEM-EQ","action":"SELL","price":505.79,"quantity":1,"pnl":24.92500000000001,"timestamp":1771313155827}
{"symbol":"ICICIGI-EQ","action":"SELL","price":1315.98,"quantity":1,"pnl":-312.5899999999999,"timestamp":1771313156825}
{"symbol":"HINDZINC-EQ","action":"SELL","price":645.67,"quantity":1,"pnl":52.520000000000095,"timestamp":1771313156834}
{"symbol":"MOTHERSON-EQ","action":"BUY","price":144.5,"quantity":1,"timestamp":1771313158840}
{"symbol":"VEDL-EQ","action":"BUY","price":900.81,"quantity":1,"timestamp":1771313159843}
{"symbol":"BANKBARODA-EQ","action":"BUY","price":250.94,"quantity":1,"timestamp":1771313159852}
{"symbol":"ZYDUSLIFE-EQ","action":"SELL","price":877.63,"quantity":1,"pnl":35.20500000000004,"timestamp":1771313160854}
{"symbol":"BRITANNIA-EQ","action":"BUY","price":5251.74,"quantity":1,"timestamp":1771313161848}
{"symbol":"BAJAJHLDNG-EQ","action":"BUY","price":13281.02,"quantity":1,"timestamp":1771313161856}
{"symbol":"PNB-EQ","action":"BUY","price":99.92,"quantity":1,"timestamp":1771313161863}
{"symbol":"VBL-EQ","action":"BUY","price":539.34,"quantity":1,"timestamp":1771313162850}
{"symbol":"PFC-EQ","action":"BUY","price":468.55,"quantity":1,"timestamp":1771313162858}
{"symbol":"ADANIPOWER-EQ","action":"BUY","price":123.44,"quantity":1,"timestamp":1771313163855}
{"symbol":"LODHA-EQ","action":"BUY","price":1166.48,"quantity":1,"timestamp":1771313163862}
{"symbol":"GAIL-EQ","action":"BUY","price":168.25,"quantity":1,"timestamp":1771313164855}
{"symbol":"TVSMOTOR-EQ","action":"SELL","price":4044.08,"quantity":1,"pnl":-90.70750000000044,"timestamp":1771313168875}
{"symbol":"GAIL-EQ","action":"SELL","price":176.82,"quantity":1,"pnl":8.569999999999993,"timestamp":1771313168884}
{"symbol":"HAVELLS-EQ","action":"BUY","price":1350.36,"quantity":1,"timestamp":1771313171895}
{"symbol":"ADANIGREEN-EQ","action":"BUY","price":765.95,"quantity":1,"timestamp":1771313173923}
{"symbol":"VEDL-EQ","action":"SELL","price":898.56,"quantity":1,"pnl":-2.25,"timestamp":1771313174933}
{"symbol":"VBL-EQ","action":"SELL","price":578.72,"quantity":1,"pnl":45.72000000000003,"timestamp":1771313174945}
{"symbol":"GODREJCP-EQ","action":"SELL","price":1009.94,"quantity":1,"pnl":-75.0039999999999,"timestamp":1771313174952}
{"symbol":"TORNTPHARM-EQ","action":"SELL","price":3402.29,"quantity":1,"pnl":151.92714285714283,"timestamp":1771313174957}
{"symbol":"BANKBARODA-EQ","action":"SELL","price":296.19,"quantity":1,"pnl":24.022187499999973,"timestamp":1771313175950}
{"symbol":"MOTHERSON-EQ","action":"SELL","price":152.28,"quantity":1,"pnl":9.91749999999999,"timestamp":1771313175958}
{"symbol":"DMART-EQ","action":"SELL","price":3863.08,"quantity":1,"pnl":340.8325,"timestamp":1771313177977}
{"symbol":"GODREJCP-EQ","action":"SELL","price":1086.1,"quantity":1,"pnl":1.155999999999949,"timestamp":1771313177983}
{"symbol":"ADANIENSOL-EQ","action":"BUY","price":766.43,"quantity":1,"timestamp":1771313178985}
{"symbol":"HINDZINC-EQ","action":"BUY","price":614.51,"quantity":1,"timestamp":1771313178990}
{"symbol":"CGPOWER-EQ","action":"BUY","price":421.83,"quantity":1,"timestamp":1771313179989}
{"symbol":"SIEMENS-EQ","action":"BUY","price":2684.48,"quantity":1,"timestamp":1771313180000}
{"symbol":"RECLTD-EQ","action":"BUY","price":473.2,"quantity":1,"timestamp":1771313180998}
{"symbol":"DLF-EQ","action":"SELL","price":616.81,"quantity":1,"pnl":101.94999999999993,"timestamp":1771313182009}
{"symbol":"IOC-EQ","action":"SELL","price":183.29,"quantity":1,"pnl":13.412499999999994,"timestamp":1771313183015}
{"symbol":"DMART-EQ","action":"SELL","price":4087.83,"quantity":1,"pnl":565.5825,"timestamp":1771313185026}
{"symbol":"PNB-EQ","action":"SELL","price":104.94,"quantity":1,"pnl":-6.38333333333334,"timestamp":1771313185037}
{"symbol":"HYUNDAI-EQ","action":"SELL","price":3723.1,"quantity":1,"pnl":403.94000000000005,"timestamp":1771313185042}
{"symbol":"HINDZINC-EQ","action":"SELL","price":648.46,"quantity":1,"pnl":33.950000000000045,"timestamp":1771313185049}
{"symbol":"TATAPOWER-EQ","action":"SELL","price":567.57,"quantity":1,"pnl":64.81000000000006,"timestamp":1771313186026}
{"symbol":"NAUKRI-EQ","action":"SELL","price":1376.65,"quantity":1,"pnl":120.53749999999991,"timestamp":1771313186037}
{"symbol":"GODREJCP-EQ","action":"SELL","price":1148.4,"quantity":1,"pnl":63.45600000000013,"timestamp":1771313186089}
{"symbol":"LTIM-EQ","action":"SELL","price":5130.3,"quantity":1,"pnl":-158.77749999999924,"timestamp":1771313187040}
{"symbol":"JINDALSTEL-EQ","action":"SELL","price":1108.8,"quantity":1,"pnl":-76.31999999999994,"timestamp":1771313187047}
{"symbol":"ICICIGI-EQ","action":"SELL","price":1555.06,"quantity":1,"pnl":-73.50999999999999,"timestamp":1771313188046}
{"symbol":"CGPOWER-EQ","action":"SELL","price":446.34,"quantity":1,"pnl":-39.837500000000034,"timestamp":1771313189052}
{"symbol":"BOSCHLTD-EQ","action":"SELL","price":39779.81,"quantity":1,"pnl":-9862.025000000009,"timestamp":1771313189058}
{"symbol":"MOTHERSON-EQ","action":"SELL","price":161.39,"quantity":1,"pnl":19.027499999999975,"timestamp":1771313191069}
{"symbol":"IRFC-EQ","action":"SELL","price":121.46,"quantity":1,"pnl":14.266250000000014,"timestamp":1771313191080}
{"symbol":"BANKBARODA-EQ","action":"BUY","price":280.3,"quantity":1,"timestamp":1771313192079}
{"symbol":"HAVELLS-EQ","action":"BUY","price":1196.45,"quantity":1,"timestamp":1771313192087}
{"symbol":"BAJAJHFL-EQ","action":"BUY","price":83.53,"quantity":1,"timestamp":1771313194096}
{"symbol":"VBL-EQ","action":"BUY","price":545.85,"quantity":1,"timestamp":1771313195101}
{"symbol":"TORNTPHARM-EQ","action":"SELL","price":3425.77,"quantity":1,"pnl":175.4071428571424,"timestamp":1771313196116}
{"symbol":"ICICIGI-EQ","action":"SELL","price":1643.17,"quantity":1,"pnl":14.600000000000136,"timestamp":1771313197125}
{"symbol":"IRFC-EQ","action":"SELL","price":127.8,"quantity":1,"pnl":20.606250000000003,"timestamp":1771313198138}
{"symbol":"LTIM-EQ","action":"SELL","price":5482.66,"quantity":1,"pnl":193.58250000000044,"timestamp":1771313200146}
{"symbol":"BAJAJHLDNG-EQ","action":"SELL","price":13471.56,"quantity":1,"pnl":2362.129999999999,"timestamp":1771313200152}
{"symbol":"SIEMENS-EQ","action":"SELL","price":2687.57,"quantity":1,"pnl":-124.43333333333294,"timestamp":1771313200159}
{"symbol":"ADANIPOWER-EQ","action":"SELL","price":113.95,"quantity":1,"pnl":-9.489999999999995,"timestamp":1771313202187}
{"symbol":"PFC-EQ","action":"SELL","price":497.06,"quantity":1,"pnl":28.50999999999999,"timestamp":1771313204204}
{"symbol":"CHOLAFIN-EQ","action":"BUY","price":1049.73,"quantity":1,"timestamp":1771313208222}
{"symbol":"BRITANNIA-EQ","action":"BUY","price":4565.3,"quantity":1,"timestamp":1771313209226}
{"symbol":"UNITDSPR-EQ","action":"BUY","price":1333.39,"quantity":1,"timestamp":1771313209235}
{"symbol":"BOSCHLTD-EQ","action":"BUY","price":35679.08,"quantity":1,"timestamp":1771313209241}
{"symbol":"MAZDOCK-EQ","action":"BUY","price":2523.95,"quantity":1,"timestamp":1771313209247}
{"symbol":"ZYDUSLIFE-EQ","action":"BUY","price":785.71,"quantity":1,"timestamp":1771313210247}
{"symbol":"ICICIGI-EQ","action":"BUY","price":1633.71,"quantity":1,"timestamp":1771313211248}
{"symbol":"CHOLAFIN-EQ","action":"BUY","price":987.3,"quantity":1,"timestamp":1771313213261}
{"symbol":"TORNTPHARM-EQ","action":"BUY","price":3200.84,"quantity":1,"timestamp":1771313213270}
{"symbol":"AMBUJACEM-EQ","action":"BUY","price":447.95,"quantity":1,"timestamp":1771313213275}
{"symbol":"HYUNDAI-EQ","action":"BUY","price":3348.74,"quantity":1,"timestamp":1771313213279}
{"symbol":"HINDZINC-EQ","action":"BUY","price":575.79,"quantity":1,"timestamp":1771313213283}
{"symbol":"LICI-EQ","action":"BUY","price":759.17,"quantity":1,"timestamp":1771313213288}
{"symbol":"NAUKRI-EQ","action":"BUY","price":1307.06,"quantity":1,"timestamp":1771313214266}
{"symbol":"JINDALSTEL-EQ","action":"BUY","price":1040.08,"quantity":1,"timestamp":1771313214274}
{"symbol":"IOC-EQ","action":"BUY","price":173.59,"quantity":1,"timestamp":1771313215274}
{"symbol":"INDHOTEL-EQ","action":"BUY","price":554.4,"quantity":1,"timestamp":1771313216284}
{"symbol":"TORNTPHARM-EQ","action":"BUY","price":3023.89,"quantity":1,"timestamp":1771313217293}
{"symbol":"SIEMENS-EQ","action":"BUY","price":2542.21,"quantity":1,"timestamp":1771313217300}
{"symbol":"BAJAJHFL-EQ","action":"BUY","price":79.06,"quantity":1,"timestamp":1771313218299}
{"symbol":"SIEMENS-EQ","action":"SELL","price":2701.2,"quantity":1,"pnl":-43.35499999999956,"timestamp":1771313220314}
{"symbol":"AMBUJACEM-EQ","action":"SELL","price":478.28,"quantity":1,"pnl":13.872499999999945,"timestamp":1771313221315}
{"symbol":"MAZDOCK-EQ","action":"SELL","price":2697.88,"quantity":1,"pnl":173.9300000000003,"timestamp":1771313221321}
{"symbol":"LICI-EQ","action":"SELL","price":811.68,"quantity":1,"pnl":52.50999999999999,"timestamp":1771313221325}
{"symbol":"NAUKRI-EQ","action":"SELL","price":1387.32,"quantity":1,"pnl":105.73374999999987,"timestamp":1771313222318}
{"symbol":"DLF-EQ","action":"SELL","price":613.46,"quantity":1,"pnl":98.60000000000014,"timestamp":1771313223329}
{"symbol":"LTIM-EQ","action":"SELL","price":5522,"quantity":1,"pnl":232.92250000000058,"timestamp":1771313224337}
{"symbol":"ICICIGI-EQ","action":"SELL","price":1818.12,"quantity":1,"pnl":187.83666666666636,"timestamp":1771313224343}
{"symbol":"JINDALSTEL-EQ","action":"SELL","price":1106.47,"quantity":1,"pnl":66.3900000000001,"timestamp":1771313224349}
{"symbol":"TVSMOTOR-EQ","action":"BUY","price":3791,"quantity":1,"timestamp":1771313226346}
{"symbol":"BRITANNIA-EQ","action":"BUY","price":4260.82,"quantity":1,"timestamp":1771313226353}
{"symbol":"HINDZINC-EQ","action":"BUY","price":544.67,"quantity":1,"timestamp":1771313226360}
{"symbol":"PIDILITIND-EQ","action":"SELL","price":1311.78,"quantity":1,"pnl":-130.83500000000004,"timestamp":1771313231379}
{"symbol":"INDHOTEL-EQ","action":"SELL","price":583.1,"quantity":1,"pnl":-7.758333333333212,"timestamp":1771313232378}
{"symbol":"PNB-EQ","action":"SELL","price":110.22,"quantity":1,"pnl":-1.103333333333353,"timestamp":1771313235398}
{"symbol":"HYUNDAI-EQ","action":"SELL","price":3532.69,"quantity":1,"pnl":183.95000000000027,"timestamp":1771313235404}
{"symbol":"IOC-EQ","action":"SELL","price":182.42,"quantity":1,"pnl":10.686250000000001,"timestamp":1771313236399}
{"symbol":"RECLTD-EQ","action":"SELL","price":438.59,"quantity":1,"pnl":-34.610000000000014,"timestamp":1771313237405}
{"symbol":"ICICIGI-EQ","action":"BUY","price":1724.83,"quantity":1,"timestamp":1771313239413}
{"symbol":"IRFC-EQ","action":"BUY","price":106.74,"quantity":1,"timestamp":1771313239420}
{"symbol":"UNITDSPR-EQ","action":"SELL","price":1302.16,"quantity":1,"pnl":-31.230000000000018,"timestamp":1771313240420}
{"symbol":"TVSMOTOR-EQ","action":"SELL","price":4009.78,"quantity":1,"pnl":-10.41166666666686,"timestamp":1771313241421}
{"symbol":"SOLARINDS-EQ","action":"SELL","price":10524.14,"quantity":1,"pnl":-1174.3250000000025,"timestamp":1771313242434}
{"symbol":"ICICIGI-EQ","action":"SELL","price":1833.47,"quantity":1,"pnl":171.67111111111126,"timestamp":1771313243436}
{"symbol":"AMBUJACEM-EQ","action":"SELL","price":504.3,"quantity":1,"pnl":39.892499999999984,"timestamp":1771313243442}
{"symbol":"LODHA-EQ","action":"SELL","price":1231.02,"quantity":1,"pnl":155.92562499999985,"timestamp":1771313243447}
{"symbol":"DIVISLAB-EQ","action":"SELL","price":8180.51,"quantity":1,"pnl":1621.9666666666672,"timestamp":1771313246445}
{"symbol":"DLF-EQ","action":"SELL","price":645.66,"quantity":1,"pnl":130.80000000000007,"timestamp":1771313247459}
{"symbol":"HAVELLS-EQ","action":"SELL","price":1120.36,"quantity":1,"pnl":-250.61583333333328,"timestamp":1771313247464}
{"symbol":"HINDZINC-EQ","action":"SELL","price":542.79,"quantity":1,"pnl":-17.440000000000055,"timestamp":1771313247472}
{"symbol":"ADANIGREEN-EQ","action":"SELL","price":777.78,"quantity":1,"pnl":-27.725000000000023,"timestamp":1771313250486}
{"symbol":"BAJAJHFL-EQ","action":"SELL","price":78.32,"quantity":1,"pnl":-2.9750000000000085,"timestamp":1771313250493}
{"symbol":"BRITANNIA-EQ","action":"SELL","price":4475.89,"quantity":1,"pnl":-216.72999999999956,"timestamp":1771313252500}
{"symbol":"INDHOTEL-EQ","action":"SELL","price":617.75,"quantity":1,"pnl":26.89166666666665,"timestamp":1771313255524}
{"symbol":"ZYDUSLIFE-EQ","action":"SELL","price":876.81,"quantity":1,"pnl":91.09999999999991,"timestamp":1771313256540}
{"symbol":"ADANIGREEN-EQ","action":"BUY","price":738.45,"quantity":1,"timestamp":1771313257553}
{"symbol":"LODHA-EQ","action":"SELL","price":1227.8,"quantity":1,"pnl":152.70562499999983,"timestamp":1771313260577}
{"symbol":"IRFC-EQ","action":"SELL","price":112.42,"quantity":1,"pnl":5.453125000000014,"timestamp":1771313262598}
{"symbol":"CHOLAFIN-EQ","action":"SELL","price":920.74,"quantity":1,"pnl":-382.9555357142856,"timestamp":1771313263595}
{"symbol":"SIEMENS-EQ","action":"SELL","price":2513.46,"quantity":1,"pnl":-231.0949999999989,"timestamp":1771313264604}
{"symbol":"ABB-EQ","action":"BUY","price":5053.44,"quantity":1,"timestamp":1771313265614}
{"symbol":"ADANIENSOL-EQ","action":"SELL","price":752.87,"quantity":1,"pnl":-9.800000000000068,"timestamp":1771313268637}
{"symbol":"ABB-EQ","action":"SELL","price":5307.04,"quantity":1,"pnl":253.60000000000036,"timestamp":1771313268643}
{"symbol":"CHOLAFIN-EQ","action":"SELL","price":979.09,"quantity":1,"pnl":-324.60553571428557,"timestamp":1771313269635}
{"symbol":"DIVISLAB-EQ","action":"BUY","price":7745.12,"quantity":1,"timestamp":1771313270648}
{"symbol":"JINDALSTEL-EQ","action":"BUY","price":1105.14,"quantity":1,"timestamp":1771313271658}
{"symbol":"BPCL-EQ","action":"BUY","price":403.98,"quantity":1,"timestamp":1771313272661}
{"symbol":"BANKBARODA-EQ","action":"BUY","price":191.9,"quantity":1,"timestamp":1771313272668}
{"symbol":"LTIM-EQ","action":"BUY","price":4609.62,"quantity":1,"timestamp":1771313272672}
{"symbol":"JSWENERGY-EQ","action":"BUY","price":525.89,"quantity":1,"timestamp":1771313272679}
{"symbol":"BOSCHLTD-EQ","action":"BUY","price":32110.27,"quantity":1,"timestamp":1771313273675}
{"symbol":"ADANIPOWER-EQ","action":"BUY","price":126.18,"quantity":1,"timestamp":1771313274679}
{"symbol":"INDHOTEL-EQ","action":"SELL","price":661.12,"quantity":1,"pnl":70.26166666666666,"timestamp":1771313276693}
{"symbol":"BAJAJHLDNG-EQ","action":"SELL","price":14174.36,"quantity":1,"pnl":3064.9300000000003,"timestamp":1771313276700}
{"symbol":"ADANIENSOL-EQ","action":"SELL","price":793.13,"quantity":1,"pnl":30.459999999999923,"timestamp":1771313276705}
{"symbol":"JINDALSTEL-EQ","action":"SELL","price":1161.01,"quantity":1,"pnl":55.86999999999989,"timestamp":1771313277703}
{"symbol":"SOLARINDS-EQ","action":"SELL","price":11899.69,"quantity":1,"pnl":201.22500000000036,"timestamp":1771313277711}
{"symbol":"DIVISLAB-EQ","action":"SELL","price":8175.2,"quantity":1,"pnl":430.0799999999999,"timestamp":1771313279718}
{"symbol":"CGPOWER-EQ","action":"SELL","price":469.7,"quantity":1,"pnl":-16.47750000000002,"timestamp":1771313279726}
{"symbol":"TORNTPHARM-EQ","action":"SELL","price":2674.9,"quantity":1,"pnl":-536.0348979591836,"timestamp":1771313280728}
{"symbol":"BPCL-EQ","action":"SELL","price":424.48,"quantity":1,"pnl":20.5,"timestamp":1771313281730}
{"symbol":"VBL-EQ","action":"SELL","price":573.7,"quantity":1,"pnl":34.27500000000009,"timestamp":1771313281736}
{"symbol":"BANKBARODA-EQ","action":"SELL","price":201.87,"quantity":1,"pnl":-55.87068750000003,"timestamp":1771313281745}
{"symbol":"HAL-EQ","action":"BUY","price":4992.79,"quantity":1,"timestamp":1771313282742}
{"symbol":"BANKBARODA-EQ","action":"SELL","price":212.18,"quantity":1,"pnl":-45.56068750000003,"timestamp":1771313284753}
{"symbol":"HINDZINC-EQ","action":"SELL","price":507.86,"quantity":1,"pnl":-52.370000000000005,"timestamp":1771313285768}
{"symbol":"TATAPOWER-EQ","action":"BUY","price":590.67,"quantity":1,"timestamp":1771313287772}
{"symbol":"JSWENERGY-EQ","action":"BUY","price":514.23,"quantity":1,"timestamp":1771313287782}
{"symbol":"MAZDOCK-EQ","action":"BUY","price":2098.99,"quantity":1,"timestamp":1771313287787}
{"symbol":"LICI-EQ","action":"BUY","price":861.18,"quantity":1,"timestamp":1771313287831}
{"symbol":"INDHOTEL-EQ","action":"BUY","price":625,"quantity":1,"timestamp":1771313288778}
{"symbol":"ABB-EQ","action":"BUY","price":4980.11,"quantity":1,"timestamp":1771313288788}
{"symbol":"SOLARINDS-EQ","action":"SELL","price":12701.62,"quantity":1,"pnl":1003.1550000000007,"timestamp":1771313289787}
{"symbol":"LODHA-EQ","action":"SELL","price":1225.63,"quantity":1,"pnl":150.53562499999998,"timestamp":1771313291808}
{"symbol":"PIDILITIND-EQ","action":"BUY","price":1310.57,"quantity":1,"timestamp":1771313293822}
{"symbol":"ICICIGI-EQ","action":"BUY","price":1538.86,"quantity":1,"timestamp":1771313293830}
{"symbol":"JSWENERGY-EQ","action":"BUY","price":487.61,"quantity":1,"timestamp":1771313293838}
{"symbol":"VEDL-EQ","action":"BUY","price":1001.21,"quantity":1,"timestamp":1771313294827}
{"symbol":"MAZDOCK-EQ","action":"BUY","price":1979.1,"quantity":1,"timestamp":1771313294839}
{"symbol":"VBL-EQ","action":"BUY","price":539.52,"quantity":1,"timestamp":1771313295830}
{"symbol":"LTIM-EQ","action":"BUY","price":4350.2,"quantity":1,"timestamp":1771313295837}
{"symbol":"CGPOWER-EQ","action":"BUY","price":444.51,"quantity":1,"timestamp":1771313295843}
{"symbol":"TVSMOTOR-EQ","action":"BUY","price":3521.34,"quantity":1,"timestamp":1771313296839}
{"symbol":"BRITANNIA-EQ","action":"BUY","price":4522.07,"quantity":1,"timestamp":1771313297856}
{"symbol":"DMART-EQ","action":"BUY","price":3919.17,"quantity":1,"timestamp":1771313297862}
{"symbol":"SIEMENS-EQ","action":"BUY","price":2386.58,"quantity":1,"timestamp":1771313298862}
{"symbol":"ABB-EQ","action":"BUY","price":4730.19,"quantity":1,"timestamp":1771313298868}
{"symbol":"TATAPOWER-EQ","action":"BUY","price":590.72,"quantity":1,"timestamp":1771313299870}
{"symbol":"DLF-EQ","action":"BUY","price":579.61,"quantity":1,"timestamp":1771313299876}
{"symbol":"AMBUJACEM-EQ","action":"BUY","price":532.66,"quantity":1,"timestamp":1771313299882}
{"symbol":"VBL-EQ","action":"BUY","price":506.7,"quantity":1,"timestamp":1771313301881}
{"symbol":"PFC-EQ","action":"BUY","price":531.88,"quantity":1,"timestamp":1771313301887}
{"symbol":"JSWENERGY-EQ","action":"BUY","price":462.52,"quantity":1,"timestamp":1771313301894}
{"symbol":"ENRIN-EQ","action":"BUY","price":2609.89,"quantity":1,"timestamp":1771313301899}
{"symbol":"UNITDSPR-EQ","action":"BUY","price":1453.75,"quantity":1,"timestamp":1771313302897}
{"symbol":"SHREECEM-EQ","action":"BUY","price":31906.76,"quantity":1,"timestamp":1771313302901}
{"symbol":"ADANIPOWER-EQ","action":"BUY","price":112.31,"quantity":1,"timestamp":1771313303899}
{"symbol":"GODREJCP-EQ","action":"BUY","price":1481.22,"quantity":1,"timestamp":1771313304909}
{"symbol":"BRITANNIA-EQ","action":"SELL","price":4794.34,"quantity":1,"pnl":158.5699999999997,"timestamp":1771313307942}
{"symbol":"ADANIPOWER-EQ","action":"SELL","price":118.48,"quantity":1,"pnl":-0.7650000000000006,"timestamp":1771313307948}
{"symbol":"VEDL-EQ","action":"SELL","price":1070.81,"quantity":1,"pnl":69.59999999999991,"timestamp":1771313308948}
{"symbol":"CGPOWER-EQ","action":"SELL","price":474.6,"quantity":1,"pnl":2.3116666666666674,"timestamp":1771313308957}
{"symbol":"IRFC-EQ","action":"BUY","price":121.35,"quantity":1,"timestamp":1771313311974}
{"symbol":"MAZDOCK-EQ","action":"BUY","price":1872.81,"quantity":1,"timestamp":1771313311979}
{"symbol":"BAJAJHFL-EQ","action":"BUY","price":72.59,"quantity":1,"timestamp":1771313312985}
{"symbol":"VBL-EQ","action":"SELL","price":570.79,"quantity":1,"pnl":42.241666666666674,"timestamp":1771313315988}
{"symbol":"GODREJCP-EQ","action":"SELL","price":1561.54,"quantity":1,"pnl":80.31999999999994,"timestamp":1771313316993}
{"symbol":"PIDILITIND-EQ","action":"SELL","price":1459.95,"quantity":1,"pnl":149.3800000000001,"timestamp":1771313318006}
{"symbol":"CGPOWER-EQ","action":"BUY","price":446.21,"quantity":1,"timestamp":1771313319020}
{"symbol":"JSWENERGY-EQ","action":"BUY","price":434.48,"quantity":1,"timestamp":1771313320023}
{"symbol":"TVSMOTOR-EQ","action":"BUY","price":3332.27,"quantity":1,"timestamp":1771313322022}
{"symbol":"VEDL-EQ","action":"BUY","price":958.71,"quantity":1,"timestamp":1771313323036}
{"symbol":"BANKBARODA-EQ","action":"BUY","price":180.14,"quantity":1,"timestamp":1771313323044}
{"symbol":"SHREECEM-EQ","action":"BUY","price":32165.16,"quantity":1,"timestamp":1771313323053}
{"symbol":"BOSCHLTD-EQ","action":"BUY","price":28646.48,"quantity":1,"timestamp":1771313325053}
{"symbol":"AMBUJACEM-EQ","action":"BUY","price":472.03,"quantity":1,"timestamp":1771313326051}
{"symbol":"GAIL-EQ","action":"BUY","price":177.18,"quantity":1,"timestamp":1771313327067}
{"symbol":"VEDL-EQ","action":"SELL","price":1006.94,"quantity":1,"pnl":48.23000000000002,"timestamp":1771313329087}
{"symbol":"MAZDOCK-EQ","action":"SELL","price":1994.07,"quantity":1,"pnl":10.436666666666724,"timestamp":1771313329100}
{"symbol":"HAL-EQ","action":"SELL","price":5534.05,"quantity":1,"pnl":541.2600000000002,"timestamp":1771313330096}
{"symbol":"ADANIGREEN-EQ","action":"SELL","price":842.64,"quantity":1,"pnl":70.66250000000002,"timestamp":1771313332105}
{"symbol":"LICI-EQ","action":"SELL","price":915.48,"quantity":1,"pnl":54.30000000000007,"timestamp":1771313333112}
{"symbol":"IOC-EQ","action":"SELL","price":237.63,"quantity":1,"pnl":65.89625000000001,"timestamp":1771313334122}
{"symbol":"IRFC-EQ","action":"SELL","price":129.35,"quantity":1,"pnl":15.191562500000003,"timestamp":1771313334133}
{"symbol":"ENRIN-EQ","action":"SELL","price":2756.13,"quantity":1,"pnl":146.24000000000024,"timestamp":1771313334137}
{"symbol":"CANBK-EQ","action":"BUY","price":124.77,"quantity":1,"timestamp":1771313336150}
{"symbol":"ICICIGI-EQ","action":"SELL","price":1530.27,"quantity":1,"pnl":-90.54925925925932,"timestamp":1771313338153}
{"symbol":"PFC-EQ","action":"SELL","price":543.14,"quantity":1,"pnl":11.259999999999991,"timestamp":1771313340166}
{"symbol":"CANBK-EQ","action":"SELL","price":131.43,"quantity":1,"pnl":-1.23888888888888,"timestamp":1771313340172}
{"symbol":"AMBUJACEM-EQ","action":"SELL","price":499.12,"quantity":1,"pnl":-3.224999999999966,"timestamp":1771313340243}
{"symbol":"JSWENERGY-EQ","action":"SELL","price":428.43,"quantity":1,"pnl":-56.51600000000002,"timestamp":1771313341175}
{"symbol":"SIEMENS-EQ","action":"SELL","price":2510.64,"quantity":1,"pnl":-114.58999999999969,"timestamp":1771313341181}
{"symbol":"BAJAJHFL-EQ","action":"SELL","price":68.05,"quantity":1,"pnl":-8.892499999999998,"timestamp":1771313342187}
{"symbol":"ADANIPOWER-EQ","action":"SELL","price":131.49,"quantity":1,"pnl":12.245000000000005,"timestamp":1771313344187}
{"symbol":"ICICIGI-EQ","action":"SELL","price":1618.64,"quantity":1,"pnl":-2.17925925925897,"timestamp":1771313344198}
{"symbol":"NAUKRI-EQ","action":"SELL","price":1479.26,"quantity":1,"pnl":197.67374999999993,"timestamp":1771313345186}
{"symbol":"PNB-EQ","action":"SELL","price":115.76,"quantity":1,"pnl":4.436666666666653,"timestamp":1771313345194}
{"symbol":"CGPOWER-EQ","action":"SELL","price":466.87,"quantity":1,"pnl":3.274444444444441,"timestamp":1771313345199}
{"symbol":"TORNTPHARM-EQ","action":"SELL","price":2878.39,"quantity":1,"pnl":-332.54489795918334,"timestamp":1771313346192}
{"symbol":"CHOLAFIN-EQ","action":"SELL","price":969.12,"quantity":1,"pnl":-334.5755357142858,"timestamp":1771313348196}
{"symbol":"ICICIGI-EQ","action":"SELL","price":1716.17,"quantity":1,"pnl":95.350740740741,"timestamp":1771313348206}
{"symbol":"IRFC-EQ","action":"SELL","price":136.31,"quantity":1,"pnl":22.15156250000001,"timestamp":1771313348212}
{"symbol":"JSWENERGY-EQ","action":"SELL","price":450.01,"quantity":1,"pnl":-34.936000000000035,"timestamp":1771313350213}
{"symbol":"MAZDOCK-EQ","action":"SELL","price":2113.59,"quantity":1,"pnl":129.95666666666693,"timestamp":1771313351230}
{"symbol":"CHOLAFIN-EQ","action":"SELL","price":1024.3,"quantity":1,"pnl":-279.39553571428564,"timestamp":1771313353236}
{"symbol":"BRITANNIA-EQ","action":"SELL","price":5754.83,"quantity":1,"pnl":1119.0599999999995,"timestamp":1771313353243}
{"symbol":"BANKBARODA-EQ","action":"SELL","price":179.72,"quantity":1,"pnl":-58.620515625000024,"timestamp":1771313353249}
{"symbol":"ADANIGREEN-EQ","action":"SELL","price":840.45,"quantity":1,"pnl":68.47250000000008,"timestamp":1771313353256}
{"symbol":"BRITANNIA-EQ","action":"SELL","price":6100.86,"quantity":1,"pnl":1465.0899999999992,"timestamp":1771313356256}
{"symbol":"CANBK-EQ","action":"SELL","price":140.79,"quantity":1,"pnl":8.121111111111105,"timestamp":1771313356263}
{"symbol":"LODHA-EQ","action":"SELL","price":1297.18,"quantity":1,"pnl":222.08562499999994,"timestamp":1771313357275}
{"symbol":"TVSMOTOR-EQ","action":"SELL","price":3313.59,"quantity":1,"pnl":-409.9083333333333,"timestamp":1771313358274}
{"symbol":"DMART-EQ","action":"SELL","price":3523.04,"quantity":1,"pnl":-396.1300000000001,"timestamp":1771313358281}
{"symbol":"CGPOWER-EQ","action":"SELL","price":463.41,"quantity":1,"pnl":-0.18555555555548153,"timestamp":1771313360297}
{"symbol":"INDHOTEL-EQ","action":"BUY","price":626.39,"quantity":1,"timestamp":1771313361302}
{"symbol":"HAVELLS-EQ","action":"BUY","price":758.1,"quantity":1,"timestamp":1771313361310}
{"symbol":"BOSCHLTD-EQ","action":"BUY","price":25430.02,"quantity":1,"timestamp":1771313361315}
{"symbol":"VEDL-EQ","action":"BUY","price":995.33,"quantity":1,"timestamp":1771313362310}
{"symbol":"AMBUJACEM-EQ","action":"BUY","price":447.2,"quantity":1,"timestamp":1771313362324}
{"symbol":"IRFC-EQ","action":"BUY","price":129.3,"quantity":1,"timestamp":1771313362334}
{"symbol":"BANKBARODA-EQ","action":"BUY","price":169.05,"quantity":1,"timestamp":1771313363319}
{"symbol":"TORNTPHARM-EQ","action":"BUY","price":2708.93,"quantity":1,"timestamp":1771313364332}
{"symbol":"ADANIGREEN-EQ","action":"BUY","price":792.91,"quantity":1,"timestamp":1771313364347}
{"symbol":"HYUNDAI-EQ","action":"BUY","price":4887.07,"quantity":1,"timestamp":1771313365347}
{"symbol":"INDHOTEL-EQ","action":"BUY","price":589.14,"quantity":1,"timestamp":1771313367357}
{"symbol":"TVSMOTOR-EQ","action":"BUY","price":3090.33,"quantity":1,"timestamp":1771313368362}
{"symbol":"CHOLAFIN-EQ","action":"BUY","price":971.98,"quantity":1,"timestamp":1771313368368}
{"symbol":"NAUKRI-EQ","action":"BUY","price":1470.04,"quantity":1,"timestamp":1771313369370}
{"symbol":"RECLTD-EQ","action":"BUY","price":517.27,"quantity":1,"timestamp":1771313370380}
{"symbol":"PNB-EQ","action":"BUY","price":109.77,"quantity":1,"timestamp":1771313370386}
{"symbol":"TVSMOTOR-EQ","action":"BUY","price":2899.59,"quantity":1,"timestamp":1771313371385}
{"symbol":"BPCL-EQ","action":"BUY","price":355.63,"quantity":1,"timestamp":1771313371391}
{"symbol":"PIDILITIND-EQ","action":"BUY","price":1384.74,"quantity":1,"timestamp":1771313371398}
{"symbol":"LICI-EQ","action":"BUY","price":859.28,"quantity":1,"timestamp":1771313372395}
{"symbol":"ADANIPOWER-EQ","action":"BUY","price":139.63,"quantity":1,"timestamp":1771313373399}
{"symbol":"BOSCHLTD-EQ","action":"BUY","price":23797.66,"quantity":1,"timestamp":1771313374419}
{"symbol":"TVSMOTOR-EQ","action":"BUY","price":2717.88,"quantity":1,"timestamp":1771313375422}
{"symbol":"GODREJCP-EQ","action":"BUY","price":1840.37,"quantity":1,"timestamp":1771313375433}
{"symbol":"LICI-EQ","action":"SELL","price":915.91,"quantity":1,"pnl":56.629999999999995,"timestamp":1771313376432}
{"symbol":"PIDILITIND-EQ","action":"BUY","price":1288.37,"quantity":1,"timestamp":1771313377429}
{"symbol":"SHREECEM-EQ","action":"BUY","price":25378.95,"quantity":1,"timestamp":1771313377445}
{"symbol":"ADANIGREEN-EQ","action":"BUY","price":792.67,"quantity":1,"timestamp":1771313377452}
{"symbol":"IOC-EQ","action":"BUY","price":209.62,"quantity":1,"timestamp":1771313378434}
{"symbol":"BOSCHLTD-EQ","action":"BUY","price":22545.04,"quantity":1,"timestamp":1771313378460}
{"symbol":"ADANIENSOL-EQ","action":"BUY","price":785.86,"quantity":1,"timestamp":1771313378523}
{"symbol":"DMART-EQ","action":"BUY","price":3310.36,"quantity":1,"timestamp":1771313379447}
{"symbol":"JINDALSTEL-EQ","action":"BUY","price":1008.06,"quantity":1,"timestamp":1771313379457}
{"symbol":"TATAPOWER-EQ","action":"BUY","price":623.68,"quantity":1,"timestamp":1771313380446}
{"symbol":"IRFC-EQ","action":"BUY","price":129.11,"quantity":1,"timestamp":1771313380454}
{"symbol":"BPCL-EQ","action":"BUY","price":336.94,"quantity":1,"timestamp":1771313381450}
{"symbol":"MOTHERSON-EQ","action":"BUY","price":164.09,"quantity":1,"timestamp":1771313381467}
{"symbol":"GODREJCP-EQ","action":"SELL","price":1937.38,"quantity":1,"pnl":97.01000000000022,"timestamp":1771313382458}
{"symbol":"DLF-EQ","action":"SELL","price":549.26,"quantity":1,"pnl":-30.350000000000023,"timestamp":1771313382468}
{"symbol":"HAVELLS-EQ","action":"SELL","price":861.44,"quantity":1,"pnl":-356.316875,"timestamp":1771313382473}
{"symbol":"VBL-EQ","action":"SELL","price":571.75,"quantity":1,"pnl":43.2016666666666,"timestamp":1771313383468}
{"symbol":"INDHOTEL-EQ","action":"SELL","price":583.85,"quantity":1,"pnl":-29.659999999999854,"timestamp":1771313383474}
{"symbol":"JINDALSTEL-EQ","action":"SELL","price":1065.88,"quantity":1,"pnl":57.820000000000164,"timestamp":1771313384488}
{"symbol":"HYUNDAI-EQ","action":"SELL","price":5153.95,"quantity":1,"pnl":266.8800000000001,"timestamp":1771313385493}
{"symbol":"ADANIPOWER-EQ","action":"BUY","price":132.06,"quantity":1,"timestamp":1771313386494}
{"symbol":"PNB-EQ","action":"BUY","price":101.97,"quantity":1,"timestamp":1771313386500}
{"symbol":"BAJAJHLDNG-EQ","action":"BUY","price":19842.42,"quantity":1,"timestamp":1771313387503}
{"symbol":"HAVELLS-EQ","action":"BUY","price":800.89,"quantity":1,"timestamp":1771313387512}
{"symbol":"BAJAJHFL-EQ","action":"BUY","price":61,"quantity":1,"timestamp":1771313388513}
{"symbol":"DMART-EQ","action":"SELL","price":3507.5,"quantity":1,"pnl":197.13999999999987,"timestamp":1771313390525}
{"symbol":"BPCL-EQ","action":"BUY","price":334.9,"quantity":1,"timestamp":1771313391536}
{"symbol":"LICI-EQ","action":"BUY","price":864.77,"quantity":1,"timestamp":1771313391549}
{"symbol":"MOTHERSON-EQ","action":"BUY","price":164.25,"quantity":1,"timestamp":1771313392553}
{"symbol":"HAVELLS-EQ","action":"BUY","price":757.57,"quantity":1,"timestamp":1771313392559}
{"symbol":"SIEMENS-EQ","action":"BUY","price":2346.92,"quantity":1,"timestamp":1771313392568}
{"symbol":"VBL-EQ","action":"BUY","price":534.75,"quantity":1,"timestamp":1771313393559}
{"symbol":"INDHOTEL-EQ","action":"BUY","price":545.66,"quantity":1,"timestamp":1771313394566}
{"symbol":"IOC-EQ","action":"BUY","price":197.14,"quantity":1,"timestamp":1771313394576}
{"symbol":"RECLTD-EQ","action":"BUY","price":491.01,"quantity":1,"timestamp":1771313394585}
{"symbol":"GODREJCP-EQ","action":"BUY","price":1937.42,"quantity":1,"timestamp":1771313395572}
{"symbol":"UNITDSPR-EQ","action":"BUY","price":1284.23,"quantity":1,"timestamp":1771313395578}
{"symbol":"BRITANNIA-EQ","action":"BUY","price":6444.38,"quantity":1,"timestamp":1771313396573}
{"symbol":"PFC-EQ","action":"BUY","price":579.07,"quantity":1,"timestamp":1771313396582}
{"symbol":"JINDALSTEL-EQ","action":"BUY","price":993.8,"quantity":1,"timestamp":1771313396590}
{"symbol":"ZYDUSLIFE-EQ","action":"BUY","price":1185.71,"quantity":1,"timestamp":1771313397584}
{"symbol":"ADANIPOWER-EQ","action":"SELL","price":138.79,"quantity":1,"pnl":2.944999999999993,"timestamp":1771313399590}
{"symbol":"TVSMOTOR-EQ","action":"SELL","price":3024.23,"quantity":1,"pnl":-288.8191666666671,"timestamp":1771313400599}
{"symbol":"PFC-EQ","action":"SELL","price":609.91,"quantity":1,"pnl":30.839999999999918,"timestamp":1771313400612}
{"symbol":"CGPOWER-EQ","action":"SELL","price":546.56,"quantity":1,"pnl":82.96444444444444,"timestamp":1771313401606}
{"symbol":"ZYDUSLIFE-EQ","action":"SELL","price":1253.2,"quantity":1,"pnl":67.49000000000001,"timestamp":1771313401618}
{"symbol":"IOC-EQ","action":"SELL","price":208.28,"quantity":1,"pnl":4.900000000000006,"timestamp":1771313402614}
{"symbol":"PIDILITIND-EQ","action":"SELL","price":1431.5,"quantity":1,"pnl":94.94500000000016,"timestamp":1771313402620}
{"symbol":"TVSMOTOR-EQ","action":"SELL","price":3192.83,"quantity":1,"pnl":-120.21916666666675,"timestamp":1771313404623}
{"symbol":"UNITDSPR-EQ","action":"SELL","price":1276.41,"quantity":1,"pnl":-92.57999999999993,"timestamp":1771313404636}
{"symbol":"JSWENERGY-EQ","action":"SELL","price":473.12,"quantity":1,"pnl":-11.826000000000079,"timestamp":1771313404641}
{"symbol":"ADANIENSOL-EQ","action":"SELL","price":886.82,"quantity":1,"pnl":100.96000000000004,"timestamp":1771313405631}
{"symbol":"LTIM-EQ","action":"SELL","price":5182.07,"quantity":1,"pnl":702.1599999999999,"timestamp":1771313406631}
{"symbol":"BAJAJHFL-EQ","action":"SELL","price":64.24,"quantity":1,"pnl":-4.731250000000003,"timestamp":1771313406644}
{"symbol":"INDHOTEL-EQ","action":"SELL","price":575.33,"quantity":1,"pnl":-15.563333333333276,"timestamp":1771313408642}
{"symbol":"ADANIGREEN-EQ","action":"SELL","price":836.61,"quantity":1,"pnl":43.82000000000005,"timestamp":1771313409647}
{"symbol":"SIEMENS-EQ","action":"SELL","price":2354.38,"quantity":1,"pnl":-178.07999999999947,"timestamp":1771313409657}
{"symbol":"IRFC-EQ","action":"BUY","price":127.91,"quantity":1,"timestamp":1771313411659}
{"symbol":"TVSMOTOR-EQ","action":"BUY","price":2983.16,"quantity":1,"timestamp":1771313412666}
{"symbol":"BPCL-EQ","action":"BUY","price":297.54,"quantity":1,"timestamp":1771313412678}
{"symbol":"TATAPOWER-EQ","action":"SELL","price":622.23,"quantity":1,"pnl":20.540000000000077,"timestamp":1771313413670}
{"symbol":"INDHOTEL-EQ","action":"SELL","price":609.57,"quantity":1,"pnl":18.676666666666847,"timestamp":1771313414673}
{"symbol":"RECLTD-EQ","action":"SELL","price":519.16,"quantity":1,"pnl":15.019999999999982,"timestamp":1771313415678}
{"symbol":"JINDALSTEL-EQ","action":"SELL","price":950.38,"quantity":1,"pnl":-43.41999999999996,"timestamp":1771313417701}
{"symbol":"BANKBARODA-EQ","action":"SELL","price":166.94,"quantity":1,"pnl":-54.077886718749994,"timestamp":1771313418697}
{"symbol":"AMBUJACEM-EQ","action":"SELL","price":538.65,"quantity":1,"pnl":63.8775,"timestamp":1771313418724}
{"symbol":"ABB-EQ","action":"SELL","price":5251.6,"quantity":1,"pnl":396.4500000000007,"timestamp":1771313418753}
{"symbol":"TVSMOTOR-EQ","action":"SELL","price":3136.18,"quantity":1,"pnl":-110.89133333333348,"timestamp":1771313419697}
{"symbol":"MOTHERSON-EQ","action":"SELL","price":172.66,"quantity":1,"pnl":8.48999999999998,"timestamp":1771313419715}
{"symbol":"UNITDSPR-EQ","action":"SELL","price":1209.42,"quantity":1,"pnl":-159.56999999999994,"timestamp":1771313419733}
{"symbol":"MAZDOCK-EQ","action":"SELL","price":1978.61,"quantity":1,"pnl":-5.023333333333312,"timestamp":1771313419748}
{"symbol":"CANBK-EQ","action":"SELL","price":141.96,"quantity":1,"pnl":9.291111111111121,"timestamp":1771313420709}
{"symbol":"BANKBARODA-EQ","action":"SELL","price":175.35,"quantity":1,"pnl":-45.66788671875,"timestamp":1771313421714}
{"symbol":"HAVELLS-EQ","action":"SELL","price":801.96,"quantity":1,"pnl":-240.386125,"timestamp":1771313421724}
{"symbol":"ADANIGREEN-EQ","action":"SELL","price":838.06,"quantity":1,"pnl":45.26999999999998,"timestamp":1771313421732}
{"symbol":"INDHOTEL-EQ","action":"SELL","price":643.29,"quantity":1,"pnl":52.39666666666676,"timestamp":1771313422716}
{"symbol":"TORNTPHARM-EQ","action":"SELL","price":2846.44,"quantity":1,"pnl":-280.82741496598555,"timestamp":1771313422728}
{"symbol":"PNB-EQ","action":"SELL","price":107.25,"quantity":1,"pnl":1.3799999999999955,"timestamp":1771313423735}
{"symbol":"ABB-EQ","action":"SELL","price":5516.43,"quantity":1,"pnl":661.2800000000007,"timestamp":1771313423746}
{"symbol":"LTIM-EQ","action":"SELL","price":5527.61,"quantity":1,"pnl":1047.6999999999998,"timestamp":1771313424743}
{"symbol":"JSWENERGY-EQ","action":"SELL","price":442.3,"quantity":1,"pnl":-42.646000000000015,"timestamp":1771313424756}
{"symbol":"AMBUJACEM-EQ","action":"SELL","price":569.02,"quantity":1,"pnl":94.2475,"timestamp":1771313425763}
{"symbol":"IRFC-EQ","action":"SELL","price":134.55,"quantity":1,"pnl":5.776666666666671,"timestamp":1771313427774}
{"symbol":"DIVISLAB-EQ","action":"BUY","price":9719.71,"quantity":1,"timestamp":1771313428768}
{"symbol":"BANKBARODA-EQ","action":"BUY","price":166.47,"quantity":1,"timestamp":1771313428777}
{"symbol":"PNB-EQ","action":"BUY","price":101.51,"quantity":1,"timestamp":1771313429787}
{"symbol":"MAZDOCK-EQ","action":"BUY","price":1854.56,"quantity":1,"timestamp":1771313429801}
{"symbol":"VBL-EQ","action":"BUY","price":469.82,"quantity":1,"timestamp":1771313430785}
{"symbol":"CANBK-EQ","action":"BUY","price":134.01,"quantity":1,"timestamp":1771313430795}
{"symbol":"IOC-EQ","action":"BUY","price":195.31,"quantity":1,"timestamp":1771313431794}
{"symbol":"GODREJCP-EQ","action":"BUY","price":1832.25,"quantity":1,"timestamp":1771313431799}
{"symbol":"ADANIGREEN-EQ","action":"BUY","price":795.66,"quantity":1,"timestamp":1771313431810}
{"symbol":"ZYDUSLIFE-EQ","action":"BUY","price":1123.63,"quantity":1,"timestamp":1771313431816}
{"symbol":"HINDZINC-EQ","action":"BUY","price":431.55,"quantity":1,"timestamp":1771313432802}
{"symbol":"PFC-EQ","action":"BUY","price":608.29,"quantity":1,"timestamp":1771313433801}
{"symbol":"SHREECEM-EQ","action":"BUY","price":23294.46,"quantity":1,"timestamp":1771313436824}
{"symbol":"AMBUJACEM-EQ","action":"BUY","price":537.94,"quantity":1,"timestamp":1771313436829}
{"symbol":"IRFC-EQ","action":"BUY","price":127.24,"quantity":1,"timestamp":1771313436836}
{"symbol":"DIVISLAB-EQ","action":"BUY","price":9129.32,"quantity":1,"timestamp":1771313437831}
{"symbol":"SOLARINDS-EQ","action":"BUY","price":10822.45,"quantity":1,"timestamp":1771313437843}
{"symbol":"NAUKRI-EQ","action":"BUY","price":1393.53,"quantity":1,"timestamp":1771313438837}
{"symbol":"SIEMENS-EQ","action":"BUY","price":2105.56,"quantity":1,"timestamp":1771313438846}
{"symbol":"GODREJCP-EQ","action":"SELL","price":1931.89,"quantity":1,"pnl":47.055000000000064,"timestamp":1771313439835}
{"symbol":"ZYDUSLIFE-EQ","action":"SELL","price":1257.16,"quantity":1,"pnl":133.52999999999997,"timestamp":1771313439846}
{"symbol":"HINDZINC-EQ","action":"SELL","price":458.84,"quantity":1,"pnl":27.289999999999964,"timestamp":1771313440845}
{"symbol":"MOTHERSON-EQ","action":"BUY","price":175.4,"quantity":1,"timestamp":1771313442863}
{"symbol":"CHOLAFIN-EQ","action":"BUY","price":863.2,"quantity":1,"timestamp":1771313443864}
{"symbol":"DMART-EQ","action":"BUY","price":3743.07,"quantity":1,"timestamp":1771313444871}
{"symbol":"ADANIGREEN-EQ","action":"BUY","price":746.39,"quantity":1,"timestamp":1771313444884}
{"symbol":"MAZDOCK-EQ","action":"SELL","price":1972.01,"quantity":1,"pnl":117.45000000000005,"timestamp":1771313445881}
{"symbol":"BANKBARODA-EQ","action":"SELL","price":185.98,"quantity":1,"pnl":-16.855257812500014,"timestamp":1771313446885}
{"symbol":"HAVELLS-EQ","action":"SELL","price":856.27,"quantity":1,"pnl":-186.07612500000005,"timestamp":1771313446907}
{"symbol":"TATAPOWER-EQ","action":"SELL","price":576.06,"quantity":1,"pnl":-25.62999999999988,"timestamp":1771313447896}
{"symbol":"GODREJCP-EQ","action":"SELL","price":2031.52,"quantity":1,"pnl":146.68499999999995,"timestamp":1771313448902}
{"symbol":"RECLTD-EQ","action":"SELL","price":517.14,"quantity":1,"pnl":13,"timestamp":1771313448910}
{"symbol":"JSWENERGY-EQ","action":"SELL","price":470.61,"quantity":1,"pnl":-14.336000000000013,"timestamp":1771313449916}
{"symbol":"PIDILITIND-EQ","action":"SELL","price":1503.25,"quantity":1,"pnl":166.69500000000016,"timestamp":1771313450921}
{"symbol":"DMART-EQ","action":"SELL","price":4006.08,"quantity":1,"pnl":263.00999999999976,"timestamp":1771313451930}
{"symbol":"ADANIGREEN-EQ","action":"SELL","price":797.6,"quantity":1,"pnl":26.575000000000045,"timestamp":1771313451944}
{"symbol":"MOTHERSON-EQ","action":"SELL","price":185.01,"quantity":1,"pnl":15.224999999999966,"timestamp":1771313452936}
{"symbol":"BAJAJHFL-EQ","action":"SELL","price":68.02,"quantity":1,"pnl":-0.9512500000000017,"timestamp":1771313452944}
{"symbol":"SIEMENS-EQ","action":"BUY","price":1886.18,"quantity":1,"timestamp":1771313454963}
{"symbol":"PNB-EQ","action":"BUY","price":106.82,"quantity":1,"timestamp":1771313455966}
{"symbol":"PFC-EQ","action":"SELL","price":611.23,"quantity":1,"pnl":2.9400000000000546,"timestamp":1771313456969}
{"symbol":"DIVISLAB-EQ","action":"SELL","price":9650.1,"quantity":1,"pnl":225.58500000000095,"timestamp":1771313460999}
{"symbol":"VEDL-EQ","action":"BUY","price":688.14,"quantity":1,"timestamp":1771313465021}
{"symbol":"RECLTD-EQ","action":"BUY","price":510.41,"quantity":1,"timestamp":1771313465033}
{"symbol":"MAZDOCK-EQ","action":"BUY","price":1765.71,"quantity":1,"timestamp":1771313465042}
{"symbol":"SHREECEM-EQ","action":"BUY","price":23494.98,"quantity":1,"timestamp":1771313466037}
{"symbol":"HAL-EQ","action":"BUY","price":5501.52,"quantity":1,"timestamp":1771313467041}
{"symbol":"HAVELLS-EQ","action":"BUY","price":758.52,"quantity":1,"timestamp":1771313468049}
{"symbol":"JSWENERGY-EQ","action":"BUY","price":444.46,"quantity":1,"timestamp":1771313469059}
{"symbol":"TATAPOWER-EQ","action":"BUY","price":483.39,"quantity":1,"timestamp":1771313470061}
{"symbol":"BAJAJHLDNG-EQ","action":"BUY","price":16720.79,"quantity":1,"timestamp":1771313470073}
{"symbol":"SIEMENS-EQ","action":"BUY","price":1752.2,"quantity":1,"timestamp":1771313470079}
{"symbol":"ADANIENSOL-EQ","action":"BUY","price":781.81,"quantity":1,"timestamp":1771313471075}
{"symbol":"BPCL-EQ","action":"SELL","price":314.66,"quantity":1,"pnl":-16.592499999999916,"timestamp":1771313472081}
{"symbol":"MOTHERSON-EQ","action":"SELL","price":207.23,"quantity":1,"pnl":37.444999999999965,"timestamp":1771313472091}
{"symbol":"AMBUJACEM-EQ","action":"SELL","price":567.16,"quantity":1,"pnl":29.219999999999914,"timestamp":1771313472099}
{"symbol":"BOSCHLTD-EQ","action":"SELL","price":26798.88,"quantity":1,"pnl":-4322.603571428572,"timestamp":1771313472103}
{"symbol":"MAZDOCK-EQ","action":"SELL","price":1885.54,"quantity":1,"pnl":119.82999999999993,"timestamp":1771313472109}
{"symbol":"TORNTPHARM-EQ","action":"SELL","price":2715.29,"quantity":1,"pnl":-411.9774149659861,"timestamp":1771313474095}
{"symbol":"VBL-EQ","action":"SELL","price":525.42,"quantity":1,"pnl":14.380555555555532,"timestamp":1771313475093}
{"symbol":"BAJAJHLDNG-EQ","action":"SELL","price":17676.29,"quantity":1,"pnl":-605.3149999999987,"timestamp":1771313476098}
{"symbol":"NAUKRI-EQ","action":"SELL","price":1559.54,"quantity":1,"pnl":127.75500000000011,"timestamp":1771313477106}
{"symbol":"ADANIPOWER-EQ","action":"SELL","price":139.05,"quantity":1,"pnl":3.2050000000000125,"timestamp":1771313479125}
{"symbol":"SOLARINDS-EQ","action":"SELL","price":12875.33,"quantity":1,"pnl":2052.879999999999,"timestamp":1771313482148}
{"symbol":"TORNTPHARM-EQ","action":"SELL","price":2852.93,"quantity":1,"pnl":-274.3374149659862,"timestamp":1771313483159}
{"symbol":"BOSCHLTD-EQ","action":"SELL","price":28452.63,"quantity":1,"pnl":-2668.8535714285717,"timestamp":1771313488181}
{"symbol":"ADANIGREEN-EQ","action":"SELL","price":748.38,"quantity":1,"pnl":-22.644999999999982,"timestamp":1771313493213}
{"symbol":"SHREECEM-EQ","action":"SELL","price":23262.55,"quantity":1,"pnl":-3985.511999999999,"timestamp":1771313494219}
{"symbol":"CANBK-EQ","action":"SELL","price":142.15,"quantity":1,"pnl":8.140000000000015,"timestamp":1771313498249}
{"symbol":"CHOLAFIN-EQ","action":"SELL","price":851.88,"quantity":1,"pnl":-323.1136904761903,"timestamp":1771313500262}
{"symbol":"BAJAJHLDNG-EQ","action":"SELL","price":18634.87,"quantity":1,"pnl":353.2649999999994,"timestamp":1771313500270}
{"symbol":"ADANIENSOL-EQ","action":"SELL","price":744.73,"quantity":1,"pnl":-37.07999999999993,"timestamp":1771313500281}
{"symbol":"IRFC-EQ","action":"SELL","price":128.35,"quantity":1,"pnl":0.08777777777774531,"timestamp":1771313500288}
{"symbol":"IOC-EQ","action":"SELL","price":216.47,"quantity":1,"pnl":17.125,"timestamp":1771313501269}
{"symbol":"SIEMENS-EQ","action":"SELL","price":1851.36,"quantity":1,"pnl":-310.41200000000003,"timestamp":1771313504315}
{"symbol":"HINDZINC-EQ","action":"BUY","price":435.45,"quantity":1,"timestamp":1771313505309}
{"symbol":"ADANIENSOL-EQ","action":"BUY","price":704.86,"quantity":1,"timestamp":1771313507330}
{"symbol":"MAZDOCK-EQ","action":"BUY","price":1780.42,"quantity":1,"timestamp":1771313507337}
{"symbol":"PFC-EQ","action":"BUY","price":640.11,"quantity":1,"timestamp":1771313508330}
{"symbol":"MOTHERSON-EQ","action":"BUY","price":210.24,"quantity":1,"timestamp":1771313508335}
{"symbol":"GODREJCP-EQ","action":"BUY","price":1605.24,"quantity":1,"timestamp":1771313508341}
{"symbol":"JINDALSTEL-EQ","action":"BUY","price":1055.58,"quantity":1,"timestamp":1771313508349}
{"symbol":"ENRIN-EQ","action":"BUY","price":2734.33,"quantity":1,"timestamp":1771313508355}
{"symbol":"BANKBARODA-EQ","action":"BUY","price":176.09,"quantity":1,"timestamp":1771313511350}
{"symbol":"CANBK-EQ","action":"BUY","price":134.97,"quantity":1,"timestamp":1771313511355}
{"symbol":"SIEMENS-EQ","action":"BUY","price":1743.69,"quantity":1,"timestamp":1771313511365}
{"symbol":"NAUKRI-EQ","action":"BUY","price":1387.42,"quantity":1,"timestamp":1771313512352}
{"symbol":"LODHA-EQ","action":"BUY","price":1377.31,"quantity":1,"timestamp":1771313512368}
{"symbol":"HAL-EQ","action":"BUY","price":5461.78,"quantity":1,"timestamp":1771313515364}
{"symbol":"IOC-EQ","action":"SELL","price":231.41,"quantity":1,"pnl":32.065,"timestamp":1771313517374}
{"symbol":"LICI-EQ","action":"SELL","price":870.53,"quantity":1,"pnl":5.759999999999991,"timestamp":1771313517391}
{"symbol":"DIVISLAB-EQ","action":"SELL","price":9666.49,"quantity":1,"pnl":241.97500000000036,"timestamp":1771313518383}
{"symbol":"PNB-EQ","action":"SELL","price":94.4,"quantity":1,"pnl":-10.333333333333329,"timestamp":1771313518396}
{"symbol":"LODHA-EQ","action":"SELL","price":1463.86,"quantity":1,"pnl":86.54999999999995,"timestamp":1771313518404}
{"symbol":"TATAPOWER-EQ","action":"SELL","price":505.75,"quantity":1,"pnl":-36.789999999999964,"timestamp":1771313519386}
{"symbol":"NAUKRI-EQ","action":"SELL","price":1543.19,"quantity":1,"pnl":133.5875000000001,"timestamp":1771313519391}
{"symbol":"PFC-EQ","action":"SELL","price":710.51,"quantity":1,"pnl":70.39999999999998,"timestamp":1771313520392}
{"symbol":"MOTHERSON-EQ","action":"SELL","price":223.51,"quantity":1,"pnl":13.269999999999982,"timestamp":1771313520398}
{"symbol":"SHREECEM-EQ","action":"SELL","price":25670.02,"quantity":1,"pnl":-1578.0419999999976,"timestamp":1771313520408}
{"symbol":"MAZDOCK-EQ","action":"BUY","price":1686.69,"quantity":1,"timestamp":1771313521406}
{"symbol":"LTIM-EQ","action":"BUY","price":6251.93,"quantity":1,"timestamp":1771313522414}
{"symbol":"TORNTPHARM-EQ","action":"SELL","price":3222.52,"quantity":1,"pnl":95.25258503401437,"timestamp":1771313523415}
{"symbol":"INDHOTEL-EQ","action":"BUY","price":594.31,"quantity":1,"timestamp":1771313528458}
{"symbol":"CANBK-EQ","action":"BUY","price":125.47,"quantity":1,"timestamp":1771313529467}
{"symbol":"ICICIGI-EQ","action":"BUY","price":1654.62,"quantity":1,"timestamp":1771313529484}
{"symbol":"BOSCHLTD-EQ","action":"BUY","price":28314.86,"quantity":1,"timestamp":1771313529498}
{"symbol":"IRFC-EQ","action":"BUY","price":121.82,"quantity":1,"timestamp":1771313530478}
{"symbol":"GODREJCP-EQ","action":"BUY","price":1501.33,"quantity":1,"timestamp":1771313532499}
{"symbol":"HINDZINC-EQ","action":"BUY","price":433.41,"quantity":1,"timestamp":1771313532511}
{"symbol":"RECLTD-EQ","action":"BUY","price":545.06,"quantity":1,"timestamp":1771313534502}
{"symbol":"TATAPOWER-EQ","action":"BUY","price":479.76,"quantity":1,"timestamp":1771313535510}
{"symbol":"ADANIPOWER-EQ","action":"BUY","price":102.84,"quantity":1,"timestamp":1771313535518}
{"symbol":"BAJAJHLDNG-EQ","action":"BUY","price":18493.93,"quantity":1,"timestamp":1771313535527}
{"symbol":"BRITANNIA-EQ","action":"BUY","price":6719.47,"quantity":1,"timestamp":1771313536521}
{"symbol":"IOC-EQ","action":"BUY","price":206.27,"quantity":1,"timestamp":1771313536529}
{"symbol":"JSWENERGY-EQ","action":"BUY","price":423.85,"quantity":1,"timestamp":1771313536538}
{"symbol":"LODHA-EQ","action":"BUY","price":1373,"quantity":1,"timestamp":1771313537533}
{"symbol":"TVSMOTOR-EQ","action":"BUY","price":2813.29,"quantity":1,"timestamp":1771313538542}
{"symbol":"DLF-EQ","action":"BUY","price":476.9,"quantity":1,"timestamp":1771313539554}
{"symbol":"LTIM-EQ","action":"BUY","price":5910.78,"quantity":1,"timestamp":1771313540559}
{"symbol":"IRFC-EQ","action":"BUY","price":114.96,"quantity":1,"timestamp":1771313540579}
{"symbol":"GODREJCP-EQ","action":"BUY","price":1403.46,"quantity":1,"timestamp":1771313541574}
{"symbol":"ADANIENSOL-EQ","action":"BUY","price":714.9,"quantity":1,"timestamp":1771313542586}
{"symbol":"PFC-EQ","action":"BUY","price":698.75,"quantity":1,"timestamp":1771313543584}
{"symbol":"HYUNDAI-EQ","action":"BUY","price":4637.02,"quantity":1,"timestamp":1771313543591}
{"symbol":"LODHA-EQ","action":"BUY","price":1300.42,"quantity":1,"timestamp":1771313545617}
{"symbol":"ENRIN-EQ","action":"BUY","price":2417.85,"quantity":1,"timestamp":1771313546627}
{"symbol":"ADANIENSOL-EQ","action":"BUY","price":677.67,"quantity":1,"timestamp":1771313547628}
{"symbol":"VBL-EQ","action":"BUY","price":555.15,"quantity":1,"timestamp":1771313549638}
{"symbol":"ICICIGI-EQ","action":"BUY","price":1571.31,"quantity":1,"timestamp":1771313549647}
{"symbol":"PNB-EQ","action":"BUY","price":107.85,"quantity":1,"timestamp":1771313549654}
{"symbol":"CHOLAFIN-EQ","action":"BUY","price":855.26,"quantity":1,"timestamp":1771313550643}
{"symbol":"DLF-EQ","action":"BUY","price":448.77,"quantity":1,"timestamp":1771313550654}
{"symbol":"LICI-EQ","action":"BUY","price":825.63,"quantity":1,"timestamp":1771313550663}
{"symbol":"NAUKRI-EQ","action":"BUY","price":1633.78,"quantity":1,"timestamp":1771313551649}
{"symbol":"JINDALSTEL-EQ","action":"BUY","price":999.35,"quantity":1,"timestamp":1771313551658}
{"symbol":"SHREECEM-EQ","action":"BUY","price":24006.07,"quantity":1,"timestamp":1771313551663}
{"symbol":"ADANIGREEN-EQ","action":"BUY","price":788.35,"quantity":1,"timestamp":1771313551669}
{"symbol":"SIEMENS-EQ","action":"BUY","price":1722.41,"quantity":1,"timestamp":1771313551673}
{"symbol":"MAZDOCK-EQ","action":"BUY","price":1580.01,"quantity":1,"timestamp":1771313551678}
{"symbol":"PIDILITIND-EQ","action":"BUY","price":1164.01,"quantity":1,"timestamp":1771313552652}
{"symbol":"TVSMOTOR-EQ","action":"BUY","price":2660.49,"quantity":1,"timestamp":1771313553666}
{"symbol":"DIVISLAB-EQ","action":"BUY","price":9599.62,"quantity":1,"timestamp":1771313553674}
{"symbol":"DMART-EQ","action":"BUY","price":4771.84,"quantity":1,"timestamp":1771313553686}
{"symbol":"PNB-EQ","action":"BUY","price":102.12,"quantity":1,"timestamp":1771313554681}
{"symbol":"TORNTPHARM-EQ","action":"BUY","price":3201.29,"quantity":1,"timestamp":1771313554686}
{"symbol":"IRFC-EQ","action":"BUY","price":108.73,"quantity":1,"timestamp":1771313554694}
{"symbol":"BAJAJHLDNG-EQ","action":"BUY","price":17418.68,"quantity":1,"timestamp":1771313555691}
{"symbol":"LODHA-EQ","action":"BUY","price":1222.39,"quantity":1,"timestamp":1771313555699}
{"symbol":"DIVISLAB-EQ","action":"BUY","price":9015.21,"quantity":1,"timestamp":1771313556696}
{"symbol":"HINDZINC-EQ","action":"BUY","price":407.57,"quantity":1,"timestamp":1771313556708}
{"symbol":"TATAPOWER-EQ","action":"BUY","price":501.55,"quantity":1,"timestamp":1771313557701}
{"symbol":"AMBUJACEM-EQ","action":"BUY","price":529.74,"quantity":1,"timestamp":1771313557713}
{"symbol":"ADANIGREEN-EQ","action":"BUY","price":783.09,"quantity":1,"timestamp":1771313558712}
{"symbol":"MAZDOCK-EQ","action":"BUY","price":1492.82,"quantity":1,"timestamp":1771313558718}
{"symbol":"ENRIN-EQ","action":"BUY","price":2543.53,"quantity":1,"timestamp":1771313559721}
{"symbol":"PFC-EQ","action":"BUY","price":698.26,"quantity":1,"timestamp":1771313560720}
{"symbol":"NAUKRI-EQ","action":"BUY","price":1538.43,"quantity":1,"timestamp":1771313561723}
{"symbol":"ICICIGI-EQ","action":"BUY","price":1569.36,"quantity":1,"timestamp":1771313561728}
{"symbol":"JSWENERGY-EQ","action":"BUY","price":422.87,"quantity":1,"timestamp":1771313561738}
{"symbol":"VBL-EQ","action":"BUY","price":525.81,"quantity":1,"timestamp":1771313562725}
{"symbol":"HAVELLS-EQ","action":"BUY","price":711.22,"quantity":1,"timestamp":1771313562733}
{"symbol":"BOSCHLTD-EQ","action":"BUY","price":26808.62,"quantity":1,"timestamp":1771313562784}
{"symbol":"ADANIGREEN-EQ","action":"BUY","price":743.44,"quantity":1,"timestamp":1771313562804}
{"symbol":"SIEMENS-EQ","action":"BUY","price":1699.38,"quantity":1,"timestamp":1771313562808}
{"symbol":"BAJAJHFL-EQ","action":"BUY","price":71.01,"quantity":1,"timestamp":1771313562813}
{"symbol":"ADANIENSOL-EQ","action":"BUY","price":643.7,"quantity":1,"timestamp":1771313563738}
{"symbol":"ICICIGI-EQ","action":"BUY","price":1489.8,"quantity":1,"timestamp":1771313564745}
{"symbol":"BOSCHLTD-EQ","action":"BUY","price":25347.31,"quantity":1,"timestamp":1771313565757}
{"symbol":"NAUKRI-EQ","action":"BUY","price":1460.38,"quantity":1,"timestamp":1771313566765}
{"symbol":"BRITANNIA-EQ","action":"BUY","price":7375.28,"quantity":1,"timestamp":1771313567770}
{"symbol":"VBL-EQ","action":"BUY","price":497.18,"quantity":1,"timestamp":1771313567777}
{"symbol":"INDHOTEL-EQ","action":"BUY","price":629.4,"quantity":1,"timestamp":1771313568775}
{"symbol":"BOSCHLTD-EQ","action":"BUY","price":23738.39,"quantity":1,"timestamp":1771313570791}
{"symbol":"ZYDUSLIFE-EQ","action":"BUY","price":1749.27,"quantity":1,"timestamp":1771313570797}
{"symbol":"PNB-EQ","action":"BUY","price":100.27,"quantity":1,"timestamp":1771313571798}
{"symbol":"ADANIENSOL-EQ","action":"BUY","price":606.03,"quantity":1,"timestamp":1771313571806}
{"symbol":"BRITANNIA-EQ","action":"BUY","price":7000.51,"quantity":1,"timestamp":1771313572811}
{"symbol":"DMART-EQ","action":"BUY","price":4792.61,"quantity":1,"timestamp":1771313572821}
{"symbol":"MOTHERSON-EQ","action":"BUY","price":208.04,"quantity":1,"timestamp":1771313572828}
{"symbol":"BAJAJHLDNG-EQ","action":"BUY","price":16530.51,"quantity":1,"timestamp":1771313572832}
{"symbol":"LICI-EQ","action":"BUY","price":871.35,"quantity":1,"timestamp":1771313573824}
{"symbol":"TVSMOTOR-EQ","action":"BUY","price":2523.29,"quantity":1,"timestamp":1771313574822}
{"symbol":"PFC-EQ","action":"BUY","price":659.24,"quantity":1,"timestamp":1771313574833}
{"symbol":"UNITDSPR-EQ","action":"BUY","price":1075.63,"quantity":1,"timestamp":1771313575833}
{"symbol":"TATAPOWER-EQ","action":"BUY","price":475.69,"quantity":1,"timestamp":1771313576837}
{"symbol":"DIVISLAB-EQ","action":"BUY","price":9123.3,"quantity":1,"timestamp":1771313577851}
{"symbol":"PFC-EQ","action":"BUY","price":622.04,"quantity":1,"timestamp":1771313577859}
{"symbol":"GAIL-EQ","action":"BUY","price":165.33,"quantity":1,"timestamp":1771313577870}
{"symbol":"TATAPOWER-EQ","action":"BUY","price":450.28,"quantity":1,"timestamp":1771313579864}
{"symbol":"ICICIGI-EQ","action":"BUY","price":1396.06,"quantity":1,"timestamp":1771313579881}
{"symbol":"LICI-EQ","action":"BUY","price":815.97,"quantity":1,"timestamp":1771313579891}
{"symbol":"HAL-EQ","action":"SELL","price":5467.66,"quantity":1,"pnl":-13.989999999999782,"timestamp":1771313581868}
{"symbol":"BRITANNIA-EQ","action":"SELL","price":7407.77,"quantity":1,"pnl":522.8600000000006,"timestamp":1771313581876}
{"symbol":"VBL-EQ","action":"SELL","price":525.39,"quantity":1,"pnl":5.346222222222309,"timestamp":1771313583874}
{"symbol":"BAJAJHLDNG-EQ","action":"SELL","price":17424.14,"quantity":1,"pnl":-56.89999999999782,"timestamp":1771313583883}
{"symbol":"MAZDOCK-EQ","action":"SELL","price":1757.42,"quantity":1,"pnl":122.43500000000017,"timestamp":1771313583894}
{"symbol":"UNITDSPR-EQ","action":"SELL","price":1133.27,"quantity":1,"pnl":57.63999999999987,"timestamp":1771313584880}
{"symbol":"ZYDUSLIFE-EQ","action":"SELL","price":1960.81,"quantity":1,"pnl":211.53999999999996,"timestamp":1771313584892}
{"symbol":"IOC-EQ","action":"SELL","price":231.53,"quantity":1,"pnl":25.25999999999999,"timestamp":1771313585892}
{"symbol":"CANBK-EQ","action":"SELL","price":152.65,"quantity":1,"pnl":22.430000000000007,"timestamp":1771313585902}
{"symbol":"PIDILITIND-EQ","action":"SELL","price":1379.12,"quantity":1,"pnl":215.1099999999999,"timestamp":1771313585955}
{"symbol":"RECLTD-EQ","action":"SELL","price":608.04,"quantity":1,"pnl":80.30499999999995,"timestamp":1771313585977}
{"symbol":"ICICIGI-EQ","action":"SELL","price":1465.99,"quantity":1,"pnl":-70.24000000000001,"timestamp":1771313585980}
{"symbol":"MOTHERSON-EQ","action":"BUY","price":185.22,"quantity":1,"timestamp":1771313586897}
{"symbol":"GAIL-EQ","action":"BUY","price":156.01,"quantity":1,"timestamp":1771313586905}
{"symbol":"TORNTPHARM-EQ","action":"BUY","price":3321.64,"quantity":1,"timestamp":1771313586912}
{"symbol":"JINDALSTEL-EQ","action":"BUY","price":996.32,"quantity":1,"timestamp":1771313586974}
{"symbol":"ABB-EQ","action":"BUY","price":6956.16,"quantity":1,"timestamp":1771313587902}
{"symbol":"ICICIGI-EQ","action":"BUY","price":1387.66,"quantity":1,"timestamp":1771313589904}
{"symbol":"MAZDOCK-EQ","action":"BUY","price":1664.01,"quantity":1,"timestamp":1771313589913}
{"symbol":"DMART-EQ","action":"BUY","price":4535.69,"quantity":1,"timestamp":1771313590904}
{"symbol":"HYUNDAI-EQ","action":"BUY","price":4697.3,"quantity":1,"timestamp":1771313590917}
{"symbol":"SIEMENS-EQ","action":"BUY","price":1600.94,"quantity":1,"timestamp":1771313590923}
{"symbol":"VBL-EQ","action":"BUY","price":496.59,"quantity":1,"timestamp":1771313591903}
{"symbol":"BANKBARODA-EQ","action":"BUY","price":185.82,"quantity":1,"timestamp":1771313591911}
{"symbol":"NAUKRI-EQ","action":"BUY","price":1308.82,"quantity":1,"timestamp":1771313591921}
{"symbol":"SOLARINDS-EQ","action":"BUY","price":12929.46,"quantity":1,"timestamp":1771313591949}
{"symbol":"RECLTD-EQ","action":"SELL","price":679.8,"quantity":1,"pnl":152.06499999999994,"timestamp":1771313594911}
{"symbol":"JINDALSTEL-EQ","action":"SELL","price":1049.34,"quantity":1,"pnl":32.25666666666655,"timestamp":1771313594919}
{"symbol":"DMART-EQ","action":"SELL","price":4781.59,"quantity":1,"pnl":81.54333333333398,"timestamp":1771313595916}
{"symbol":"SHREECEM-EQ","action":"SELL","price":26840.94,"quantity":1,"pnl":403.3760000000002,"timestamp":1771313595928}
{"symbol":"PNB-EQ","action":"BUY","price":93.46,"quantity":1,"timestamp":1771313596936}
{"symbol":"BOSCHLTD-EQ","action":"BUY","price":22275.42,"quantity":1,"timestamp":1771313596943}
{"symbol":"HAL-EQ","action":"BUY","price":5174.72,"quantity":1,"timestamp":1771313597933}
{"symbol":"PIDILITIND-EQ","action":"BUY","price":1309.94,"quantity":1,"timestamp":1771313597943}
{"symbol":"LODHA-EQ","action":"BUY","price":1137.97,"quantity":1,"timestamp":1771313597950}
{"symbol":"BANKBARODA-EQ","action":"SELL","price":196.3,"quantity":1,"pnl":4.404871093749989,"timestamp":1771313598935}
{"symbol":"ADANIPOWER-EQ","action":"SELL","price":122.28,"quantity":1,"pnl":19.439999999999998,"timestamp":1771313600951}
{"symbol":"BAJAJHLDNG-EQ","action":"SELL","price":19535.02,"quantity":1,"pnl":2053.9799999999996,"timestamp":1771313600957}
{"symbol":"HYUNDAI-EQ","action":"SELL","price":4995.01,"quantity":1,"pnl":327.85000000000036,"timestamp":1771313600968}
{"symbol":"LTIM-EQ","action":"SELL","price":6262.66,"quantity":1,"pnl":181.3050000000003,"timestamp":1771313601954}
{"symbol":"BRITANNIA-EQ","action":"SELL","price":8277.19,"quantity":1,"pnl":1392.2800000000007,"timestamp":1771313602966}
{"symbol":"MAZDOCK-EQ","action":"SELL","price":1841.37,"quantity":1,"pnl":199.12874999999985,"timestamp":1771313603985}
{"symbol":"DMART-EQ","action":"SELL","price":5048.49,"quantity":1,"pnl":348.4433333333327,"timestamp":1771313604987}
{"symbol":"PNB-EQ","action":"SELL","price":98.84,"quantity":1,"pnl":-3.3544444444444395,"timestamp":1771313604992}
{"symbol":"PFC-EQ","action":"SELL","price":662.77,"quantity":1,"pnl":-6.802500000000009,"timestamp":1771313605990}
{"symbol":"JINDALSTEL-EQ","action":"SELL","price":1104.67,"quantity":1,"pnl":87.58666666666682,"timestamp":1771313605999}
{"symbol":"BANKBARODA-EQ","action":"SELL","price":196.26,"quantity":1,"pnl":4.36487109374994,"timestamp":1771313606997}
{"symbol":"HINDZINC-EQ","action":"SELL","price":428.88,"quantity":1,"pnl":3.4033333333333076,"timestamp":1771313607008}
{"symbol":"ENRIN-EQ","action":"SELL","price":2527.89,"quantity":1,"pnl":-37.34666666666726,"timestamp":1771313607018}
{"symbol":"ADANIGREEN-EQ","action":"SELL","price":838.45,"quantity":1,"pnl":66.82333333333338,"timestamp":1771313609014}
{"symbol":"PFC-EQ","action":"SELL","price":700.78,"quantity":1,"pnl":31.207499999999982,"timestamp":1771313611021}
{"symbol":"TORNTPHARM-EQ","action":"SELL","price":3494.13,"quantity":1,"pnl":299.76379251700746,"timestamp":1771313611031}
{"symbol":"HYUNDAI-EQ","action":"SELL","price":5255.29,"quantity":1,"pnl":588.1300000000001,"timestamp":1771313612034}
{"symbol":"ENRIN-EQ","action":"SELL","price":2685.6,"quantity":1,"pnl":120.36333333333323,"timestamp":1771313612049}
{"symbol":"CHOLAFIN-EQ","action":"BUY","price":853.11,"quantity":1,"timestamp":1771313613036}
{"symbol":"MOTHERSON-EQ","action":"BUY","price":195.7,"quantity":1,"timestamp":1771313613049}
{"symbol":"ADANIENSOL-EQ","action":"BUY","price":573.66,"quantity":1,"timestamp":1771313613063}
{"symbol":"HINDZINC-EQ","action":"BUY","price":406.23,"quantity":1,"timestamp":1771313613072}
{"symbol":"ICICIGI-EQ","action":"BUY","price":1300.67,"quantity":1,"timestamp":1771313615062}
{"symbol":"TORNTPHARM-EQ","action":"BUY","price":3267.79,"quantity":1,"timestamp":1771313615066}
{"symbol":"BAJAJHLDNG-EQ","action":"SELL","price":20682.63,"quantity":1,"pnl":3201.59,"timestamp":1771313616067}
{"symbol":"IRFC-EQ","action":"SELL","price":108.47,"quantity":1,"pnl":-11.936888888888902,"timestamp":1771313616078}
{"symbol":"SOLARINDS-EQ","action":"SELL","price":13597.97,"quantity":1,"pnl":668.5100000000002,"timestamp":1771313617072}
{"symbol":"LICI-EQ","action":"SELL","price":925.83,"quantity":1,"pnl":88.18000000000006,"timestamp":1771313617080}
{"symbol":"ABB-EQ","action":"SELL","price":7725.13,"quantity":1,"pnl":768.9700000000003,"timestamp":1771313618088}
{"symbol":"BOSCHLTD-EQ","action":"SELL","price":22155.45,"quantity":1,"pnl":-6053.751785714285,"timestamp":1771313620098}
{"symbol":"IRFC-EQ","action":"SELL","price":114.63,"quantity":1,"pnl":-5.776888888888905,"timestamp":1771313620107}
{"symbol":"VBL-EQ","action":"SELL","price":516.23,"quantity":1,"pnl":0.8769777777778245,"timestamp":1771313621111}
{"symbol":"LTIM-EQ","action":"SELL","price":6693.76,"quantity":1,"pnl":612.4050000000007,"timestamp":1771313622122}
{"symbol":"LICI-EQ","action":"SELL","price":990.95,"quantity":1,"pnl":153.30000000000018,"timestamp":1771313622135}
{"symbol":"BRITANNIA-EQ","action":"SELL","price":9198.57,"quantity":1,"pnl":2313.66,"timestamp":1771313623123}
{"symbol":"ADANIENSOL-EQ","action":"SELL","price":576.54,"quantity":1,"pnl":-76.92999999999995,"timestamp":1771313623136}
{"symbol":"LODHA-EQ","action":"SELL","price":1201.26,"quantity":1,"pnl":-57.18500000000017,"timestamp":1771313623141}
{"symbol":"IRFC-EQ","action":"SELL","price":121.68,"quantity":1,"pnl":1.2731111111111062,"timestamp":1771313624135}
{"symbol":"ENRIN-EQ","action":"SELL","price":2665.99,"quantity":1,"pnl":100.7533333333331,"timestamp":1771313624149}
{"symbol":"INDHOTEL-EQ","action":"SELL","price":627.79,"quantity":1,"pnl":15.934999999999945,"timestamp":1771313625139}
{"symbol":"CANBK-EQ","action":"SELL","price":152.52,"quantity":1,"pnl":22.30000000000001,"timestamp":1771313628159}
{"symbol":"MOTHERSON-EQ","action":"SELL","price":206.06,"quantity":1,"pnl":9.73999999999998,"timestamp":1771313629163}
{"symbol":"BRITANNIA-EQ","action":"SELL","price":9856.16,"quantity":1,"pnl":2971.25,"timestamp":1771313630167}
{"symbol":"TATAPOWER-EQ","action":"SELL","price":475.41,"quantity":1,"pnl":-14.553999999999917,"timestamp":1771313630173}
{"symbol":"BOSCHLTD-EQ","action":"SELL","price":23391.31,"quantity":1,"pnl":-4817.891785714284,"timestamp":1771313630183}
{"symbol":"SIEMENS-EQ","action":"SELL","price":1715.4,"quantity":1,"pnl":-211.28849999999989,"timestamp":1771313630191}
{"symbol":"VEDL-EQ","action":"SELL","price":722.71,"quantity":1,"pnl":-119.02499999999998,"timestamp":1771313632184}
{"symbol":"DLF-EQ","action":"SELL","price":471.63,"quantity":1,"pnl":8.795000000000016,"timestamp":1771313632246}
{"symbol":"TATAPOWER-EQ","action":"SELL","price":500.23,"quantity":1,"pnl":10.266000000000076,"timestamp":1771313633190}
{"symbol":"BANKBARODA-EQ","action":"SELL","price":206.52,"quantity":1,"pnl":14.624871093749988,"timestamp":1771313634190}
{"symbol":"JSWENERGY-EQ","action":"SELL","price":394.69,"quantity":1,"pnl":-35.70333333333326,"timestamp":1771313635194}
{"symbol":"HAVELLS-EQ","action":"SELL","price":665.49,"quantity":1,"pnl":-253.865675,"timestamp":1771313636206}
{"symbol":"PFC-EQ","action":"SELL","price":739.35,"quantity":1,"pnl":69.77750000000003,"timestamp":1771313638218}
{"symbol":"HINDZINC-EQ","action":"SELL","price":405.43,"quantity":1,"pnl":-13.631111111111125,"timestamp":1771313638260}
{"symbol":"AMBUJACEM-EQ","action":"SELL","price":533.37,"quantity":1,"pnl":3.6299999999999955,"timestamp":1771313639242}
{"symbol":"IRFC-EQ","action":"SELL","price":128.6,"quantity":1,"pnl":8.19311111111108,"timestamp":1771313639260}
{"symbol":"INDHOTEL-EQ","action":"SELL","price":662.99,"quantity":1,"pnl":51.13499999999999,"timestamp":1771313640240}
{"symbol":"DIVISLAB-EQ","action":"BUY","price":7621.36,"quantity":1,"timestamp":1771313641255}
{"symbol":"CHOLAFIN-EQ","action":"BUY","price":757.38,"quantity":1,"timestamp":1771313642258}
{"symbol":"BAJAJHLDNG-EQ","action":"BUY","price":18636.06,"quantity":1,"timestamp":1771313642272}
{"symbol":"LTIM-EQ","action":"BUY","price":6294.06,"quantity":1,"timestamp":1771313643261}
{"symbol":"JSWENERGY-EQ","action":"BUY","price":367.08,"quantity":1,"timestamp":1771313644271}
{"symbol":"BPCL-EQ","action":"SELL","price":329.93,"quantity":1,"pnl":-1.322499999999934,"timestamp":1771313645270}
{"symbol":"IRFC-EQ","action":"SELL","price":135.47,"quantity":1,"pnl":15.063111111111084,"timestamp":1771313645283}
{"symbol":"MAZDOCK-EQ","action":"SELL","price":1741.92,"quantity":1,"pnl":99.67875000000004,"timestamp":1771313646283}
{"symbol":"HAL-EQ","action":"SELL","price":6144.85,"quantity":1,"pnl":816.6650000000009,"timestamp":1771313647276}
{"symbol":"JINDALSTEL-EQ","action":"BUY","price":973.48,"quantity":1,"timestamp":1771313649294}
{"symbol":"TVSMOTOR-EQ","action":"BUY","price":1970.85,"quantity":1,"timestamp":1771313650290}
{"symbol":"DMART-EQ","action":"BUY","price":4501.7,"quantity":1,"timestamp":1771313650302}
{"symbol":"HAL-EQ","action":"BUY","price":5772.47,"quantity":1,"timestamp":1771313652303}
{"symbol":"AMBUJACEM-EQ","action":"BUY","price":533.16,"quantity":1,"timestamp":1771313652317}
{"symbol":"JSWENERGY-EQ","action":"BUY","price":345.29,"quantity":1,"timestamp":1771313652326}
{"symbol":"LTIM-EQ","action":"BUY","price":5968.99,"quantity":1,"timestamp":1771313653321}
{"symbol":"BAJAJHFL-EQ","action":"BUY","price":70.43,"quantity":1,"timestamp":1771313653331}
{"symbol":"UNITDSPR-EQ","action":"BUY","price":1193.12,"quantity":1,"timestamp":1771313654335}
{"symbol":"CGPOWER-EQ","action":"BUY","price":537.8,"quantity":1,"timestamp":1771313655335}
{"symbol":"RECLTD-EQ","action":"BUY","price":676.05,"quantity":1,"timestamp":1771313656343}
{"symbol":"DLF-EQ","action":"BUY","price":440.5,"quantity":1,"timestamp":1771313656352}
{"symbol":"CHOLAFIN-EQ","action":"BUY","price":719.2,"quantity":1,"timestamp":1771313658358}
{"symbol":"TATAPOWER-EQ","action":"BUY","price":422,"quantity":1,"timestamp":1771313658368}
{"symbol":"SHREECEM-EQ","action":"BUY","price":26758.68,"quantity":1,"timestamp":1771313658433}
{"symbol":"TVSMOTOR-EQ","action":"BUY","price":1855.24,"quantity":1,"timestamp":1771313660382}
{"symbol":"DMART-EQ","action":"BUY","price":4274.31,"quantity":1,"timestamp":1771313660394}
{"symbol":"PNB-EQ","action":"SELL","price":104,"quantity":1,"pnl":1.8055555555555713,"timestamp":1771313662392}
{"symbol":"JINDALSTEL-EQ","action":"SELL","price":1022.61,"quantity":1,"pnl":27.328333333333376,"timestamp":1771313662397}
{"symbol":"DIVISLAB-EQ","action":"SELL","price":8012.82,"quantity":1,"pnl":-827.0524999999998,"timestamp":1771313664410}
{"symbol":"BPCL-EQ","action":"SELL","price":370.03,"quantity":1,"pnl":38.77750000000003,"timestamp":1771313664417}
{"symbol":"VEDL-EQ","action":"BUY","price":690.05,"quantity":1,"timestamp":1771313665420}
{"symbol":"CHOLAFIN-EQ","action":"BUY","price":681.69,"quantity":1,"timestamp":1771313666425}
{"symbol":"BANKBARODA-EQ","action":"BUY","price":206.87,"quantity":1,"timestamp":1771313666434}
{"symbol":"BAJAJHLDNG-EQ","action":"BUY","price":17670.31,"quantity":1,"timestamp":1771313666439}
{"symbol":"RECLTD-EQ","action":"BUY","price":627.58,"quantity":1,"timestamp":1771313667443}
{"symbol":"ABB-EQ","action":"BUY","price":7704.77,"quantity":1,"timestamp":1771313668454}
{"symbol":"NAUKRI-EQ","action":"BUY","price":1089.88,"quantity":1,"timestamp":1771313669454}
{"symbol":"TORNTPHARM-EQ","action":"BUY","price":3049.95,"quantity":1,"timestamp":1771313669462}
{"symbol":"GODREJCP-EQ","action":"BUY","price":1575.14,"quantity":1,"timestamp":1771313670459}
{"symbol":"SHREECEM-EQ","action":"BUY","price":25419.85,"quantity":1,"timestamp":1771313670467}
{"symbol":"ICICIGI-EQ","action":"SELL","price":1450.66,"quantity":1,"pnl":-21.548333333333176,"timestamp":1771313671465}
{"symbol":"CGPOWER-EQ","action":"SELL","price":566,"quantity":1,"pnl":28.200000000000045,"timestamp":1771313671473}
{"symbol":"ABB-EQ","action":"SELL","price":8162.84,"quantity":1,"pnl":458.0699999999997,"timestamp":1771313672478}
{"symbol":"BPCL-EQ","action":"SELL","price":390.54,"quantity":1,"pnl":59.28750000000008,"timestamp":1771313673480}
{"symbol":"BAJAJHLDNG-EQ","action":"SELL","price":18661.6,"quantity":1,"pnl":508.41499999999724,"timestamp":1771313673486}
{"symbol":"DLF-EQ","action":"SELL","price":468.02,"quantity":1,"pnl":16.352499999999964,"timestamp":1771313673493}
{"symbol":"SHREECEM-EQ","action":"BUY","price":24133.74,"quantity":1,"timestamp":1771313677522}
{"symbol":"AMBUJACEM-EQ","action":"BUY","price":506.75,"quantity":1,"timestamp":1771313677530}
{"symbol":"BPCL-EQ","action":"BUY","price":368.3,"quantity":1,"timestamp":1771313678522}
{"symbol":"CANBK-EQ","action":"BUY","price":150.69,"quantity":1,"timestamp":1771313679531}
{"symbol":"GODREJCP-EQ","action":"BUY","price":1467.78,"quantity":1,"timestamp":1771313679539}
{"symbol":"LODHA-EQ","action":"BUY","price":1127.56,"quantity":1,"timestamp":1771313679549}
{"symbol":"JINDALSTEL-EQ","action":"BUY","price":1022.84,"quantity":1,"timestamp":1771313680548}
{"symbol":"JSWENERGY-EQ","action":"BUY","price":345.25,"quantity":1,"timestamp":1771313681559}
{"symbol":"RECLTD-EQ","action":"BUY","price":560.76,"quantity":1,"timestamp":1771313682564}
{"symbol":"VEDL-EQ","action":"BUY","price":647.88,"quantity":1,"timestamp":1771313683568}
{"symbol":"MOTHERSON-EQ","action":"BUY","price":192.8,"quantity":1,"timestamp":1771313683578}
{"symbol":"HYUNDAI-EQ","action":"BUY","price":5565.45,"quantity":1,"timestamp":1771313683586}
{"symbol":"ABB-EQ","action":"BUY","price":8227.8,"quantity":1,"timestamp":1771313683594}
{"symbol":"LTIM-EQ","action":"BUY","price":5263.94,"quantity":1,"timestamp":1771313684573}
{"symbol":"PIDILITIND-EQ","action":"BUY","price":1236.45,"quantity":1,"timestamp":1771313684583}
{"symbol":"VBL-EQ","action":"BUY","price":486.18,"quantity":1,"timestamp":1771313685581}
{"symbol":"JSWENERGY-EQ","action":"BUY","price":326.15,"quantity":1,"timestamp":1771313685594}
{"symbol":"TVSMOTOR-EQ","action":"BUY","price":1854.61,"quantity":1,"timestamp":1771313686588}
{"symbol":"ZYDUSLIFE-EQ","action":"BUY","price":1702.57,"quantity":1,"timestamp":1771313686598}
{"symbol":"MAZDOCK-EQ","action":"BUY","price":1637.67,"quantity":1,"timestamp":1771313686602}
{"symbol":"NAUKRI-EQ","action":"BUY","price":977.73,"quantity":1,"timestamp":1771313688607}
{"symbol":"UNITDSPR-EQ","action":"BUY","price":1177.38,"quantity":1,"timestamp":1771313688613}
{"symbol":"ABB-EQ","action":"BUY","price":7802.73,"quantity":1,"timestamp":1771313688622}
{"symbol":"MOTHERSON-EQ","action":"BUY","price":181.35,"quantity":1,"timestamp":1771313689610}
{"symbol":"SIEMENS-EQ","action":"BUY","price":1705.38,"quantity":1,"timestamp":1771313691637}
{"symbol":"RECLTD-EQ","action":"SELL","price":589.31,"quantity":1,"pnl":-32.15333333333342,"timestamp":1771313692633}
{"symbol":"DIVISLAB-EQ","action":"SELL","price":8005.99,"quantity":1,"pnl":-833.8824999999997,"timestamp":1771313693645}
{"symbol":"TATAPOWER-EQ","action":"SELL","price":447.13,"quantity":1,"pnl":-25.84299999999996,"timestamp":1771313693653}
{"symbol":"PIDILITIND-EQ","action":"SELL","price":1301.05,"quantity":1,"pnl":27.85499999999979,"timestamp":1771313693665}
{"symbol":"ABB-EQ","action":"SELL","price":8284.68,"quantity":1,"pnl":269.4150000000009,"timestamp":1771313693671}
{"symbol":"BPCL-EQ","action":"SELL","price":393.26,"quantity":1,"pnl":24.95999999999998,"timestamp":1771313694654}
{"symbol":"UNITDSPR-EQ","action":"SELL","price":1327.23,"quantity":1,"pnl":141.98000000000002,"timestamp":1771313694665}
{"symbol":"JINDALSTEL-EQ","action":"SELL","price":1079.72,"quantity":1,"pnl":70.65916666666669,"timestamp":1771313694669}
{"symbol":"SHREECEM-EQ","action":"SELL","price":27547.12,"quantity":1,"pnl":1609.6263333333336,"timestamp":1771313694674}
{"symbol":"BAJAJHLDNG-EQ","action":"SELL","price":20033.86,"quantity":1,"pnl":1880.6749999999993,"timestamp":1771313697680}
{"symbol":"DMART-EQ","action":"SELL","price":4763.64,"quantity":1,"pnl":271.62111111111153,"timestamp":1771313698692}
{"symbol":"BAJAJHFL-EQ","action":"SELL","price":80.11,"quantity":1,"pnl":9.39,"timestamp":1771313698704}
{"symbol":"DLF-EQ","action":"SELL","price":469.88,"quantity":1,"pnl":18.212499999999977,"timestamp":1771313699695}
{"symbol":"AMBUJACEM-EQ","action":"BUY","price":498.7,"quantity":1,"timestamp":1771313702719}
{"symbol":"ADANIGREEN-EQ","action":"BUY","price":773.95,"quantity":1,"timestamp":1771313702725}
{"symbol":"MAZDOCK-EQ","action":"BUY","price":1550.43,"quantity":1,"timestamp":1771313702732}
{"symbol":"LTIM-EQ","action":"BUY","price":4733.22,"quantity":1,"timestamp":1771313705739}
{"symbol":"MOTHERSON-EQ","action":"BUY","price":169.96,"quantity":1,"timestamp":1771313706756}
{"symbol":"PFC-EQ","action":"SELL","price":747.48,"quantity":1,"pnl":77.90750000000003,"timestamp":1771313707767}
{"symbol":"TORNTPHARM-EQ","action":"SELL","price":3208.57,"quantity":1,"pnl":28.402275510204163,"timestamp":1771313707775}
{"symbol":"BOSCHLTD-EQ","action":"SELL","price":21723.91,"quantity":1,"pnl":-6485.291785714286,"timestamp":1771313708781}
{"symbol":"ICICIGI-EQ","action":"SELL","price":1464.44,"quantity":1,"pnl":-7.76833333333343,"timestamp":1771313709782}
{"symbol":"VEDL-EQ","action":"SELL","price":685.51,"quantity":1,"pnl":-41.04499999999996,"timestamp":1771313710782}
{"symbol":"HAVELLS-EQ","action":"SELL","price":698.26,"quantity":1,"pnl":-221.09567500000003,"timestamp":1771313710806}
{"symbol":"SIEMENS-EQ","action":"SELL","price":1803.2,"quantity":1,"pnl":-95.8249374999998,"timestamp":1771313711791}
{"symbol":"JSWENERGY-EQ","action":"SELL","price":344,"quantity":1,"pnl":-30.092777777777712,"timestamp":1771313712797}
{"symbol":"ABB-EQ","action":"SELL","price":8240.29,"quantity":1,"pnl":225.02500000000146,"timestamp":1771313712802}
{"symbol":"VBL-EQ","action":"SELL","price":491.23,"quantity":1,"pnl":-18.28841777777768,"timestamp":1771313713795}
{"symbol":"BANKBARODA-EQ","action":"BUY","price":196.09,"quantity":1,"timestamp":1771313714793}
{"symbol":"IRFC-EQ","action":"BUY","price":134.13,"quantity":1,"timestamp":1771313714808}
{"symbol":"LTIM-EQ","action":"BUY","price":4249.27,"quantity":1,"timestamp":1771313715797}
{"symbol":"SIEMENS-EQ","action":"BUY","price":1691.53,"quantity":1,"timestamp":1771313716806}
{"symbol":"JINDALSTEL-EQ","action":"BUY","price":919.33,"quantity":1,"timestamp":1771313717815}
{"symbol":"SOLARINDS-EQ","action":"BUY","price":13600.17,"quantity":1,"timestamp":1771313717826}
{"symbol":"ADANIGREEN-EQ","action":"BUY","price":694.65,"quantity":1,"timestamp":1771313717833}
{"symbol":"ZYDUSLIFE-EQ","action":"SELL","price":1705.15,"quantity":1,"pnl":2.5800000000001546,"timestamp":1771313718830}
{"symbol":"BAJAJHFL-EQ","action":"SELL","price":84.32,"quantity":1,"pnl":13.599999999999994,"timestamp":1771313718837}
{"symbol":"HINDZINC-EQ","action":"SELL","price":484.46,"quantity":1,"pnl":65.39888888888885,"timestamp":1771313719839}
{"symbol":"DIVISLAB-EQ","action":"SELL","price":8436.27,"quantity":1,"pnl":-403.6025000000009,"timestamp":1771313720841}
{"symbol":"SHREECEM-EQ","action":"BUY","price":24606.99,"quantity":1,"timestamp":1771313722855}
{"symbol":"DMART-EQ","action":"BUY","price":4801.74,"quantity":1,"timestamp":1771313723856}
{"symbol":"PIDILITIND-EQ","action":"BUY","price":1163.65,"quantity":1,"timestamp":1771313723863}
{"symbol":"UNITDSPR-EQ","action":"BUY","price":1242.76,"quantity":1,"timestamp":1771313724855}
{"symbol":"ADANIPOWER-EQ","action":"BUY","price":125.73,"quantity":1,"timestamp":1771313725858}
{"symbol":"TORNTPHARM-EQ","action":"BUY","price":2873.46,"quantity":1,"timestamp":1771313725868}
{"symbol":"LICI-EQ","action":"BUY","price":950.68,"quantity":1,"timestamp":1771313725878}
{"symbol":"DIVISLAB-EQ","action":"BUY","price":7957.01,"quantity":1,"timestamp":1771313726859}
{"symbol":"BOSCHLTD-EQ","action":"BUY","price":20491.35,"quantity":1,"timestamp":1771313726874}
{"symbol":"INDHOTEL-EQ","action":"BUY","price":733.19,"quantity":1,"timestamp":1771313727877}
{"symbol":"HINDZINC-EQ","action":"BUY","price":459.51,"quantity":1,"timestamp":1771313729892}
{"symbol":"TVSMOTOR-EQ","action":"BUY","price":1973.58,"quantity":1,"timestamp":1771313730896}
{"symbol":"DMART-EQ","action":"BUY","price":4529.95,"quantity":1,"timestamp":1771313730909}
{"symbol":"HAVELLS-EQ","action":"BUY","price":658.27,"quantity":1,"timestamp":1771313730922}
{"symbol":"AMBUJACEM-EQ","action":"SELL","price":626.19,"quantity":1,"pnl":113.32000000000005,"timestamp":1771313731911}
{"symbol":"PIDILITIND-EQ","action":"SELL","price":1227.98,"quantity":1,"pnl":9.55749999999989,"timestamp":1771313732920}
{"symbol":"DMART-EQ","action":"SELL","price":4761.28,"quantity":1,"pnl":182.34805555555522,"timestamp":1771313733920}
{"symbol":"LTIM-EQ","action":"SELL","price":4466.34,"quantity":1,"pnl":-835.5559999999996,"timestamp":1771313733925}
{"symbol":"GODREJCP-EQ","action":"SELL","price":1745.51,"quantity":1,"pnl":234.92000000000007,"timestamp":1771313734928}
{"symbol":"SHREECEM-EQ","action":"BUY","price":23176.8,"quantity":1,"timestamp":1771313735930}
{"symbol":"ICICIGI-EQ","action":"BUY","price":1380.51,"quantity":1,"timestamp":1771313737942}
{"symbol":"TVSMOTOR-EQ","action":"BUY","price":1842.69,"quantity":1,"timestamp":1771313739952}
{"symbol":"LTIM-EQ","action":"BUY","price":4228.91,"quantity":1,"timestamp":1771313739960}
{"symbol":"TORNTPHARM-EQ","action":"BUY","price":2544.23,"quantity":1,"timestamp":1771313739970}
{"symbol":"DMART-EQ","action":"BUY","price":4452.12,"quantity":1,"timestamp":1771313740958}
{"symbol":"INDHOTEL-EQ","action":"BUY","price":656.66,"quantity":1,"timestamp":1771313741967}
{"symbol":"BAJAJHLDNG-EQ","action":"BUY","price":22102.77,"quantity":1,"timestamp":1771313741992}
{"symbol":"HAVELLS-EQ","action":"SELL","price":696.88,"quantity":1,"pnl":-157.20425625000007,"timestamp":1771313742983}
{"symbol":"ADANIGREEN-EQ","action":"SELL","price":776.57,"quantity":1,"pnl":23.60666666666657,"timestamp":1771313743995}
{"symbol":"HAL-EQ","action":"SELL","price":5728.3,"quantity":1,"pnl":177.97250000000076,"timestamp":1771313744992}
{"symbol":"LTIM-EQ","action":"SELL","price":4526.76,"quantity":1,"pnl":-560.5387999999994,"timestamp":1771313745000}
{"symbol":"SHREECEM-EQ","action":"SELL","price":24559.3,"quantity":1,"pnl":-793.7369047619068,"timestamp":1771313745015}
{"symbol":"AMBUJACEM-EQ","action":"SELL","price":661.58,"quantity":1,"pnl":148.71000000000015,"timestamp":1771313745029}
{"symbol":"SIEMENS-EQ","action":"SELL","price":1999.88,"quantity":1,"pnl":126.79192968750021,"timestamp":1771313745047}
{"symbol":"VBL-EQ","action":"SELL","price":483.21,"quantity":1,"pnl":-26.30841777777772,"timestamp":1771313749033}
{"symbol":"SOLARINDS-EQ","action":"SELL","price":15152.42,"quantity":1,"pnl":1552.25,"timestamp":1771313749053}
{"symbol":"JSWENERGY-EQ","action":"SELL","price":382.33,"quantity":1,"pnl":8.237222222222215,"timestamp":1771313749067}
{"symbol":"VEDL-EQ","action":"SELL","price":707.43,"quantity":1,"pnl":-19.125000000000114,"timestamp":1771313752068}
{"symbol":"ADANIENSOL-EQ","action":"SELL","price":560.71,"quantity":1,"pnl":-92.75999999999999,"timestamp":1771313752093}
{"symbol":"TATAPOWER-EQ","action":"SELL","price":440.21,"quantity":1,"pnl":-32.76299999999998,"timestamp":1771313753072}
{"symbol":"INDHOTEL-EQ","action":"SELL","price":655.68,"quantity":1,"pnl":-39.245000000000005,"timestamp":1771313753093}
{"symbol":"VEDL-EQ","action":"SELL","price":745.79,"quantity":1,"pnl":19.2349999999999,"timestamp":1771313755082}
{"symbol":"BANKBARODA-EQ","action":"SELL","price":194.42,"quantity":1,"pnl":-3.8650429687500036,"timestamp":1771313755091}
{"symbol":"CANBK-EQ","action":"SELL","price":158.33,"quantity":1,"pnl":7.640000000000015,"timestamp":1771313755100}
{"symbol":"MOTHERSON-EQ","action":"SELL","price":168.74,"quantity":1,"pnl":-18.610000000000014,"timestamp":1771313755104}
{"symbol":"JINDALSTEL-EQ","action":"SELL","price":975.4,"quantity":1,"pnl":11.20458333333329,"timestamp":1771313757110}
{"symbol":"SHREECEM-EQ","action":"SELL","price":26081.16,"quantity":1,"pnl":728.1230952380974,"timestamp":1771313757113}
{"symbol":"SOLARINDS-EQ","action":"BUY","price":14359.23,"quantity":1,"timestamp":1771313759121}
{"symbol":"MOTHERSON-EQ","action":"BUY","price":157.77,"quantity":1,"timestamp":1771313760123}
{"symbol":"IOC-EQ","action":"BUY","price":243.77,"quantity":1,"timestamp":1771313761127}
{"symbol":"PFC-EQ","action":"BUY","price":702.46,"quantity":1,"timestamp":1771313762134}
{"symbol":"ABB-EQ","action":"BUY","price":7611.42,"quantity":1,"timestamp":1771313762143}
{"symbol":"ICICIGI-EQ","action":"BUY","price":1222.82,"quantity":1,"timestamp":1771313763143}
{"symbol":"JINDALSTEL-EQ","action":"BUY","price":909.99,"quantity":1,"timestamp":1771313764149}
{"symbol":"VEDL-EQ","action":"BUY","price":708.47,"quantity":1,"timestamp":1771313765148}
{"symbol":"RECLTD-EQ","action":"BUY","price":521.45,"quantity":1,"timestamp":1771313767162}
{"symbol":"HINDZINC-EQ","action":"BUY","price":462.97,"quantity":1,"timestamp":1771313767170}
{"symbol":"MAZDOCK-EQ","action":"BUY","price":1444.78,"quantity":1,"timestamp":1771313767174}
{"symbol":"JSWENERGY-EQ","action":"BUY","price":357.99,"quantity":1,"timestamp":1771313768183}
{"symbol":"ADANIENSOL-EQ","action":"BUY","price":531,"quantity":1,"timestamp":1771313769180}
{"symbol":"TVSMOTOR-EQ","action":"BUY","price":1516.54,"quantity":1,"timestamp":1771313771199}
{"symbol":"CANBK-EQ","action":"BUY","price":150.36,"quantity":1,"timestamp":1771313772201}
{"symbol":"ENRIN-EQ","action":"BUY","price":2361.97,"quantity":1,"timestamp":1771313772211}
{"symbol":"HYUNDAI-EQ","action":"BUY","price":4642.43,"quantity":1,"timestamp":1771313773214}
{"symbol":"HINDZINC-EQ","action":"BUY","price":438.99,"quantity":1,"timestamp":1771313773218}
{"symbol":"SIEMENS-EQ","action":"BUY","price":1769.47,"quantity":1,"timestamp":1771313773222}
{"symbol":"BRITANNIA-EQ","action":"BUY","price":9869.24,"quantity":1,"timestamp":1771313774215}
{"symbol":"PIDILITIND-EQ","action":"BUY","price":1213.37,"quantity":1,"timestamp":1771313775226}
{"symbol":"BPCL-EQ","action":"BUY","price":393.53,"quantity":1,"timestamp":1771313776229}
{"symbol":"SHREECEM-EQ","action":"BUY","price":25901.34,"quantity":1,"timestamp":1771313776239}
{"symbol":"TATAPOWER-EQ","action":"BUY","price":412.25,"quantity":1,"timestamp":1771313778243}
{"symbol":"AMBUJACEM-EQ","action":"BUY","price":577.17,"quantity":1,"timestamp":1771313778252}
{"symbol":"JINDALSTEL-EQ","action":"BUY","price":901.52,"quantity":1,"timestamp":1771313779254}
{"symbol":"CGPOWER-EQ","action":"BUY","price":531.65,"quantity":1,"timestamp":1771313780264}
{"symbol":"BAJAJHFL-EQ","action":"BUY","price":83.54,"quantity":1,"timestamp":1771313780270}
{"symbol":"SOLARINDS-EQ","action":"SELL","price":15226.28,"quantity":1,"pnl":867.0500000000011,"timestamp":1771313782273}
{"symbol":"ADANIGREEN-EQ","action":"SELL","price":820.46,"quantity":1,"pnl":67.49666666666656,"timestamp":1771313782277}
{"symbol":"ENRIN-EQ","action":"SELL","price":2488.73,"quantity":1,"pnl":126.76000000000022,"timestamp":1771313782281}
{"symbol":"HAL-EQ","action":"BUY","price":5667.52,"quantity":1,"timestamp":1771313784286}
{"symbol":"HAVELLS-EQ","action":"BUY","price":695.73,"quantity":1,"timestamp":1771313784296}
{"symbol":"ICICIGI-EQ","action":"BUY","price":1219.04,"quantity":1,"timestamp":1771313785292}
{"symbol":"INDHOTEL-EQ","action":"BUY","price":657.24,"quantity":1,"timestamp":1771313786297}
{"symbol":"TORNTPHARM-EQ","action":"BUY","price":2692.24,"quantity":1,"timestamp":1771313787302}
{"symbol":"PNB-EQ","action":"BUY","price":102.74,"quantity":1,"timestamp":1771313788308}
{"symbol":"BAJAJHLDNG-EQ","action":"BUY","price":23367.27,"quantity":1,"timestamp":1771313789311}
{"symbol":"AMBUJACEM-EQ","action":"BUY","price":541.92,"quantity":1,"timestamp":1771313789316}
{"symbol":"ENRIN-EQ","action":"BUY","price":2347.67,"quantity":1,"timestamp":1771313789320}
{"symbol":"LICI-EQ","action":"BUY","price":946.21,"quantity":1,"timestamp":1771313789324}
{"symbol":"BOSCHLTD-EQ","action":"BUY","price":21396.36,"quantity":1,"timestamp":1771313790330}
{"symbol":"JSWENERGY-EQ","action":"BUY","price":377.67,"quantity":1,"timestamp":1771313790335}
{"symbol":"BRITANNIA-EQ","action":"BUY","price":9328.79,"quantity":1,"timestamp":1771313791325}
{"symbol":"IOC-EQ","action":"BUY","price":242.05,"quantity":1,"timestamp":1771313791332}
{"symbol":"PNB-EQ","action":"BUY","price":96.54,"quantity":1,"timestamp":1771313791337}
{"symbol":"HINDZINC-EQ","action":"BUY","price":439.06,"quantity":1,"timestamp":1771313791386}
{"symbol":"MAZDOCK-EQ","action":"SELL","price":1620.38,"quantity":1,"pnl":36.90750000000003,"timestamp":1771313793347}
{"symbol":"GODREJCP-EQ","action":"SELL","price":2173.76,"quantity":1,"pnl":663.1700000000003,"timestamp":1771313794343}
{"symbol":"HINDZINC-EQ","action":"SELL","price":462.42,"quantity":1,"pnl":18.50177777777776,"timestamp":1771313794351}
{"symbol":"JSWENERGY-EQ","action":"SELL","price":399.82,"quantity":1,"pnl":27.814814814814838,"timestamp":1771313794355}
{"symbol":"HAL-EQ","action":"SELL","price":5984.69,"quantity":1,"pnl":375.7662499999997,"timestamp":1771313795347}
{"symbol":"BRITANNIA-EQ","action":"SELL","price":9898.29,"quantity":1,"pnl":299.27500000000146,"timestamp":1771313796360}
{"symbol":"IRFC-EQ","action":"SELL","price":133.26,"quantity":1,"pnl":-0.8700000000000045,"timestamp":1771313796374}
{"symbol":"HINDZINC-EQ","action":"SELL","price":487.96,"quantity":1,"pnl":44.041777777777725,"timestamp":1771313797381}
{"symbol":"UNITDSPR-EQ","action":"SELL","price":1314.62,"quantity":1,"pnl":100.61499999999978,"timestamp":1771313799407}
{"symbol":"HAL-EQ","action":"BUY","price":5660.64,"quantity":1,"timestamp":1771313802422}
{"symbol":"DLF-EQ","action":"BUY","price":531.24,"quantity":1,"timestamp":1771313802432}
{"symbol":"SHREECEM-EQ","action":"BUY","price":24403.67,"quantity":1,"timestamp":1771313803436}
{"symbol":"AMBUJACEM-EQ","action":"BUY","price":480.34,"quantity":1,"timestamp":1771313804444}
{"symbol":"HYUNDAI-EQ","action":"BUY","price":4354.11,"quantity":1,"timestamp":1771313804450}
{"symbol":"ADANIGREEN-EQ","action":"SELL","price":857.57,"quantity":1,"pnl":104.60666666666668,"timestamp":1771313806468}
{"symbol":"VBL-EQ","action":"SELL","price":507.32,"quantity":1,"pnl":-2.1984177777776495,"timestamp":1771313809498}
{"symbol":"DIVISLAB-EQ","action":"SELL","price":7906.5,"quantity":1,"pnl":-491.94124999999985,"timestamp":1771313810496}
{"symbol":"TATAPOWER-EQ","action":"SELL","price":417.18,"quantity":1,"pnl":-35.551999999999964,"timestamp":1771313810502}
{"symbol":"GAIL-EQ","action":"SELL","price":181.97,"quantity":1,"pnl":15.796666666666681,"timestamp":1771313810507}
{"symbol":"TORNTPHARM-EQ","action":"SELL","price":2879.1,"quantity":1,"pnl":-96.70012827988376,"timestamp":1771313812505}
{"symbol":"BAJAJHLDNG-EQ","action":"SELL","price":25906.9,"quantity":1,"pnl":3171.880000000001,"timestamp":1771313813514}
{"symbol":"HAVELLS-EQ","action":"SELL","price":731.05,"quantity":1,"pnl":-83.44569218750007,"timestamp":1771313813526}
{"symbol":"JINDALSTEL-EQ","action":"SELL","price":1005.03,"quantity":1,"pnl":79.79486111111112,"timestamp":1771313815534}
{"symbol":"LODHA-EQ","action":"SELL","price":1354.98,"quantity":1,"pnl":129.2562499999999,"timestamp":1771313815545}
{"symbol":"HAL-EQ","action":"SELL","price":5954.53,"quantity":1,"pnl":319.74812499999916,"timestamp":1771313816538}
{"symbol":"NAUKRI-EQ","action":"SELL","price":957.87,"quantity":1,"pnl":-387.6474999999999,"timestamp":1771313816547}
{"symbol":"INDHOTEL-EQ","action":"SELL","price":641.5,"quantity":1,"pnl":-34.58249999999998,"timestamp":1771313817542}
{"symbol":"LTIM-EQ","action":"SELL","price":4487.88,"quantity":1,"pnl":-599.4187999999995,"timestamp":1771313817549}
{"symbol":"HAVELLS-EQ","action":"SELL","price":768.43,"quantity":1,"pnl":-46.065692187500076,"timestamp":1771313817557}
{"symbol":"DIVISLAB-EQ","action":"SELL","price":8429.48,"quantity":1,"pnl":31.03874999999971,"timestamp":1771313818541}
{"symbol":"ADANIPOWER-EQ","action":"SELL","price":132.02,"quantity":1,"pnl":6.290000000000006,"timestamp":1771313818549}
{"symbol":"ADANIENSOL-EQ","action":"SELL","price":555.12,"quantity":1,"pnl":-73.856,"timestamp":1771313818556}
{"symbol":"ENRIN-EQ","action":"SELL","price":2351.13,"quantity":1,"pnl":3.4600000000000364,"timestamp":1771313819558}
{"symbol":"SHREECEM-EQ","action":"SELL","price":26043.58,"quantity":1,"pnl":747.837925170068,"timestamp":1771313820557}
{"symbol":"SHREECEM-EQ","action":"SELL","price":27738.17,"quantity":1,"pnl":2442.4279251700646,"timestamp":1771313823575}
{"symbol":"CANBK-EQ","action":"SELL","price":158.47,"quantity":1,"pnl":8.109999999999985,"timestamp":1771313824578}
{"symbol":"RECLTD-EQ","action":"SELL","price":483.44,"quantity":1,"pnl":-104.6855555555556,"timestamp":1771313824586}
{"symbol":"JINDALSTEL-EQ","action":"SELL","price":995.41,"quantity":1,"pnl":70.174861111111,"timestamp":1771313824591}
{"symbol":"ABB-EQ","action":"SELL","price":8551.95,"quantity":1,"pnl":940.5300000000007,"timestamp":1771313824596}
{"symbol":"LICI-EQ","action":"SELL","price":932.32,"quantity":1,"pnl":20.80666666666673,"timestamp":1771313824601}
{"symbol":"DMART-EQ","action":"SELL","price":5330.12,"quantity":1,"pnl":782.8910416666668,"timestamp":1771313825587}
{"symbol":"BOSCHLTD-EQ","action":"SELL","price":21414.28,"quantity":1,"pnl":-5180.400277777779,"timestamp":1771313825596}
{"symbol":"IOC-EQ","action":"BUY","price":240.66,"quantity":1,"timestamp":1771313827608}
{"symbol":"SHREECEM-EQ","action":"BUY","price":26178.92,"quantity":1,"timestamp":1771313827618}
{"symbol":"SIEMENS-EQ","action":"BUY","price":1659.67,"quantity":1,"timestamp":1771313827625}
{"symbol":"ENRIN-EQ","action":"BUY","price":2204.21,"quantity":1,"timestamp":1771313827630}
{"symbol":"HAL-EQ","action":"SELL","price":5963.56,"quantity":1,"pnl":328.7781249999998,"timestamp":1771313829632}
{"symbol":"CHOLAFIN-EQ","action":"SELL","price":597.53,"quantity":1,"pnl":-376.6308452380954,"timestamp":1771313829640}
{"symbol":"INDHOTEL-EQ","action":"SELL","price":676.95,"quantity":1,"pnl":0.8675000000000637,"timestamp":1771313829645}
{"symbol":"LODHA-EQ","action":"SELL","price":1360.05,"quantity":1,"pnl":134.32624999999985,"timestamp":1771313829652}
{"symbol":"MAZDOCK-EQ","action":"SELL","price":1625.16,"quantity":1,"pnl":41.6875,"timestamp":1771313829657}
{"symbol":"BPCL-EQ","action":"SELL","price":344.12,"quantity":1,"pnl":-49.40999999999997,"timestamp":1771313831660}
{"symbol":"ADANIENSOL-EQ","action":"SELL","price":587.65,"quantity":1,"pnl":-41.32600000000002,"timestamp":1771313831674}
{"symbol":"PFC-EQ","action":"SELL","price":697.03,"quantity":1,"pnl":-5.430000000000064,"timestamp":1771313832674}
{"symbol":"GAIL-EQ","action":"SELL","price":179.81,"quantity":1,"pnl":13.636666666666656,"timestamp":1771313832681}
{"symbol":"PNB-EQ","action":"SELL","price":102.09,"quantity":1,"pnl":0.7470370370370603,"timestamp":1771313832685}
{"symbol":"SHREECEM-EQ","action":"SELL","price":27703.64,"quantity":1,"pnl":2260.7016043083895,"timestamp":1771313832690}
{"symbol":"BOSCHLTD-EQ","action":"SELL","price":22706.4,"quantity":1,"pnl":-3888.280277777776,"timestamp":1771313832694}
{"symbol":"BAJAJHLDNG-EQ","action":"SELL","price":27391.12,"quantity":1,"pnl":4656.0999999999985,"timestamp":1771313833675}
{"symbol":"HAVELLS-EQ","action":"SELL","price":820.92,"quantity":1,"pnl":6.424307812499933,"timestamp":1771313833685}
{"symbol":"BRITANNIA-EQ","action":"SELL","price":10415.52,"quantity":1,"pnl":816.505000000001,"timestamp":1771313834692}
{"symbol":"TORNTPHARM-EQ","action":"SELL","price":2891.19,"quantity":1,"pnl":-84.61012827988361,"timestamp":1771313834700}
{"symbol":"LODHA-EQ","action":"SELL","price":1433.07,"quantity":1,"pnl":207.34624999999983,"timestamp":1771313834707}
{"symbol":"MOTHERSON-EQ","action":"SELL","price":177.32,"quantity":1,"pnl":-4.114000000000033,"timestamp":1771313836707}
{"symbol":"VBL-EQ","action":"SELL","price":496.84,"quantity":1,"pnl":-12.678417777777724,"timestamp":1771313841729}
{"symbol":"BRITANNIA-EQ","action":"BUY","price":9354.14,"quantity":1,"timestamp":1771313843745}
{"symbol":"TATAPOWER-EQ","action":"BUY","price":373.24,"quantity":1,"timestamp":1771313844746}
{"symbol":"UNITDSPR-EQ","action":"BUY","price":1163.63,"quantity":1,"timestamp":1771313844755}
{"symbol":"IOC-EQ","action":"BUY","price":214.39,"quantity":1,"timestamp":1771313846751}
{"symbol":"DIVISLAB-EQ","action":"BUY","price":7874.71,"quantity":1,"timestamp":1771313847756}
{"symbol":"ADANIPOWER-EQ","action":"BUY","price":142.38,"quantity":1,"timestamp":1771313847762}
{"symbol":"GAIL-EQ","action":"BUY","price":170.38,"quantity":1,"timestamp":1771313847767}
{"symbol":"VBL-EQ","action":"BUY","price":471.53,"quantity":1,"timestamp":1771313848769}
{"symbol":"AMBUJACEM-EQ","action":"BUY","price":425.8,"quantity":1,"timestamp":1771313848778}
{"symbol":"ADANIENSOL-EQ","action":"BUY","price":555.91,"quantity":1,"timestamp":1771313848782}
{"symbol":"SIEMENS-EQ","action":"BUY","price":1561.47,"quantity":1,"timestamp":1771313849776}
{"symbol":"BANKBARODA-EQ","action":"BUY","price":192.9,"quantity":1,"timestamp":1771313850787}
{"symbol":"PIDILITIND-EQ","action":"BUY","price":1163.81,"quantity":1,"timestamp":1771313850793}
{"symbol":"CHOLAFIN-EQ","action":"SELL","price":593.76,"quantity":1,"pnl":-380.40084523809537,"timestamp":1771313851793}
{"symbol":"DMART-EQ","action":"SELL","price":5315.42,"quantity":1,"pnl":768.1910416666669,"timestamp":1771313852796}
{"symbol":"BANKBARODA-EQ","action":"SELL","price":203.85,"quantity":1,"pnl":7.359971354166646,"timestamp":1771313854800}
{"symbol":"GODREJCP-EQ","action":"SELL","price":2160.62,"quantity":1,"pnl":650.03,"timestamp":1771313854808}
{"symbol":"PNB-EQ","action":"SELL","price":121.4,"quantity":1,"pnl":20.05703703703705,"timestamp":1771313854813}
{"symbol":"CHOLAFIN-EQ","action":"SELL","price":627.18,"quantity":1,"pnl":-346.9808452380954,"timestamp":1771313855813}
{"symbol":"LICI-EQ","action":"SELL","price":975.98,"quantity":1,"pnl":64.4666666666667,"timestamp":1771313856830}
{"symbol":"CGPOWER-EQ","action":"BUY","price":439.59,"quantity":1,"timestamp":1771313858854}
{"symbol":"INDHOTEL-EQ","action":"BUY","price":635.09,"quantity":1,"timestamp":1771313859867}
{"symbol":"ICICIGI-EQ","action":"BUY","price":1089.62,"quantity":1,"timestamp":1771313859876}
{"symbol":"BOSCHLTD-EQ","action":"BUY","price":20434.82,"quantity":1,"timestamp":1771313859882}
{"symbol":"LODHA-EQ","action":"BUY","price":1349.4,"quantity":1,"timestamp":1771313861878}
{"symbol":"JSWENERGY-EQ","action":"BUY","price":338.87,"quantity":1,"timestamp":1771313861883}
{"symbol":"HAL-EQ","action":"BUY","price":5244.21,"quantity":1,"timestamp":1771313862881}
{"symbol":"HYUNDAI-EQ","action":"BUY","price":4108.58,"quantity":1,"timestamp":1771313862891}
{"symbol":"ABB-EQ","action":"BUY","price":7997.33,"quantity":1,"timestamp":1771313862897}
{"symbol":"GODREJCP-EQ","action":"BUY","price":2052.04,"quantity":1,"timestamp":1771313863895}
{"symbol":"ADANIENSOL-EQ","action":"BUY","price":562.09,"quantity":1,"timestamp":1771313863901}
{"symbol":"AMBUJACEM-EQ","action":"BUY","price":378.7,"quantity":1,"timestamp":1771313864900}
{"symbol":"SIEMENS-EQ","action":"BUY","price":1471.11,"quantity":1,"timestamp":1771313864907}
{"symbol":"JSWENERGY-EQ","action":"BUY","price":317.33,"quantity":1,"timestamp":1771313865915}
{"symbol":"ABB-EQ","action":"BUY","price":7535.12,"quantity":1,"timestamp":1771313865919}
{"symbol":"ICICIGI-EQ","action":"BUY","price":1015.06,"quantity":1,"timestamp":1771313866925}
{"symbol":"PFC-EQ","action":"BUY","price":618.74,"quantity":1,"timestamp":1771313868942}
{"symbol":"RECLTD-EQ","action":"BUY","price":457.17,"quantity":1,"timestamp":1771313868950}
{"symbol":"DLF-EQ","action":"BUY","price":450.91,"quantity":1,"timestamp":1771313869951}
{"symbol":"GODREJCP-EQ","action":"BUY","price":1925.18,"quantity":1,"timestamp":1771313870957}
{"symbol":"PNB-EQ","action":"BUY","price":113.95,"quantity":1,"timestamp":1771313870961}
{"symbol":"SOLARINDS-EQ","action":"BUY","price":13210.53,"quantity":1,"timestamp":1771313870966}
{"symbol":"SIEMENS-EQ","action":"BUY","price":1396.21,"quantity":1,"timestamp":1771313870969}
{"symbol":"ENRIN-EQ","action":"BUY","price":1822.58,"quantity":1,"timestamp":1771313870973}
{"symbol":"BPCL-EQ","action":"BUY","price":324.4,"quantity":1,"timestamp":1771313871959}
{"symbol":"ABB-EQ","action":"BUY","price":7067.09,"quantity":1,"timestamp":1771313871968}
{"symbol":"TORNTPHARM-EQ","action":"SELL","price":3239.77,"quantity":1,"pnl":263.96987172011586,"timestamp":1771313872965}
{"symbol":"SHREECEM-EQ","action":"SELL","price":27758.08,"quantity":1,"pnl":2315.1416043083955,"timestamp":1771313872970}
{"symbol":"TVSMOTOR-EQ","action":"SELL","price":1818.82,"quantity":1,"pnl":-642.6311794871792,"timestamp":1771313873968}
{"symbol":"TATAPOWER-EQ","action":"SELL","price":417.5,"quantity":1,"pnl":-8.73466666666667,"timestamp":1771313873975}
{"symbol":"LODHA-EQ","action":"SELL","price":1421.11,"quantity":1,"pnl":133.5481249999998,"timestamp":1771313873982}
{"symbol":"ICICIGI-EQ","action":"BUY","price":963.63,"quantity":1,"timestamp":1771313874981}
{"symbol":"AMBUJACEM-EQ","action":"BUY","price":359.36,"quantity":1,"timestamp":1771313874985}
{"symbol":"BOSCHLTD-EQ","action":"BUY","price":19412.25,"quantity":1,"timestamp":1771313874989}
{"symbol":"ZYDUSLIFE-EQ","action":"BUY","price":2567.73,"quantity":1,"timestamp":1771313875037}
{"symbol":"TATAPOWER-EQ","action":"SELL","price":440.36,"quantity":1,"pnl":14.125333333333401,"timestamp":1771313876992}
{"symbol":"BANKBARODA-EQ","action":"SELL","price":214.98,"quantity":1,"pnl":18.48997135416667,"timestamp":1771313878003}
{"symbol":"GODREJCP-EQ","action":"SELL","price":2044.24,"quantity":1,"pnl":294.6400000000001,"timestamp":1771313878010}
{"symbol":"SOLARINDS-EQ","action":"SELL","price":13988.33,"quantity":1,"pnl":777.7999999999993,"timestamp":1771313878015}
{"symbol":"ZYDUSLIFE-EQ","action":"SELL","price":2702.54,"quantity":1,"pnl":134.80999999999995,"timestamp":1771313880025}
{"symbol":"LICI-EQ","action":"SELL","price":1035.22,"quantity":1,"pnl":123.7066666666667,"timestamp":1771313880032}
{"symbol":"VEDL-EQ","action":"SELL","price":888.9,"quantity":1,"pnl":180.42999999999995,"timestamp":1771313882033}
{"symbol":"DMART-EQ","action":"SELL","price":5956.94,"quantity":1,"pnl":1409.7110416666665,"timestamp":1771313882041}
{"symbol":"ADANIENSOL-EQ","action":"SELL","price":595.34,"quantity":1,"pnl":-5.645599999999945,"timestamp":1771313883041}
{"symbol":"DIVISLAB-EQ","action":"SELL","price":8871.28,"quantity":1,"pnl":996.5700000000006,"timestamp":1771313884048}
{"symbol":"TORNTPHARM-EQ","action":"SELL","price":3425.66,"quantity":1,"pnl":449.85987172011573,"timestamp":1771313885061}
{"symbol":"UNITDSPR-EQ","action":"SELL","price":1233.61,"quantity":1,"pnl":44.79249999999979,"timestamp":1771313885065}
{"symbol":"MOTHERSON-EQ","action":"SELL","price":176.92,"quantity":1,"pnl":-4.514000000000038,"timestamp":1771313886064}
{"symbol":"ADANIENSOL-EQ","action":"SELL","price":633.78,"quantity":1,"pnl":32.794399999999996,"timestamp":1771313886071}
{"symbol":"CGPOWER-EQ","action":"SELL","price":492.67,"quantity":1,"pnl":7.050000000000011,"timestamp":1771313888086}
{"symbol":"RECLTD-EQ","action":"SELL","price":481.86,"quantity":1,"pnl":-62.61370370370378,"timestamp":1771313889088}
{"symbol":"JSWENERGY-EQ","action":"SELL","price":353.96,"quantity":1,"pnl":-5.500846560846583,"timestamp":1771313889096}
{"symbol":"PNB-EQ","action":"SELL","price":113.03,"quantity":1,"pnl":9.16562962962962,"timestamp":1771313891104}
{"symbol":"INDHOTEL-EQ","action":"SELL","price":680.44,"quantity":1,"pnl":45.35000000000002,"timestamp":1771313893121}
{"symbol":"HAL-EQ","action":"SELL","price":5545.3,"quantity":1,"pnl":301.09000000000015,"timestamp":1771313894123}
{"symbol":"LODHA-EQ","action":"BUY","price":1271.2,"quantity":1,"timestamp":1771313895135}
{"symbol":"PNB-EQ","action":"BUY","price":106.97,"quantity":1,"timestamp":1771313896135}
{"symbol":"INDHOTEL-EQ","action":"BUY","price":641.56,"quantity":1,"timestamp":1771313897129}
{"symbol":"MAZDOCK-EQ","action":"BUY","price":1622.13,"quantity":1,"timestamp":1771313897141}
{"symbol":"IOC-EQ","action":"BUY","price":214.43,"quantity":1,"timestamp":1771313898139}
{"symbol":"NAUKRI-EQ","action":"BUY","price":896.49,"quantity":1,"timestamp":1771313898146}
{"symbol":"SHREECEM-EQ","action":"BUY","price":26184.44,"quantity":1,"timestamp":1771313901166}
{"symbol":"IOC-EQ","action":"BUY","price":203.7,"quantity":1,"timestamp":1771313902168}
{"symbol":"ADANIPOWER-EQ","action":"BUY","price":131.86,"quantity":1,"timestamp":1771313902174}
{"symbol":"PIDILITIND-EQ","action":"BUY","price":1032.45,"quantity":1,"timestamp":1771313903183}
{"symbol":"TATAPOWER-EQ","action":"SELL","price":433.9,"quantity":1,"pnl":7.665333333333365,"timestamp":1771313904194}
{"symbol":"INDHOTEL-EQ","action":"SELL","price":674.25,"quantity":1,"pnl":32.690000000000055,"timestamp":1771313905206}
{"symbol":"GAIL-EQ","action":"SELL","price":175.39,"quantity":1,"pnl":7.1133333333333155,"timestamp":1771313905213}
{"symbol":"PNB-EQ","action":"SELL","price":112.72,"quantity":1,"pnl":8.234503703703695,"timestamp":1771313905217}
{"symbol":"VEDL-EQ","action":"BUY","price":884.47,"quantity":1,"timestamp":1771313906209}
{"symbol":"BAJAJHLDNG-EQ","action":"BUY","price":30700.05,"quantity":1,"timestamp":1771313906217}
{"symbol":"SHREECEM-EQ","action":"BUY","price":24757.24,"quantity":1,"timestamp":1771313906222}
{"symbol":"JSWENERGY-EQ","action":"BUY","price":313.98,"quantity":1,"timestamp":1771313906226}
{"symbol":"LICI-EQ","action":"BUY","price":1036.98,"quantity":1,"timestamp":1771313906230}
{"symbol":"RECLTD-EQ","action":"BUY","price":451.39,"quantity":1,"timestamp":1771313907212}
{"symbol":"HYUNDAI-EQ","action":"BUY","price":3847.94,"quantity":1,"timestamp":1771313907219}
{"symbol":"HINDZINC-EQ","action":"BUY","price":429.34,"quantity":1,"timestamp":1771313907223}
{"symbol":"VEDL-EQ","action":"SELL","price":941.68,"quantity":1,"pnl":57.20999999999992,"timestamp":1771313910239}
{"symbol":"CGPOWER-EQ","action":"SELL","price":520.02,"quantity":1,"pnl":34.39999999999998,"timestamp":1771313910248}
{"symbol":"LODHA-EQ","action":"SELL","price":1345.13,"quantity":1,"pnl":65.74906250000004,"timestamp":1771313910253}
{"symbol":"GODREJCP-EQ","action":"SELL","price":2062.45,"quantity":1,"pnl":312.85000000000014,"timestamp":1771313912250}
{"symbol":"AMBUJACEM-EQ","action":"SELL","price":384.62,"quantity":1,"pnl":-83.40285714285716,"timestamp":1771313914262}
{"symbol":"MAZDOCK-EQ","action":"SELL","price":1820.59,"quantity":1,"pnl":227.45312499999977,"timestamp":1771313914270}
{"symbol":"BAJAJHFL-EQ","action":"SELL","price":86.6,"quantity":1,"pnl":3.059999999999988,"timestamp":1771313915272}
{"symbol":"IOC-EQ","action":"SELL","price":215.35,"quantity":1,"pnl":-11.150000000000006,"timestamp":1771313917290}
{"symbol":"PFC-EQ","action":"SELL","price":612.06,"quantity":1,"pnl":-6.680000000000064,"timestamp":1771313917293}
{"symbol":"JINDALSTEL-EQ","action":"SELL","price":1002.94,"quantity":1,"pnl":77.70486111111109,"timestamp":1771313918295}
{"symbol":"LICI-EQ","action":"SELL","price":1048.87,"quantity":1,"pnl":11.889999999999873,"timestamp":1771313918304}
{"symbol":"MOTHERSON-EQ","action":"SELL","price":177.64,"quantity":1,"pnl":-3.794000000000068,"timestamp":1771313919304}
{"symbol":"ENRIN-EQ","action":"SELL","price":1842.47,"quantity":1,"pnl":-170.92499999999995,"timestamp":1771313919310}
{"symbol":"ADANIPOWER-EQ","action":"SELL","price":131.83,"quantity":1,"pnl":-5.289999999999992,"timestamp":1771313922321}
{"symbol":"IOC-EQ","action":"SELL","price":226.33,"quantity":1,"pnl":-0.1699999999999875,"timestamp":1771313923333}
{"symbol":"ADANIGREEN-EQ","action":"SELL","price":814.8,"quantity":1,"pnl":61.83666666666659,"timestamp":1771313924345}
{"symbol":"DMART-EQ","action":"SELL","price":6288.26,"quantity":1,"pnl":1741.031041666667,"timestamp":1771313926354}
{"symbol":"GAIL-EQ","action":"SELL","price":185.57,"quantity":1,"pnl":17.293333333333322,"timestamp":1771313927359}
{"symbol":"INDHOTEL-EQ","action":"BUY","price":638.61,"quantity":1,"timestamp":1771313928358}
{"symbol":"BANKBARODA-EQ","action":"BUY","price":217.2,"quantity":1,"timestamp":1771313928363}
{"symbol":"CANBK-EQ","action":"BUY","price":177.83,"quantity":1,"timestamp":1771313928368}
{"symbol":"SOLARINDS-EQ","action":"BUY","price":12539.6,"quantity":1,"timestamp":1771313929365}
{"symbol":"BRITANNIA-EQ","action":"BUY","price":8855.82,"quantity":1,"timestamp":1771313930368}
{"symbol":"BPCL-EQ","action":"BUY","price":338.07,"quantity":1,"timestamp":1771313931376}
{"symbol":"GODREJCP-EQ","action":"BUY","price":1836.27,"quantity":1,"timestamp":1771313931382}
{"symbol":"HYUNDAI-EQ","action":"SELL","price":3646.13,"quantity":1,"pnl":-857.5719999999992,"timestamp":1771313933397}
{"symbol":"ABB-EQ","action":"SELL","price":7110.1,"quantity":1,"pnl":-423.0799999999999,"timestamp":1771313934410}
{"symbol":"HAL-EQ","action":"BUY","price":5181.62,"quantity":1,"timestamp":1771313935414}
{"symbol":"BRITANNIA-EQ","action":"BUY","price":8389.02,"quantity":1,"timestamp":1771313935419}
{"symbol":"PIDILITIND-EQ","action":"BUY","price":977.66,"quantity":1,"timestamp":1771313935425}
{"symbol":"GAIL-EQ","action":"BUY","price":175.53,"quantity":1,"timestamp":1771313935429}
{"symbol":"ENRIN-EQ","action":"BUY","price":1645.46,"quantity":1,"timestamp":1771313936426}
{"symbol":"ABB-EQ","action":"BUY","price":6630.56,"quantity":1,"timestamp":1771313938433}
{"symbol":"HINDZINC-EQ","action":"BUY","price":402.25,"quantity":1,"timestamp":1771313939440}
{"symbol":"SHREECEM-EQ","action":"BUY","price":24902.6,"quantity":1,"timestamp":1771313940437}
{"symbol":"NAUKRI-EQ","action":"BUY","price":754,"quantity":1,"timestamp":1771313941444}
{"symbol":"SIEMENS-EQ","action":"BUY","price":1373.42,"quantity":1,"timestamp":1771313941451}
{"symbol":"LICI-EQ","action":"BUY","price":993.82,"quantity":1,"timestamp":1771313942451}
{"symbol":"TVSMOTOR-EQ","action":"SELL","price":2033.14,"quantity":1,"pnl":-428.31117948717906,"timestamp":1771313943452}
{"symbol":"ADANIPOWER-EQ","action":"SELL","price":140.91,"quantity":1,"pnl":3.789999999999992,"timestamp":1771313943459}
{"symbol":"HAVELLS-EQ","action":"SELL","price":927.14,"quantity":1,"pnl":112.64430781249996,"timestamp":1771313943464}
{"symbol":"JSWENERGY-EQ","action":"SELL","price":333.23,"quantity":1,"pnl":-19.733582766439838,"timestamp":1771313943469}
{"symbol":"ABB-EQ","action":"SELL","price":7047.09,"quantity":1,"pnl":-185.21666666666715,"timestamp":1771313944469}
{"symbol":"HAL-EQ","action":"SELL","price":5452.01,"quantity":1,"pnl":270.3900000000003,"timestamp":1771313945467}
{"symbol":"HYUNDAI-EQ","action":"SELL","price":4078.29,"quantity":1,"pnl":-425.41199999999935,"timestamp":1771313945476}
{"symbol":"NAUKRI-EQ","action":"SELL","price":801.85,"quantity":1,"pnl":-413.5993749999999,"timestamp":1771313946479}
{"symbol":"ADANIENSOL-EQ","action":"SELL","price":641.83,"quantity":1,"pnl":40.844400000000064,"timestamp":1771313947492}
{"symbol":"PNB-EQ","action":"SELL","price":118.59,"quantity":1,"pnl":14.104503703703699,"timestamp":1771313948496}
{"symbol":"DIVISLAB-EQ","action":"BUY","price":8732.34,"quantity":1,"timestamp":1771313949498}
{"symbol":"TORNTPHARM-EQ","action":"BUY","price":2804.57,"quantity":1,"timestamp":1771313949504}
{"symbol":"SHREECEM-EQ","action":"BUY","price":23351.82,"quantity":1,"timestamp":1771313949509}
{"symbol":"ABB-EQ","action":"BUY","price":6560.59,"quantity":1,"timestamp":1771313950518}
{"symbol":"HAVELLS-EQ","action":"BUY","price":876.03,"quantity":1,"timestamp":1771313952530}
{"symbol":"TVSMOTOR-EQ","action":"SELL","price":2135.76,"quantity":1,"pnl":-325.69117948717894,"timestamp":1771313953528}
{"symbol":"BRITANNIA-EQ","action":"SELL","price":8943.22,"quantity":1,"pnl":76.89333333333343,"timestamp":1771313954546}
{"symbol":"INDHOTEL-EQ","action":"SELL","price":678.41,"quantity":1,"pnl":39.799999999999955,"timestamp":1771313955546}
{"symbol":"IOC-EQ","action":"SELL","price":211.26,"quantity":1,"pnl":-15.240000000000009,"timestamp":1771313955551}
{"symbol":"ICICIGI-EQ","action":"SELL","price":897.58,"quantity":1,"pnl":-380.37133333333315,"timestamp":1771313955556}
{"symbol":"GAIL-EQ","action":"SELL","price":173.64,"quantity":1,"pnl":-1.8900000000000148,"timestamp":1771313955559}
{"symbol":"TORNTPHARM-EQ","action":"SELL","price":3004.72,"quantity":1,"pnl":71.72740379008656,"timestamp":1771313955563}
{"symbol":"AMBUJACEM-EQ","action":"SELL","price":415.07,"quantity":1,"pnl":-52.952857142857226,"timestamp":1771313955567}
{"symbol":"HAL-EQ","action":"BUY","price":5399.33,"quantity":1,"timestamp":1771313957555}
{"symbol":"TATAPOWER-EQ","action":"BUY","price":433.8,"quantity":1,"timestamp":1771313957562}
{"symbol":"BAJAJHLDNG-EQ","action":"BUY","price":27462.74,"quantity":1,"timestamp":1771313957567}
{"symbol":"MOTHERSON-EQ","action":"BUY","price":176.52,"quantity":1,"timestamp":1771313958560}
{"symbol":"PIDILITIND-EQ","action":"BUY","price":863.5,"quantity":1,"timestamp":1771313958568}
{"symbol":"PNB-EQ","action":"BUY","price":112.05,"quantity":1,"timestamp":1771313958572}
{"symbol":"LODHA-EQ","action":"BUY","price":1029.28,"quantity":1,"timestamp":1771313958577}
{"symbol":"BRITANNIA-EQ","action":"BUY","price":8403.82,"quantity":1,"timestamp":1771313960585}
{"symbol":"CANBK-EQ","action":"BUY","price":167.2,"quantity":1,"timestamp":1771313961600}
{"symbol":"LICI-EQ","action":"BUY","price":942.21,"quantity":1,"timestamp":1771313961609}
{"symbol":"BAJAJHFL-EQ","action":"BUY","price":80.71,"quantity":1,"timestamp":1771313961612}
{"symbol":"UNITDSPR-EQ","action":"SELL","price":1151.56,"quantity":1,"pnl":-37.257500000000164,"timestamp":1771313962605}
{"symbol":"LODHA-EQ","action":"SELL","price":1083.68,"quantity":1,"pnl":-70.65046874999985,"timestamp":1771313963614}
{"symbol":"BRITANNIA-EQ","action":"SELL","price":8825.79,"quantity":1,"pnl":113.63222222222248,"timestamp":1771313964628}
{"symbol":"RECLTD-EQ","action":"SELL","price":423.55,"quantity":1,"pnl":-89.89580246913573,"timestamp":1771313964636}
{"symbol":"BOSCHLTD-EQ","action":"SELL","price":20656.46,"quantity":1,"pnl":-4455.743549382718,"timestamp":1771313964641}
{"symbol":"SIEMENS-EQ","action":"SELL","price":1645.4,"quantity":1,"pnl":-73.28973016826922,"timestamp":1771313965636}
{"symbol":"HAL-EQ","action":"SELL","price":5706.29,"quantity":1,"pnl":306.96000000000004,"timestamp":1771313967633}
{"symbol":"PIDILITIND-EQ","action":"BUY","price":814.18,"quantity":1,"timestamp":1771313968635}
{"symbol":"LTIM-EQ","action":"BUY","price":3756.76,"quantity":1,"timestamp":1771313969656}
{"symbol":"MOTHERSON-EQ","action":"BUY","price":167.02,"quantity":1,"timestamp":1771313969665}
{"symbol":"VEDL-EQ","action":"BUY","price":942.43,"quantity":1,"timestamp":1771313970664}
{"symbol":"ADANIPOWER-EQ","action":"BUY","price":140.69,"quantity":1,"timestamp":1771313970673}
{"symbol":"DLF-EQ","action":"BUY","price":476.69,"quantity":1,"timestamp":1771313971672}
{"symbol":"BAJAJHFL-EQ","action":"BUY","price":75.18,"quantity":1,"timestamp":1771313971683}
{"symbol":"BOSCHLTD-EQ","action":"BUY","price":19526.72,"quantity":1,"timestamp":1771313972682}
{"symbol":"ADANIPOWER-EQ","action":"SELL","price":148.27,"quantity":1,"pnl":7.5800000000000125,"timestamp":1771313973696}
{"symbol":"SOLARINDS-EQ","action":"SELL","price":15632.03,"quantity":1,"pnl":3092.4300000000003,"timestamp":1771313973727}
{"symbol":"GODREJCP-EQ","action":"SELL","price":1934.18,"quantity":1,"pnl":155.69000000000028,"timestamp":1771313976725}
{"symbol":"BAJAJHLDNG-EQ","action":"SELL","price":28924.83,"quantity":1,"pnl":-156.5649999999987,"timestamp":1771313976730}
{"symbol":"BOSCHLTD-EQ","action":"SELL","price":20581.16,"quantity":1,"pnl":-3910.4342661179726,"timestamp":1771313976742}
{"symbol":"LODHA-EQ","action":"SELL","price":1076.15,"quantity":1,"pnl":-78.18046874999982,"timestamp":1771313976750}
{"symbol":"TATAPOWER-EQ","action":"SELL","price":462.31,"quantity":1,"pnl":28.50999999999999,"timestamp":1771313977723}
{"symbol":"LTIM-EQ","action":"SELL","price":4005.8,"quantity":1,"pnl":-748.8640999999998,"timestamp":1771313977732}
{"symbol":"CANBK-EQ","action":"SELL","price":176.21,"quantity":1,"pnl":3.6950000000000216,"timestamp":1771313978730}
{"symbol":"SIEMENS-EQ","action":"SELL","price":1752.39,"quantity":1,"pnl":33.70026983173079,"timestamp":1771313980745}
{"symbol":"BANKBARODA-EQ","action":"SELL","price":228.48,"quantity":1,"pnl":21.634985677083336,"timestamp":1771313984776}
{"symbol":"ICICIGI-EQ","action":"SELL","price":901.58,"quantity":1,"pnl":-376.3713333333334,"timestamp":1771313984783}
{"symbol":"NAUKRI-EQ","action":"SELL","price":846.79,"quantity":1,"pnl":-368.65937499999995,"timestamp":1771313985787}
{"symbol":"HINDZINC-EQ","action":"SELL","price":380.55,"quantity":1,"pnl":-52.11893333333336,"timestamp":1771313987813}
{"symbol":"SHREECEM-EQ","action":"SELL","price":25974.56,"quantity":1,"pnl":853.5783021541974,"timestamp":1771313988816}
{"symbol":"BANKBARODA-EQ","action":"BUY","price":215.44,"quantity":1,"timestamp":1771313989826}
{"symbol":"BOSCHLTD-EQ","action":"BUY","price":19417.97,"quantity":1,"timestamp":1771313989834}
{"symbol":"MAZDOCK-EQ","action":"BUY","price":1830.61,"quantity":1,"timestamp":1771313990836}
{"symbol":"ADANIPOWER-EQ","action":"BUY","price":140.58,"quantity":1,"timestamp":1771313991840}
{"symbol":"CANBK-EQ","action":"BUY","price":167.3,"quantity":1,"timestamp":1771313991846}
{"symbol":"PIDILITIND-EQ","action":"BUY","price":720.23,"quantity":1,"timestamp":1771313991849}
{"symbol":"UNITDSPR-EQ","action":"BUY","price":1085.6,"quantity":1,"timestamp":1771313991853}
{"symbol":"VEDL-EQ","action":"BUY","price":884.38,"quantity":1,"timestamp":1771313992844}
{"symbol":"BPCL-EQ","action":"BUY","price":334,"quantity":1,"timestamp":1771313992851}
{"symbol":"ADANIENSOL-EQ","action":"BUY","price":607.77,"quantity":1,"timestamp":1771313992858}
{"symbol":"SOLARINDS-EQ","action":"BUY","price":15802.12,"quantity":1,"timestamp":1771313992861}
{"symbol":"ABB-EQ","action":"BUY","price":6220.78,"quantity":1,"timestamp":1771313992865}
{"symbol":"DIVISLAB-EQ","action":"SELL","price":9703.04,"quantity":1,"pnl":970.7000000000007,"timestamp":1771313993854}
{"symbol":"LICI-EQ","action":"SELL","price":942.56,"quantity":1,"pnl":-25.455000000000155,"timestamp":1771313995882}
{"symbol":"TVSMOTOR-EQ","action":"SELL","price":2151.08,"quantity":1,"pnl":-310.37117948717923,"timestamp":1771313996889}
{"symbol":"GODREJCP-EQ","action":"SELL","price":2032.52,"quantity":1,"pnl":254.0300000000002,"timestamp":1771313996896}
{"symbol":"BRITANNIA-EQ","action":"SELL","price":8853.09,"quantity":1,"pnl":140.93222222222175,"timestamp":1771313997898}
{"symbol":"VEDL-EQ","action":"SELL","price":930.46,"quantity":1,"pnl":17.055000000000064,"timestamp":1771313998909}
{"symbol":"ENRIN-EQ","action":"SELL","price":1621.81,"quantity":1,"pnl":-207.61750000000006,"timestamp":1771313999920}
{"symbol":"BAJAJHFL-EQ","action":"SELL","price":79.63,"quantity":1,"pnl":1.6850000000000023,"timestamp":1771313999926}
{"symbol":"BANKBARODA-EQ","action":"SELL","price":227.54,"quantity":1,"pnl":16.397492838541666,"timestamp":1771314000928}
{"symbol":"MOTHERSON-EQ","action":"SELL","price":177.11,"quantity":1,"pnl":0.5080000000000098,"timestamp":1771314000933}
{"symbol":"CGPOWER-EQ","action":"BUY","price":524.98,"quantity":1,"timestamp":1771314001931}
{"symbol":"GAIL-EQ","action":"BUY","price":193.21,"quantity":1,"timestamp":1771314002941}
{"symbol":"HINDZINC-EQ","action":"BUY","price":361.44,"quantity":1,"timestamp":1771314002947}
{"symbol":"ABB-EQ","action":"BUY","price":5798.66,"quantity":1,"timestamp":1771314004959}
{"symbol":"IRFC-EQ","action":"BUY","price":107.07,"quantity":1,"timestamp":1771314004963}
{"symbol":"BRITANNIA-EQ","action":"SELL","price":9357.63,"quantity":1,"pnl":645.4722222222208,"timestamp":1771314005966}
{"symbol":"TATAPOWER-EQ","action":"BUY","price":413.27,"quantity":1,"timestamp":1771314007970}
{"symbol":"CHOLAFIN-EQ","action":"BUY","price":659.14,"quantity":1,"timestamp":1771314008981}
{"symbol":"GODREJCP-EQ","action":"BUY","price":1930.79,"quantity":1,"timestamp":1771314010998}
{"symbol":"CHOLAFIN-EQ","action":"BUY","price":622.43,"quantity":1,"timestamp":1771314012005}
{"symbol":"UNITDSPR-EQ","action":"BUY","price":1031.19,"quantity":1,"timestamp":1771314012014}
{"symbol":"ADANIGREEN-EQ","action":"BUY","price":767.27,"quantity":1,"timestamp":1771314012023}
{"symbol":"PFC-EQ","action":"BUY","price":636.85,"quantity":1,"timestamp":1771314013011}
{"symbol":"RECLTD-EQ","action":"BUY","price":402.01,"quantity":1,"timestamp":1771314013017}
{"symbol":"DLF-EQ","action":"BUY","price":425.88,"quantity":1,"timestamp":1771314013022}
{"symbol":"DMART-EQ","action":"BUY","price":5546.31,"quantity":1,"timestamp":1771314014015}
{"symbol":"IRFC-EQ","action":"BUY","price":101.7,"quantity":1,"timestamp":1771314014022}
{"symbol":"BAJAJHFL-EQ","action":"BUY","price":74.5,"quantity":1,"timestamp":1771314014027}
{"symbol":"HINDZINC-EQ","action":"BUY","price":341.81,"quantity":1,"timestamp":1771314015023}
{"symbol":"BAJAJHFL-EQ","action":"BUY","price":70.4,"quantity":1,"timestamp":1771314017046}
{"symbol":"VEDL-EQ","action":"BUY","price":961.52,"quantity":1,"timestamp":1771314018042}
{"symbol":"UNITDSPR-EQ","action":"BUY","price":964.57,"quantity":1,"timestamp":1771314019057}
{"symbol":"LICI-EQ","action":"BUY","price":930.21,"quantity":1,"timestamp":1771314019068}
{"symbol":"HYUNDAI-EQ","action":"BUY","price":3824.31,"quantity":1,"timestamp":1771314021068}
{"symbol":"SIEMENS-EQ","action":"BUY","price":1661.9,"quantity":1,"timestamp":1771314021075}
{"symbol":"ADANIPOWER-EQ","action":"BUY","price":131.3,"quantity":1,"timestamp":1771314024079}
{"symbol":"CANBK-EQ","action":"BUY","price":167.97,"quantity":1,"timestamp":1771314024084}
{"symbol":"MOTHERSON-EQ","action":"BUY","price":198.46,"quantity":1,"timestamp":1771314024090}
{"symbol":"BOSCHLTD-EQ","action":"BUY","price":17312.85,"quantity":1,"timestamp":1771314025081}
{"symbol":"HAVELLS-EQ","action":"BUY","price":740.32,"quantity":1,"timestamp":1771314026082}
{"symbol":"ENRIN-EQ","action":"BUY","price":1538.93,"quantity":1,"timestamp":1771314026089}
{"symbol":"BRITANNIA-EQ","action":"BUY","price":8874.84,"quantity":1,"timestamp":1771314027094}
{"symbol":"LTIM-EQ","action":"BUY","price":3987.3,"quantity":1,"timestamp":1771314027101}
{"symbol":"PNB-EQ","action":"BUY","price":111.58,"quantity":1,"timestamp":1771314028111}
{"symbol":"VEDL-EQ","action":"BUY","price":901.55,"quantity":1,"timestamp":1771314031134}
{"symbol":"LODHA-EQ","action":"BUY","price":1080.4,"quantity":1,"timestamp":1771314031146}
{"symbol":"IRFC-EQ","action":"BUY","price":95.5,"quantity":1,"timestamp":1771314032151}
{"symbol":"JSWENERGY-EQ","action":"BUY","price":267.68,"quantity":1,"timestamp":1771314034159}
{"symbol":"TATAPOWER-EQ","action":"BUY","price":438.51,"quantity":1,"timestamp":1771314036171}
{"symbol":"BOSCHLTD-EQ","action":"BUY","price":16337.82,"quantity":1,"timestamp":1771314036180}
{"symbol":"BANKBARODA-EQ","action":"BUY","price":227.4,"quantity":1,"timestamp":1771314037175}
{"symbol":"MAZDOCK-EQ","action":"BUY","price":1558.48,"quantity":1,"timestamp":1771314037187}
{"symbol":"ENRIN-EQ","action":"SELL","price":1630.91,"quantity":1,"pnl":-53.268749999999955,"timestamp":1771314038194}
{"symbol":"HINDZINC-EQ","action":"SELL","price":406.57,"quantity":1,"pnl":0.9157111111110794,"timestamp":1771314039197}
{"symbol":"RECLTD-EQ","action":"SELL","price":428.63,"quantity":1,"pnl":-47.67053497942385,"timestamp":1771314040205}
{"symbol":"TATAPOWER-EQ","action":"SELL","price":460.89,"quantity":1,"pnl":35,"timestamp":1771314041214}
{"symbol":"TORNTPHARM-EQ","action":"SELL","price":2974.27,"quantity":1,"pnl":41.27740379008674,"timestamp":1771314041236}
{"symbol":"IRFC-EQ","action":"SELL","price":101.25,"quantity":1,"pnl":-0.173333333333332,"timestamp":1771314041245}
{"symbol":"DLF-EQ","action":"SELL","price":448.1,"quantity":1,"pnl":-23.08000000000004,"timestamp":1771314042232}
{"symbol":"DMART-EQ","action":"BUY","price":5207.74,"quantity":1,"timestamp":1771314043221}
{"symbol":"CANBK-EQ","action":"BUY","price":158.65,"quantity":1,"timestamp":1771314043231}
{"symbol":"JINDALSTEL-EQ","action":"BUY","price":1332.26,"quantity":1,"timestamp":1771314043251}
{"symbol":"HYUNDAI-EQ","action":"BUY","price":3594.07,"quantity":1,"timestamp":1771314043267}
{"symbol":"MAZDOCK-EQ","action":"BUY","price":1465.45,"quantity":1,"timestamp":1771314045254}
{"symbol":"SIEMENS-EQ","action":"BUY","price":1577.5,"quantity":1,"timestamp":1771314046264}
{"symbol":"VEDL-EQ","action":"BUY","price":851.16,"quantity":1,"timestamp":1771314047259}
{"symbol":"RECLTD-EQ","action":"BUY","price":405.82,"quantity":1,"timestamp":1771314047267}
{"symbol":"NAUKRI-EQ","action":"BUY","price":837.75,"quantity":1,"timestamp":1771314048275}
{"symbol":"HAVELLS-EQ","action":"BUY","price":702.85,"quantity":1,"timestamp":1771314050293}
{"symbol":"HINDZINC-EQ","action":"BUY","price":382.44,"quantity":1,"timestamp":1771314051302}
{"symbol":"PIDILITIND-EQ","action":"BUY","price":831.98,"quantity":1,"timestamp":1771314052307}
{"symbol":"AMBUJACEM-EQ","action":"BUY","price":349.45,"quantity":1,"timestamp":1771314053316}
{"symbol":"SIEMENS-EQ","action":"BUY","price":1489.07,"quantity":1,"timestamp":1771314053322}
{"symbol":"ABB-EQ","action":"SELL","price":6482.46,"quantity":1,"pnl":-126.46866666666665,"timestamp":1771314054317}
{"symbol":"HINDZINC-EQ","action":"SELL","price":403.31,"quantity":1,"pnl":1.5247592592592127,"timestamp":1771314056336}
{"symbol":"MAZDOCK-EQ","action":"SELL","price":1554.17,"quantity":1,"pnl":-51.488437500000146,"timestamp":1771314056345}
{"symbol":"CHOLAFIN-EQ","action":"SELL","price":655.22,"quantity":1,"pnl":-244.8573240740742,"timestamp":1771314057340}
{"symbol":"JINDALSTEL-EQ","action":"BUY","price":1335.29,"quantity":1,"timestamp":1771314060354}
{"symbol":"HAVELLS-EQ","action":"BUY","price":661.96,"quantity":1,"timestamp":1771314060359}
{"symbol":"TVSMOTOR-EQ","action":"BUY","price":2294.19,"quantity":1,"timestamp":1771314062361}
{"symbol":"BPCL-EQ","action":"BUY","price":332.38,"quantity":1,"timestamp":1771314062368}
{"symbol":"GAIL-EQ","action":"BUY","price":190.66,"quantity":1,"timestamp":1771314062376}
{"symbol":"DMART-EQ","action":"BUY","price":4894.67,"quantity":1,"timestamp":1771314063371}
{"symbol":"BRITANNIA-EQ","action":"BUY","price":8891.01,"quantity":1,"timestamp":1771314064377}
{"symbol":"CGPOWER-EQ","action":"BUY","price":524.72,"quantity":1,"timestamp":1771314064387}
{"symbol":"MAZDOCK-EQ","action":"BUY","price":1560,"quantity":1,"timestamp":1771314065382}
{"symbol":"CHOLAFIN-EQ","action":"BUY","price":621.03,"quantity":1,"timestamp":1771314066392}
{"symbol":"BANKBARODA-EQ","action":"BUY","price":202.58,"quantity":1,"timestamp":1771314066399}
{"symbol":"UNITDSPR-EQ","action":"BUY","price":918.84,"quantity":1,"timestamp":1771314066407}
{"symbol":"VBL-EQ","action":"BUY","price":360.98,"quantity":1,"timestamp":1771314067398}
{"symbol":"MOTHERSON-EQ","action":"BUY","price":200.08,"quantity":1,"timestamp":1771314067417}
{"symbol":"IRFC-EQ","action":"BUY","price":100.48,"quantity":1,"timestamp":1771314067433}
{"symbol":"HAL-EQ","action":"BUY","price":5356.52,"quantity":1,"timestamp":1771314068405}
{"symbol":"GODREJCP-EQ","action":"BUY","price":1841.39,"quantity":1,"timestamp":1771314068424}
{"symbol":"BAJAJHLDNG-EQ","action":"BUY","price":26749.99,"quantity":1,"timestamp":1771314068430}
{"symbol":"SIEMENS-EQ","action":"BUY","price":1391.28,"quantity":1,"timestamp":1771314068441}
{"symbol":"ABB-EQ","action":"BUY","price":6567.05,"quantity":1,"timestamp":1771314068454}
{"symbol":"LICI-EQ","action":"BUY","price":829.16,"quantity":1,"timestamp":1771314068461}
{"symbol":"AMBUJACEM-EQ","action":"BUY","price":348.57,"quantity":1,"timestamp":1771314070424}
{"symbol":"BOSCHLTD-EQ","action":"BUY","price":15499.47,"quantity":1,"timestamp":1771314070433}
{"symbol":"SOLARINDS-EQ","action":"BUY","price":13859.62,"quantity":1,"timestamp":1771314070437}
{"symbol":"BANKBARODA-EQ","action":"BUY","price":191.48,"quantity":1,"timestamp":1771314071429}
{"symbol":"NAUKRI-EQ","action":"BUY","price":837.7,"quantity":1,"timestamp":1771314071436}
{"symbol":"HYUNDAI-EQ","action":"BUY","price":4025.31,"quantity":1,"timestamp":1771314071446}
{"symbol":"ZYDUSLIFE-EQ","action":"BUY","price":2811.58,"quantity":1,"timestamp":1771314071450}
{"symbol":"GODREJCP-EQ","action":"SELL","price":1953.15,"quantity":1,"pnl":102.92666666666673,"timestamp":1771314072434}
{"symbol":"SHREECEM-EQ","action":"SELL","price":33250.05,"quantity":1,"pnl":8129.068302154199,"timestamp":1771314072441}
{"symbol":"CGPOWER-EQ","action":"BUY","price":494.79,"quantity":1,"timestamp":1771314073448}
{"symbol":"LODHA-EQ","action":"BUY","price":1089.65,"quantity":1,"timestamp":1771314073456}
{"symbol":"VBL-EQ","action":"BUY","price":338.79,"quantity":1,"timestamp":1771314075465}
{"symbol":"ADANIPOWER-EQ","action":"BUY","price":153.25,"quantity":1,"timestamp":1771314076469}
{"symbol":"JINDALSTEL-EQ","action":"BUY","price":1259.15,"quantity":1,"timestamp":1771314077484}
{"symbol":"DMART-EQ","action":"BUY","price":5197.26,"quantity":1,"timestamp":1771314078486}
{"symbol":"CANBK-EQ","action":"BUY","price":159.76,"quantity":1,"timestamp":1771314078495}
{"symbol":"GODREJCP-EQ","action":"BUY","price":1840.33,"quantity":1,"timestamp":1771314079494}
{"symbol":"PIDILITIND-EQ","action":"BUY","price":831.38,"quantity":1,"timestamp":1771314080509}
{"symbol":"ICICIGI-EQ","action":"BUY","price":757.62,"quantity":1,"timestamp":1771314080520}
{"symbol":"HYUNDAI-EQ","action":"BUY","price":4040.96,"quantity":1,"timestamp":1771314080535}
{"symbol":"ENRIN-EQ","action":"BUY","price":1627.91,"quantity":1,"timestamp":1771314081540}
{"symbol":"NAUKRI-EQ","action":"BUY","price":840.42,"quantity":1,"timestamp":1771314082532}
{"symbol":"UNITDSPR-EQ","action":"SELL","price":967.84,"quantity":1,"pnl":-32.210000000000036,"timestamp":1771314083548}
{"symbol":"BOSCHLTD-EQ","action":"SELL","price":16320.56,"quantity":1,"pnl":-5721.178677411981,"timestamp":1771314083554}
{"symbol":"TORNTPHARM-EQ","action":"SELL","price":3333.8,"quantity":1,"pnl":400.80740379008694,"timestamp":1771314084560}
{"symbol":"HINDZINC-EQ","action":"SELL","price":399.5,"quantity":1,"pnl":-2.2852407407407327,"timestamp":1771314084573}
{"symbol":"ICICIGI-EQ","action":"SELL","price":800.18,"quantity":1,"pnl":-419.9567407407409,"timestamp":1771314085562}
{"symbol":"DLF-EQ","action":"SELL","price":471.56,"quantity":1,"pnl":0.3799999999999386,"timestamp":1771314085570}
{"symbol":"BANKBARODA-EQ","action":"SELL","price":201.21,"quantity":1,"pnl":-6.9406267903645755,"timestamp":1771314086561}
{"symbol":"UNITDSPR-EQ","action":"SELL","price":1017.88,"quantity":1,"pnl":17.829999999999927,"timestamp":1771314088585}
{"symbol":"LODHA-EQ","action":"SELL","price":1216.37,"quantity":1,"pnl":131.3449999999998,"timestamp":1771314089596}
{"symbol":"ABB-EQ","action":"SELL","price":6992.31,"quantity":1,"pnl":391.7570666666661,"timestamp":1771314089601}
{"symbol":"IRFC-EQ","action":"SELL","price":111.17,"quantity":1,"pnl":10.061111111111117,"timestamp":1771314089605}
{"symbol":"VBL-EQ","action":"SELL","price":362.49,"quantity":1,"pnl":-57.714604444444376,"timestamp":1771314090600}
{"symbol":"TORNTPHARM-EQ","action":"SELL","price":3546.35,"quantity":1,"pnl":613.3574037900867,"timestamp":1771314090606}
{"symbol":"DLF-EQ","action":"SELL","price":497.72,"quantity":1,"pnl":26.539999999999964,"timestamp":1771314090610}
{"symbol":"AMBUJACEM-EQ","action":"SELL","price":366.91,"quantity":1,"pnl":-67.10918367346937,"timestamp":1771314090614}
{"symbol":"GAIL-EQ","action":"SELL","price":200.59,"quantity":1,"pnl":8.655000000000001,"timestamp":1771314091607}
{"symbol":"LODHA-EQ","action":"SELL","price":1288.4,"quantity":1,"pnl":203.375,"timestamp":1771314092622}
{"symbol":"GODREJCP-EQ","action":"SELL","price":1955.02,"quantity":1,"pnl":108.09444444444443,"timestamp":1771314093629}
{"symbol":"TVSMOTOR-EQ","action":"SELL","price":2422.03,"quantity":1,"pnl":-22.695061538460777,"timestamp":1771314094634}
{"symbol":"ABB-EQ","action":"SELL","price":7377.2,"quantity":1,"pnl":776.6470666666655,"timestamp":1771314094646}
{"symbol":"CHOLAFIN-EQ","action":"SELL","price":654.65,"quantity":1,"pnl":-214.42206584362157,"timestamp":1771314095647}
{"symbol":"BRITANNIA-EQ","action":"SELL","price":9412.17,"quantity":1,"pnl":529.2450000000008,"timestamp":1771314095653}
{"symbol":"VBL-EQ","action":"SELL","price":384.94,"quantity":1,"pnl":-35.26460444444439,"timestamp":1771314095658}
{"symbol":"MOTHERSON-EQ","action":"SELL","price":199.24,"quantity":1,"pnl":13.570799999999991,"timestamp":1771314095664}
{"symbol":"HINDZINC-EQ","action":"SELL","price":419.62,"quantity":1,"pnl":17.834759259259272,"timestamp":1771314095670}
{"symbol":"SOLARINDS-EQ","action":"SELL","price":15637.24,"quantity":1,"pnl":806.369999999999,"timestamp":1771314096651}
{"symbol":"BANKBARODA-EQ","action":"SELL","price":202.66,"quantity":1,"pnl":-5.4906267903645585,"timestamp":1771314097652}
{"symbol":"UNITDSPR-EQ","action":"SELL","price":1070.23,"quantity":1,"pnl":70.18000000000006,"timestamp":1771314097658}
{"symbol":"TATAPOWER-EQ","action":"SELL","price":485.16,"quantity":1,"pnl":59.27000000000004,"timestamp":1771314098661}
{"symbol":"ADANIPOWER-EQ","action":"SELL","price":161.13,"quantity":1,"pnl":19.419999999999987,"timestamp":1771314098668}
{"symbol":"JINDALSTEL-EQ","action":"SELL","price":1256.44,"quantity":1,"pnl":-52.460000000000036,"timestamp":1771314098675}
{"symbol":"HINDZINC-EQ","action":"SELL","price":440.94,"quantity":1,"pnl":39.15475925925932,"timestamp":1771314098680}
{"symbol":"BPCL-EQ","action":"SELL","price":334.99,"quantity":1,"pnl":2.777500000000032,"timestamp":1771314099665}
{"symbol":"DMART-EQ","action":"SELL","price":5522.53,"quantity":1,"pnl":311.03499999999985,"timestamp":1771314099671}
{"symbol":"IRFC-EQ","action":"SELL","price":110.96,"quantity":1,"pnl":9.85111111111111,"timestamp":1771314101691}
{"symbol":"SHREECEM-EQ","action":"SELL","price":33284.09,"quantity":1,"pnl":8163.108302154189,"timestamp":1771314102698}
{"symbol":"NAUKRI-EQ","action":"SELL","price":890.29,"quantity":1,"pnl":-199.5506944444444,"timestamp":1771314103695}
{"symbol":"BAJAJHLDNG-EQ","action":"SELL","price":26739.01,"quantity":1,"pnl":-1176.6825000000026,"timestamp":1771314104709}
{"symbol":"JSWENERGY-EQ","action":"SELL","price":316.04,"quantity":1,"pnl":-24.740213799805588,"timestamp":1771314104716}
{"symbol":"ABB-EQ","action":"SELL","price":7771.35,"quantity":1,"pnl":1170.7970666666652,"timestamp":1771314106730}
{"symbol":"ADANIPOWER-EQ","action":"SELL","price":169.31,"quantity":1,"pnl":27.600000000000023,"timestamp":1771314107725}
{"symbol":"HAVELLS-EQ","action":"SELL","price":655.16,"quantity":1,"pnl":-90.13,"timestamp":1771314107734}
{"symbol":"VBL-EQ","action":"SELL","price":406.22,"quantity":1,"pnl":-13.984604444444358,"timestamp":1771314109742}
{"symbol":"BOSCHLTD-EQ","action":"SELL","price":16370.42,"quantity":1,"pnl":-5671.31867741198,"timestamp":1771314109750}
{"symbol":"CHOLAFIN-EQ","action":"SELL","price":689.15,"quantity":1,"pnl":-179.92206584362157,"timestamp":1771314110746}
{"symbol":"PIDILITIND-EQ","action":"SELL","price":771.63,"quantity":1,"pnl":-195.0682499999998,"timestamp":1771314110757}
{"symbol":"CGPOWER-EQ","action":"SELL","price":498.85,"quantity":1,"pnl":-15.980000000000018,"timestamp":1771314110765}
{"symbol":"BPCL-EQ","action":"SELL","price":353.04,"quantity":1,"pnl":20.827500000000043,"timestamp":1771314111759}
{"symbol":"PFC-EQ","action":"SELL","price":622.38,"quantity":1,"pnl":-14.470000000000027,"timestamp":1771314111771}
{"symbol":"UNITDSPR-EQ","action":"SELL","price":995.78,"quantity":1,"pnl":-4.269999999999982,"timestamp":1771314111778}
{"symbol":"NAUKRI-EQ","action":"SELL","price":946.13,"quantity":1,"pnl":-143.71069444444436,"timestamp":1771314113766}
{"symbol":"CGPOWER-EQ","action":"SELL","price":528.92,"quantity":1,"pnl":14.090000000000032,"timestamp":1771314113771}
{"symbol":"CGPOWER-EQ","action":"SELL","price":562.86,"quantity":1,"pnl":48.030000000000086,"timestamp":1771314116795}
{"symbol":"SOLARINDS-EQ","action":"SELL","price":16658.14,"quantity":1,"pnl":1827.2699999999986,"timestamp":1771314116802}
{"symbol":"IOC-EQ","action":"SELL","price":239.81,"quantity":1,"pnl":13.310000000000002,"timestamp":1771314117804}
{"symbol":"HYUNDAI-EQ","action":"SELL","price":4030.44,"quantity":1,"pnl":-111.810857142857,"timestamp":1771314117811}
{"symbol":"ADANIGREEN-EQ","action":"SELL","price":946.19,"quantity":1,"pnl":178.92000000000007,"timestamp":1771314117816}
{"symbol":"JINDALSTEL-EQ","action":"BUY","price":1172.86,"quantity":1,"timestamp":1771314118814}
{"symbol":"TORNTPHARM-EQ","action":"BUY","price":3363.91,"quantity":1,"timestamp":1771314119816}
{"symbol":"PIDILITIND-EQ","action":"BUY","price":727.27,"quantity":1,"timestamp":1771314120815}
{"symbol":"SIEMENS-EQ","action":"BUY","price":1213.89,"quantity":1,"timestamp":1771314120824}
{"symbol":"BRITANNIA-EQ","action":"BUY","price":7957.55,"quantity":1,"timestamp":1771314122829}
{"symbol":"LTIM-EQ","action":"BUY","price":3975.25,"quantity":1,"timestamp":1771314122836}
{"symbol":"ADANIENSOL-EQ","action":"BUY","price":487.07,"quantity":1,"timestamp":1771314122843}
{"symbol":"UNITDSPR-EQ","action":"BUY","price":940.07,"quantity":1,"timestamp":1771314123840}
{"symbol":"HAL-EQ","action":"BUY","price":4755.03,"quantity":1,"timestamp":1771314124846}
{"symbol":"IOC-EQ","action":"BUY","price":227.78,"quantity":1,"timestamp":1771314124852}
{"symbol":"ADANIGREEN-EQ","action":"BUY","price":884.99,"quantity":1,"timestamp":1771314124860}
{"symbol":"IRFC-EQ","action":"BUY","price":104.98,"quantity":1,"timestamp":1771314125866}
{"symbol":"TVSMOTOR-EQ","action":"BUY","price":2269.53,"quantity":1,"timestamp":1771314127872}
{"symbol":"DIVISLAB-EQ","action":"BUY","price":8476.93,"quantity":1,"timestamp":1771314127878}
{"symbol":"GODREJCP-EQ","action":"BUY","price":1744.09,"quantity":1,"timestamp":1771314127884}
{"symbol":"HINDZINC-EQ","action":"BUY","price":395.61,"quantity":1,"timestamp":1771314127891}
{"symbol":"MOTHERSON-EQ","action":"BUY","price":189.46,"quantity":1,"timestamp":1771314128881}
{"symbol":"SHREECEM-EQ","action":"BUY","price":31381.68,"quantity":1,"timestamp":1771314129896}
{"symbol":"UNITDSPR-EQ","action":"BUY","price":890.54,"quantity":1,"timestamp":1771314130904}
{"symbol":"ADANIENSOL-EQ","action":"BUY","price":462.65,"quantity":1,"timestamp":1771314130913}
{"symbol":"CHOLAFIN-EQ","action":"SELL","price":724.59,"quantity":1,"pnl":-144.4820658436215,"timestamp":1771314131906}
{"symbol":"PIDILITIND-EQ","action":"SELL","price":766.74,"quantity":1,"pnl":-176.01542499999994,"timestamp":1771314131914}
{"symbol":"GODREJCP-EQ","action":"BUY","price":1649.24,"quantity":1,"timestamp":1771314132909}
{"symbol":"NAUKRI-EQ","action":"BUY","price":891.68,"quantity":1,"timestamp":1771314135925}
{"symbol":"BOSCHLTD-EQ","action":"BUY","price":15550.24,"quantity":1,"timestamp":1771314136933}
{"symbol":"LICI-EQ","action":"SELL","price":879.2,"quantity":1,"pnl":-29.9283333333334,"timestamp":1771314138946}
{"symbol":"CHOLAFIN-EQ","action":"BUY","price":727.72,"quantity":1,"timestamp":1771314139950}
{"symbol":"SIEMENS-EQ","action":"BUY","price":1148.65,"quantity":1,"timestamp":1771314139977}
{"symbol":"AMBUJACEM-EQ","action":"SELL","price":366.67,"quantity":1,"pnl":-67.34918367346938,"timestamp":1771314140961}
{"symbol":"UNITDSPR-EQ","action":"SELL","price":940.31,"quantity":1,"pnl":25.00499999999988,"timestamp":1771314142968}
{"symbol":"ADANIENSOL-EQ","action":"SELL","price":486.06,"quantity":1,"pnl":-65.83224000000001,"timestamp":1771314142976}
{"symbol":"AMBUJACEM-EQ","action":"SELL","price":388.19,"quantity":1,"pnl":-45.82918367346946,"timestamp":1771314143975}
{"symbol":"BOSCHLTD-EQ","action":"SELL","price":16548.19,"quantity":1,"pnl":-4903.41243401089,"timestamp":1771314144977}
{"symbol":"PIDILITIND-EQ","action":"SELL","price":811.06,"quantity":1,"pnl":-131.695425,"timestamp":1771314145978}
{"symbol":"BANKBARODA-EQ","action":"SELL","price":214.13,"quantity":1,"pnl":5.979373209635412,"timestamp":1771314146988}
{"symbol":"IOC-EQ","action":"SELL","price":255.67,"quantity":1,"pnl":28.74333333333334,"timestamp":1771314149013}
{"symbol":"CANBK-EQ","action":"SELL","price":169.99,"quantity":1,"pnl":4.751000000000033,"timestamp":1771314149019}
{"symbol":"ADANIGREEN-EQ","action":"SELL","price":996.47,"quantity":1,"pnl":111.48000000000002,"timestamp":1771314150026}
{"symbol":"ICICIGI-EQ","action":"SELL","price":752.82,"quantity":1,"pnl":-467.3167407407408,"timestamp":1771314151029}
{"symbol":"MAZDOCK-EQ","action":"SELL","price":1567.55,"quantity":1,"pnl":-30.49869791666697,"timestamp":1771314151041}
{"symbol":"HINDZINC-EQ","action":"SELL","price":396.77,"quantity":1,"pnl":-2.9568271604937877,"timestamp":1771314152040}
{"symbol":"JSWENERGY-EQ","action":"SELL","price":334.43,"quantity":1,"pnl":-6.350213799805601,"timestamp":1771314152053}
{"symbol":"HAL-EQ","action":"SELL","price":5005.24,"quantity":1,"pnl":-50.534999999999854,"timestamp":1771314153049}
{"symbol":"IOC-EQ","action":"SELL","price":269.2,"quantity":1,"pnl":42.27333333333331,"timestamp":1771314153055}
{"symbol":"JINDALSTEL-EQ","action":"SELL","price":1324.71,"quantity":1,"pnl":61.15666666666675,"timestamp":1771314153066}
{"symbol":"ADANIENSOL-EQ","action":"SELL","price":510.47,"quantity":1,"pnl":-41.42223999999999,"timestamp":1771314154061}
{"symbol":"HYUNDAI-EQ","action":"SELL","price":4579.89,"quantity":1,"pnl":437.6391428571442,"timestamp":1771314155062}
{"symbol":"TVSMOTOR-EQ","action":"BUY","price":2030.2,"quantity":1,"timestamp":1771314158081}
{"symbol":"TATAPOWER-EQ","action":"BUY","price":425.56,"quantity":1,"timestamp":1771314158089}
{"symbol":"PNB-EQ","action":"BUY","price":109.19,"quantity":1,"timestamp":1771314158096}
{"symbol":"JINDALSTEL-EQ","action":"BUY","price":1241.88,"quantity":1,"timestamp":1771314158100}
{"symbol":"INDHOTEL-EQ","action":"BUY","price":852.36,"quantity":1,"timestamp":1771314159091}
{"symbol":"LTIM-EQ","action":"BUY","price":3508.45,"quantity":1,"timestamp":1771314159099}
{"symbol":"TORNTPHARM-EQ","action":"BUY","price":3308.07,"quantity":1,"timestamp":1771314159105}
{"symbol":"ADANIENSOL-EQ","action":"BUY","price":483.12,"quantity":1,"timestamp":1771314159110}
{"symbol":"ZYDUSLIFE-EQ","action":"BUY","price":2613.86,"quantity":1,"timestamp":1771314160101}
{"symbol":"MOTHERSON-EQ","action":"BUY","price":188.4,"quantity":1,"timestamp":1771314161101}
{"symbol":"ENRIN-EQ","action":"BUY","price":1375.59,"quantity":1,"timestamp":1771314161109}
{"symbol":"PIDILITIND-EQ","action":"BUY","price":763.5,"quantity":1,"timestamp":1771314162103}
{"symbol":"BANKBARODA-EQ","action":"SELL","price":211.09,"quantity":1,"pnl":2.93937320963542,"timestamp":1771314163108}
{"symbol":"ADANIPOWER-EQ","action":"SELL","price":168.33,"quantity":1,"pnl":26.620000000000033,"timestamp":1771314163112}
{"symbol":"ZYDUSLIFE-EQ","action":"SELL","price":2755.92,"quantity":1,"pnl":43.19999999999982,"timestamp":1771314163122}
{"symbol":"CANBK-EQ","action":"SELL","price":178.98,"quantity":1,"pnl":13.741000000000014,"timestamp":1771314164114}
{"symbol":"TORNTPHARM-EQ","action":"SELL","price":3487.59,"quantity":1,"pnl":151.60000000000036,"timestamp":1771314164122}
{"symbol":"ABB-EQ","action":"SELL","price":7272.56,"quantity":1,"pnl":672.0070666666661,"timestamp":1771314164128}
{"symbol":"BOSCHLTD-EQ","action":"SELL","price":17384.31,"quantity":1,"pnl":-4067.292434010891,"timestamp":1771314165128}
{"symbol":"MOTHERSON-EQ","action":"SELL","price":197.94,"quantity":1,"pnl":11.18386666666666,"timestamp":1771314166132}
{"symbol":"ENRIN-EQ","action":"SELL","price":1451.8,"quantity":1,"pnl":-110.75958333333347,"timestamp":1771314166140}
{"symbol":"VBL-EQ","action":"BUY","price":334.51,"quantity":1,"timestamp":1771314167138}
{"symbol":"ICICIGI-EQ","action":"BUY","price":674.84,"quantity":1,"timestamp":1771314167146}
{"symbol":"CHOLAFIN-EQ","action":"BUY","price":690.52,"quantity":1,"timestamp":1771314168143}
{"symbol":"ADANIPOWER-EQ","action":"BUY","price":159.3,"quantity":1,"timestamp":1771314168151}
{"symbol":"JINDALSTEL-EQ","action":"BUY","price":1158.88,"quantity":1,"timestamp":1771314168158}
{"symbol":"HAVELLS-EQ","action":"BUY","price":697.03,"quantity":1,"timestamp":1771314168162}
{"symbol":"HYUNDAI-EQ","action":"BUY","price":4296.1,"quantity":1,"timestamp":1771314168165}
{"symbol":"CANBK-EQ","action":"BUY","price":169.62,"quantity":1,"timestamp":1771314169206}
{"symbol":"RECLTD-EQ","action":"BUY","price":359.37,"quantity":1,"timestamp":1771314169235}
{"symbol":"ENRIN-EQ","action":"BUY","price":1362.57,"quantity":1,"timestamp":1771314170171}
{"symbol":"VEDL-EQ","action":"BUY","price":575.58,"quantity":1,"timestamp":1771314171174}
{"symbol":"RECLTD-EQ","action":"BUY","price":338.39,"quantity":1,"timestamp":1771314172179}
{"symbol":"ADANIGREEN-EQ","action":"BUY","price":932.01,"quantity":1,"timestamp":1771314172190}
{"symbol":"TATAPOWER-EQ","action":"SELL","price":448.33,"quantity":1,"pnl":22.769999999999982,"timestamp":1771314173193}
{"symbol":"PIDILITIND-EQ","action":"SELL","price":812.46,"quantity":1,"pnl":-110.3781555555554,"timestamp":1771314173202}
{"symbol":"GAIL-EQ","action":"SELL","price":235.31,"quantity":1,"pnl":43.375,"timestamp":1771314173208}
{"symbol":"JINDALSTEL-EQ","action":"SELL","price":1222.75,"quantity":1,"pnl":-9.216666666666697,"timestamp":1771314175220}
{"symbol":"HAVELLS-EQ","action":"BUY","price":658.7,"quantity":1,"timestamp":1771314176226}
{"symbol":"MAZDOCK-EQ","action":"SELL","price":1568.48,"quantity":1,"pnl":-29.56869791666668,"timestamp":1771314179254}
{"symbol":"LTIM-EQ","action":"SELL","price":3688.42,"quantity":1,"pnl":-600.7453833333338,"timestamp":1771314180253}
{"symbol":"ICICIGI-EQ","action":"SELL","price":715.1,"quantity":1,"pnl":-436.87464814814814,"timestamp":1771314181256}
{"symbol":"BOSCHLTD-EQ","action":"SELL","price":18451.51,"quantity":1,"pnl":-3000.092434010894,"timestamp":1771314182275}
{"symbol":"ADANIENSOL-EQ","action":"SELL","price":482.18,"quantity":1,"pnl":-52.51917999999995,"timestamp":1771314183280}
{"symbol":"DLF-EQ","action":"SELL","price":527.35,"quantity":1,"pnl":56.16999999999996,"timestamp":1771314184286}
{"symbol":"IRFC-EQ","action":"SELL","price":103.84,"quantity":1,"pnl":0.795555555555552,"timestamp":1771314184293}
{"symbol":"SHREECEM-EQ","action":"SELL","price":33126.25,"quantity":1,"pnl":6961.818585128494,"timestamp":1771314185295}
{"symbol":"HYUNDAI-EQ","action":"SELL","price":4529.21,"quantity":1,"pnl":361.3176190476197,"timestamp":1771314185300}
{"symbol":"SIEMENS-EQ","action":"SELL","price":1209.69,"quantity":1,"pnl":-401.36159010888014,"timestamp":1771314185305}
{"symbol":"CHOLAFIN-EQ","action":"SELL","price":685.2,"quantity":1,"pnl":-143.88404938271628,"timestamp":1771314186296}
{"symbol":"ICICIGI-EQ","action":"SELL","price":760.62,"quantity":1,"pnl":-391.35464814814816,"timestamp":1771314186304}
{"symbol":"AMBUJACEM-EQ","action":"SELL","price":435.72,"quantity":1,"pnl":1.7008163265305711,"timestamp":1771314186310}
{"symbol":"VBL-EQ","action":"SELL","price":373,"quantity":1,"pnl":-4.357302222222188,"timestamp":1771314187306}
{"symbol":"DIVISLAB-EQ","action":"SELL","price":8937.77,"quantity":1,"pnl":460.84000000000015,"timestamp":1771314188307}
{"symbol":"LTIM-EQ","action":"SELL","price":3873.29,"quantity":1,"pnl":-415.87538333333396,"timestamp":1771314189322}
{"symbol":"VEDL-EQ","action":"SELL","price":575.48,"quantity":1,"pnl":-265.163,"timestamp":1771314190326}
{"symbol":"ADANIENSOL-EQ","action":"SELL","price":511.53,"quantity":1,"pnl":-23.169179999999983,"timestamp":1771314190336}
{"symbol":"BPCL-EQ","action":"SELL","price":353.24,"quantity":1,"pnl":21.027500000000032,"timestamp":1771314193355}
{"symbol":"BAJAJHLDNG-EQ","action":"SELL","price":26175.02,"quantity":1,"pnl":-1740.6725000000006,"timestamp":1771314193365}
{"symbol":"ICICIGI-EQ","action":"SELL","price":799.01,"quantity":1,"pnl":-352.96464814814817,"timestamp":1771314193373}
{"symbol":"VEDL-EQ","action":"SELL","price":609.71,"quantity":1,"pnl":-230.933,"timestamp":1771314194369}
{"symbol":"UNITDSPR-EQ","action":"SELL","price":994.36,"quantity":1,"pnl":79.05499999999995,"timestamp":1771314194385}
{"symbol":"LTIM-EQ","action":"SELL","price":4133.16,"quantity":1,"pnl":-156.00538333333407,"timestamp":1771314195376}
{"symbol":"GODREJCP-EQ","action":"BUY","price":1475.92,"quantity":1,"timestamp":1771314196381}
{"symbol":"GAIL-EQ","action":"BUY","price":250.3,"quantity":1,"timestamp":1771314197392}
{"symbol":"BOSCHLTD-EQ","action":"BUY","price":16523.15,"quantity":1,"timestamp":1771314197398}
{"symbol":"DIVISLAB-EQ","action":"BUY","price":8363.3,"quantity":1,"timestamp":1771314198393}
{"symbol":"BAJAJHLDNG-EQ","action":"BUY","price":24712.6,"quantity":1,"timestamp":1771314198400}
{"symbol":"CGPOWER-EQ","action":"BUY","price":543.22,"quantity":1,"timestamp":1771314198404}
{"symbol":"IRFC-EQ","action":"BUY","price":92.58,"quantity":1,"timestamp":1771314198409}
{"symbol":"LICI-EQ","action":"SELL","price":974.11,"quantity":1,"pnl":64.98166666666668,"timestamp":1771314200421}
{"symbol":"IOC-EQ","action":"SELL","price":266.48,"quantity":1,"pnl":39.55333333333334,"timestamp":1771314201423}
{"symbol":"RECLTD-EQ","action":"SELL","price":356.73,"quantity":1,"pnl":-54.506213991769414,"timestamp":1771314201431}
{"symbol":"MOTHERSON-EQ","action":"SELL","price":185.64,"quantity":1,"pnl":-1.11613333333338,"timestamp":1771314202430}
{"symbol":"SIEMENS-EQ","action":"SELL","price":1195.07,"quantity":1,"pnl":-415.98159010888025,"timestamp":1771314202437}
{"symbol":"GAIL-EQ","action":"SELL","price":267.12,"quantity":1,"pnl":16.819999999999993,"timestamp":1771314203440}
{"symbol":"BOSCHLTD-EQ","action":"SELL","price":17359.77,"quantity":1,"pnl":-3544.2266080096815,"timestamp":1771314204452}
{"symbol":"HINDZINC-EQ","action":"SELL","price":400.83,"quantity":1,"pnl":1.1031728395061577,"timestamp":1771314205458}
{"symbol":"NAUKRI-EQ","action":"SELL","price":936.73,"quantity":1,"pnl":-128.34060763888874,"timestamp":1771314206464}
{"symbol":"MAZDOCK-EQ","action":"SELL","price":1674.82,"quantity":1,"pnl":76.77130208333324,"timestamp":1771314207468}
{"symbol":"TORNTPHARM-EQ","action":"SELL","price":3891.81,"quantity":1,"pnl":555.8200000000002,"timestamp":1771314208471}
{"symbol":"DMART-EQ","action":"SELL","price":5529.27,"quantity":1,"pnl":317.77500000000055,"timestamp":1771314209484}
{"symbol":"IRFC-EQ","action":"SELL","price":97.89,"quantity":1,"pnl":0.07777777777776862,"timestamp":1771314210506}
{"symbol":"BPCL-EQ","action":"SELL","price":371.02,"quantity":1,"pnl":38.807500000000005,"timestamp":1771314211499}
{"symbol":"SHREECEM-EQ","action":"SELL","price":33009.1,"quantity":1,"pnl":6844.668585128493,"timestamp":1771314211505}
{"symbol":"HAVELLS-EQ","action":"SELL","price":703.98,"quantity":1,"pnl":-14.339999999999918,"timestamp":1771314211510}
{"symbol":"INDHOTEL-EQ","action":"SELL","price":756.1,"quantity":1,"pnl":-96.25999999999999,"timestamp":1771314214526}
{"symbol":"LTIM-EQ","action":"SELL","price":4343.16,"quantity":1,"pnl":53.994616666665934,"timestamp":1771314214533}
{"symbol":"GODREJCP-EQ","action":"SELL","price":1559.1,"quantity":1,"pnl":-153.5202222222224,"timestamp":1771314214537}
{"symbol":"ADANIPOWER-EQ","action":"BUY","price":160.21,"quantity":1,"timestamp":1771314218554}
{"symbol":"PIDILITIND-EQ","action":"BUY","price":768.23,"quantity":1,"timestamp":1771314218561}
{"symbol":"DIVISLAB-EQ","action":"BUY","price":7772.77,"quantity":1,"timestamp":1771314219556}
{"symbol":"JSWENERGY-EQ","action":"BUY","price":281.72,"quantity":1,"timestamp":1771314219594}
{"symbol":"LICI-EQ","action":"BUY","price":922.55,"quantity":1,"timestamp":1771314219599}
{"symbol":"BAJAJHLDNG-EQ","action":"BUY","price":22088.49,"quantity":1,"timestamp":1771314220561}
{"symbol":"JINDALSTEL-EQ","action":"BUY","price":1024.74,"quantity":1,"timestamp":1771314220568}
{"symbol":"SHREECEM-EQ","action":"BUY","price":31211.67,"quantity":1,"timestamp":1771314220572}
{"symbol":"HINDZINC-EQ","action":"BUY","price":379.17,"quantity":1,"timestamp":1771314220577}
{"symbol":"BPCL-EQ","action":"BUY","price":350.14,"quantity":1,"timestamp":1771314221562}
{"symbol":"GAIL-EQ","action":"BUY","price":264.34,"quantity":1,"timestamp":1771314221569}
{"symbol":"ICICIGI-EQ","action":"BUY","price":758.69,"quantity":1,"timestamp":1771314222576}
{"symbol":"BANKBARODA-EQ","action":"BUY","price":187.06,"quantity":1,"timestamp":1771314223580}
{"symbol":"JINDALSTEL-EQ","action":"BUY","price":968.17,"quantity":1,"timestamp":1771314223586}
{"symbol":"MAZDOCK-EQ","action":"BUY","price":1486.86,"quantity":1,"timestamp":1771314223593}
{"symbol":"HYUNDAI-EQ","action":"BUY","price":4217.62,"quantity":1,"timestamp":1771314224585}
{"symbol":"BOSCHLTD-EQ","action":"BUY","price":15512.51,"quantity":1,"timestamp":1771314224589}
{"symbol":"TORNTPHARM-EQ","action":"BUY","price":3653.22,"quantity":1,"timestamp":1771314225594}
{"symbol":"CGPOWER-EQ","action":"BUY","price":453.57,"quantity":1,"timestamp":1771314225599}
{"symbol":"HINDZINC-EQ","action":"BUY","price":360.16,"quantity":1,"timestamp":1771314225605}
{"symbol":"JSWENERGY-EQ","action":"BUY","price":265.52,"quantity":1,"timestamp":1771314225608}
{"symbol":"IRFC-EQ","action":"BUY","price":92.81,"quantity":1,"timestamp":1771314226601}
{"symbol":"ADANIENSOL-EQ","action":"BUY","price":461.28,"quantity":1,"timestamp":1771314227599}
{"symbol":"LODHA-EQ","action":"BUY","price":953.01,"quantity":1,"timestamp":1771314227607}
{"symbol":"BRITANNIA-EQ","action":"SELL","price":6572.83,"quantity":1,"pnl":-1847.4074999999993,"timestamp":1771314228600}
{"symbol":"MOTHERSON-EQ","action":"SELL","price":183.88,"quantity":1,"pnl":-2.876133333333371,"timestamp":1771314228616}
{"symbol":"DMART-EQ","action":"SELL","price":6183.5,"quantity":1,"pnl":972.0049999999992,"timestamp":1771314229624}
{"symbol":"BAJAJHFL-EQ","action":"SELL","price":90.96,"quantity":1,"pnl":16.678333333333327,"timestamp":1771314229669}
{"symbol":"IRFC-EQ","action":"SELL","price":98.15,"quantity":1,"pnl":2.8388888888888886,"timestamp":1771314230637}
{"symbol":"VBL-EQ","action":"SELL","price":417.19,"quantity":1,"pnl":39.83269777777781,"timestamp":1771314231633}
{"symbol":"MAZDOCK-EQ","action":"SELL","price":1561.55,"quantity":1,"pnl":-8.701523437499873,"timestamp":1771314231646}
{"symbol":"INDHOTEL-EQ","action":"BUY","price":681.5,"quantity":1,"timestamp":1771314232637}
{"symbol":"ADANIPOWER-EQ","action":"BUY","price":160.63,"quantity":1,"timestamp":1771314232642}
{"symbol":"SOLARINDS-EQ","action":"BUY","price":18547.61,"quantity":1,"timestamp":1771314232650}
{"symbol":"BANKBARODA-EQ","action":"BUY","price":175.33,"quantity":1,"timestamp":1771314233646}
{"symbol":"CANBK-EQ","action":"BUY","price":143.23,"quantity":1,"timestamp":1771314233654}
{"symbol":"DLF-EQ","action":"BUY","price":559.98,"quantity":1,"timestamp":1771314233660}
{"symbol":"ADANIGREEN-EQ","action":"BUY","price":879.08,"quantity":1,"timestamp":1771314233666}
{"symbol":"MAZDOCK-EQ","action":"BUY","price":1479.34,"quantity":1,"timestamp":1771314234667}
{"symbol":"VEDL-EQ","action":"BUY","price":649.79,"quantity":1,"timestamp":1771314235669}
{"symbol":"DMART-EQ","action":"BUY","price":5869.14,"quantity":1,"timestamp":1771314235689}
{"symbol":"JINDALSTEL-EQ","action":"BUY","price":911.55,"quantity":1,"timestamp":1771314236701}
{"symbol":"VEDL-EQ","action":"SELL","price":689.84,"quantity":1,"pnl":-103.08974999999998,"timestamp":1771314238700}
{"symbol":"INDHOTEL-EQ","action":"SELL","price":715.64,"quantity":1,"pnl":34.139999999999986,"timestamp":1771314238707}
{"symbol":"GAIL-EQ","action":"SELL","price":279.37,"quantity":1,"pnl":15.03000000000003,"timestamp":1771314238714}
{"symbol":"ZYDUSLIFE-EQ","action":"SELL","price":2731.98,"quantity":1,"pnl":19.259999999999764,"timestamp":1771314238721}
{"symbol":"SIEMENS-EQ","action":"SELL","price":1280.3,"quantity":1,"pnl":-330.75159010888024,"timestamp":1771314239714}
{"symbol":"ADANIGREEN-EQ","action":"BUY","price":823.11,"quantity":1,"timestamp":1771314240716}
{"symbol":"BAJAJHLDNG-EQ","action":"BUY","price":19713.93,"quantity":1,"timestamp":1771314241726}
{"symbol":"LODHA-EQ","action":"BUY","price":905.07,"quantity":1,"timestamp":1771314241734}
{"symbol":"MAZDOCK-EQ","action":"BUY","price":1405.02,"quantity":1,"timestamp":1771314241740}
{"symbol":"VBL-EQ","action":"BUY","price":393.85,"quantity":1,"timestamp":1771314243730}
{"symbol":"LTIM-EQ","action":"BUY","price":4583.56,"quantity":1,"timestamp":1771314244741}
{"symbol":"TORNTPHARM-EQ","action":"BUY","price":3464.34,"quantity":1,"timestamp":1771314244748}
{"symbol":"BAJAJHFL-EQ","action":"SELL","price":96.84,"quantity":1,"pnl":22.558333333333337,"timestamp":1771314245747}
{"symbol":"BPCL-EQ","action":"SELL","price":371.04,"quantity":1,"pnl":20.900000000000034,"timestamp":1771314248770}
{"symbol":"DMART-EQ","action":"SELL","price":6162.79,"quantity":1,"pnl":622.472499999999,"timestamp":1771314248777}
{"symbol":"JSWENERGY-EQ","action":"SELL","price":282.07,"quantity":1,"pnl":-39.52158128557545,"timestamp":1771314248784}
{"symbol":"GODREJCP-EQ","action":"SELL","price":1558.74,"quantity":1,"pnl":-153.8802222222223,"timestamp":1771314250780}
{"symbol":"TORNTPHARM-EQ","action":"SELL","price":3654.27,"quantity":1,"pnl":95.49000000000024,"timestamp":1771314250786}
{"symbol":"ADANIPOWER-EQ","action":"SELL","price":179.24,"quantity":1,"pnl":19.193333333333356,"timestamp":1771314251794}
{"symbol":"SOLARINDS-EQ","action":"SELL","price":19625.35,"quantity":1,"pnl":1077.739999999998,"timestamp":1771314252836}
{"symbol":"TORNTPHARM-EQ","action":"SELL","price":3851.43,"quantity":1,"pnl":292.6500000000001,"timestamp":1771314254823}
{"symbol":"MOTHERSON-EQ","action":"SELL","price":194.78,"quantity":1,"pnl":8.023866666666606,"timestamp":1771314255834}
{"symbol":"GODREJCP-EQ","action":"SELL","price":1646.46,"quantity":1,"pnl":-66.1602222222225,"timestamp":1771314256848}
{"symbol":"ENRIN-EQ","action":"BUY","price":1141.15,"quantity":1,"timestamp":1771314260881}
{"symbol":"HAL-EQ","action":"SELL","price":5343.67,"quantity":1,"pnl":287.89500000000044,"timestamp":1771314261881}
{"symbol":"DMART-EQ","action":"SELL","price":6095.78,"quantity":1,"pnl":555.4624999999987,"timestamp":1771314263905}
{"symbol":"JSWENERGY-EQ","action":"SELL","price":298.78,"quantity":1,"pnl":-22.811581285575414,"timestamp":1771314264919}
{"symbol":"VEDL-EQ","action":"SELL","price":728.37,"quantity":1,"pnl":-64.5597499999999,"timestamp":1771314265924}
{"symbol":"ADANIPOWER-EQ","action":"SELL","price":190.16,"quantity":1,"pnl":30.113333333333316,"timestamp":1771314265945}
{"symbol":"HINDZINC-EQ","action":"SELL","price":333.37,"quantity":1,"pnl":-46.31560905349795,"timestamp":1771314265958}
{"symbol":"CHOLAFIN-EQ","action":"SELL","price":636.2,"quantity":1,"pnl":-192.88404938271628,"timestamp":1771314267949}
{"symbol":"PNB-EQ","action":"SELL","price":104.4,"quantity":1,"pnl":-3.3127481481481453,"timestamp":1771314267960}
{"symbol":"BAJAJHFL-EQ","action":"SELL","price":101.87,"quantity":1,"pnl":27.58833333333334,"timestamp":1771314270001}
{"symbol":"MAZDOCK-EQ","action":"SELL","price":1319.78,"quantity":1,"pnl":-199.24291406250018,"timestamp":1771314271993}
{"symbol":"DIVISLAB-EQ","action":"SELL","price":7778.9,"quantity":1,"pnl":-289.1350000000002,"timestamp":1771314272992}
{"symbol":"LODHA-EQ","action":"SELL","price":1004.89,"quantity":1,"pnl":75.85000000000002,"timestamp":1771314274001}
{"symbol":"HINDZINC-EQ","action":"SELL","price":353.04,"quantity":1,"pnl":-26.645609053497935,"timestamp":1771314274007}
{"symbol":"ENRIN-EQ","action":"SELL","price":1144.12,"quantity":1,"pnl":-263.08979166666677,"timestamp":1771314274013}
{"symbol":"CGPOWER-EQ","action":"SELL","price":483.81,"quantity":1,"pnl":-14.58499999999998,"timestamp":1771314276018}
{"symbol":"SIEMENS-EQ","action":"BUY","price":1144.86,"quantity":1,"timestamp":1771314278037}
{"symbol":"TVSMOTOR-EQ","action":"BUY","price":1414.42,"quantity":1,"timestamp":1771314280052}
{"symbol":"VBL-EQ","action":"BUY","price":307.67,"quantity":1,"timestamp":1771314280064}
{"symbol":"CANBK-EQ","action":"BUY","price":125.57,"quantity":1,"timestamp":1771314281059}
{"symbol":"ZYDUSLIFE-EQ","action":"BUY","price":2872.53,"quantity":1,"timestamp":1771314281083}
{"symbol":"ADANIPOWER-EQ","action":"BUY","price":180.59,"quantity":1,"timestamp":1771314282066}
{"symbol":"LTIM-EQ","action":"BUY","price":4347.46,"quantity":1,"timestamp":1771314282072}
{"symbol":"UNITDSPR-EQ","action":"BUY","price":983.47,"quantity":1,"timestamp":1771314282078}
{"symbol":"JSWENERGY-EQ","action":"BUY","price":278.82,"quantity":1,"timestamp":1771314282085}
{"symbol":"SHREECEM-EQ","action":"BUY","price":27653.91,"quantity":1,"timestamp":1771314283080}
{"symbol":"AMBUJACEM-EQ","action":"BUY","price":470.75,"quantity":1,"timestamp":1771314283085}
{"symbol":"MAZDOCK-EQ","action":"BUY","price":1308.41,"quantity":1,"timestamp":1771314283091}
{"symbol":"CGPOWER-EQ","action":"SELL","price":511.57,"quantity":1,"pnl":13.175000000000011,"timestamp":1771314284088}
{"symbol":"TVSMOTOR-EQ","action":"SELL","price":1491.58,"quantity":1,"pnl":-818.1429628205128,"timestamp":1771314285093}
{"symbol":"RECLTD-EQ","action":"SELL","price":414.94,"quantity":1,"pnl":3.7037860082305656,"timestamp":1771314285104}
{"symbol":"GODREJCP-EQ","action":"BUY","price":1631.27,"quantity":1,"timestamp":1771314286104}
{"symbol":"ABB-EQ","action":"SELL","price":6415.92,"quantity":1,"pnl":-184.63293333333422,"timestamp":1771314288121}
{"symbol":"BAJAJHLDNG-EQ","action":"SELL","price":24474.15,"quantity":1,"pnl":2302.476666666673,"timestamp":1771314289125}
{"symbol":"PNB-EQ","action":"SELL","price":110.29,"quantity":1,"pnl":2.5772518518518552,"timestamp":1771314289132}
{"symbol":"HAVELLS-EQ","action":"SELL","price":731.56,"quantity":1,"pnl":13.240000000000009,"timestamp":1771314289139}
{"symbol":"NAUKRI-EQ","action":"SELL","price":784.99,"quantity":1,"pnl":-280.08060763888875,"timestamp":1771314290130}
{"symbol":"AMBUJACEM-EQ","action":"SELL","price":496.21,"quantity":1,"pnl":53.00811224489786,"timestamp":1771314290139}
{"symbol":"MOTHERSON-EQ","action":"SELL","price":230.01,"quantity":1,"pnl":43.253866666666624,"timestamp":1771314293167}
{"symbol":"BOSCHLTD-EQ","action":"SELL","price":17304.58,"quantity":1,"pnl":-3000.3625404530503,"timestamp":1771314294183}
{"symbol":"LICI-EQ","action":"SELL","price":920.55,"quantity":1,"pnl":4.710833333333312,"timestamp":1771314294193}
{"symbol":"BRITANNIA-EQ","action":"SELL","price":6849.43,"quantity":1,"pnl":-1570.807499999999,"timestamp":1771314296182}
{"symbol":"ZYDUSLIFE-EQ","action":"SELL","price":3079.81,"quantity":1,"pnl":207.27999999999975,"timestamp":1771314296193}
{"symbol":"MAZDOCK-EQ","action":"SELL","price":1383.5,"quantity":1,"pnl":-93.40033125000014,"timestamp":1771314299197}
{"symbol":"HYUNDAI-EQ","action":"BUY","price":3568.57,"quantity":1,"timestamp":1771314300206}
{"symbol":"BOSCHLTD-EQ","action":"BUY","price":16251.71,"quantity":1,"timestamp":1771314300210}
{"symbol":"BANKBARODA-EQ","action":"BUY","price":129.89,"quantity":1,"timestamp":1771314301209}
{"symbol":"GODREJCP-EQ","action":"BUY","price":1453.27,"quantity":1,"timestamp":1771314301229}
{"symbol":"ADANIGREEN-EQ","action":"BUY","price":738.01,"quantity":1,"timestamp":1771314301237}
{"symbol":"SIEMENS-EQ","action":"BUY","price":1009.58,"quantity":1,"timestamp":1771314301242}
{"symbol":"PFC-EQ","action":"BUY","price":685.37,"quantity":1,"timestamp":1771314302213}
{"symbol":"MOTHERSON-EQ","action":"BUY","price":213.34,"quantity":1,"timestamp":1771314304233}
{"symbol":"MAZDOCK-EQ","action":"BUY","price":1312.76,"quantity":1,"timestamp":1771314304242}
{"symbol":"IOC-EQ","action":"BUY","price":258.66,"quantity":1,"timestamp":1771314305242}
{"symbol":"ADANIPOWER-EQ","action":"BUY","price":168.15,"quantity":1,"timestamp":1771314305249}
{"symbol":"ADANIENSOL-EQ","action":"BUY","price":406.4,"quantity":1,"timestamp":1771314306261}
{"symbol":"BAJAJHLDNG-EQ","action":"BUY","price":23122.62,"quantity":1,"timestamp":1771314307263}
{"symbol":"SIEMENS-EQ","action":"BUY","price":948.94,"quantity":1,"timestamp":1771314309274}
{"symbol":"BAJAJHLDNG-EQ","action":"BUY","price":21807.79,"quantity":1,"timestamp":1771314310276}
{"symbol":"IRFC-EQ","action":"BUY","price":93.5,"quantity":1,"timestamp":1771314310284}
{"symbol":"DLF-EQ","action":"BUY","price":523.5,"quantity":1,"timestamp":1771314311281}
{"symbol":"BOSCHLTD-EQ","action":"BUY","price":16380.49,"quantity":1,"timestamp":1771314311287}
{"symbol":"VEDL-EQ","action":"BUY","price":682.41,"quantity":1,"timestamp":1771314312287}
{"symbol":"ABB-EQ","action":"BUY","price":6044.08,"quantity":1,"timestamp":1771314312297}
{"symbol":"DMART-EQ","action":"BUY","price":5783.64,"quantity":1,"timestamp":1771314313295}
{"symbol":"TORNTPHARM-EQ","action":"BUY","price":3413.21,"quantity":1,"timestamp":1771314314312}
{"symbol":"HAVELLS-EQ","action":"BUY","price":739.62,"quantity":1,"timestamp":1771314314318}
{"symbol":"ADANIGREEN-EQ","action":"BUY","price":698.85,"quantity":1,"timestamp":1771314314323}
{"symbol":"BAJAJHLDNG-EQ","action":"SELL","price":22930.05,"quantity":1,"pnl":611.6108333333359,"timestamp":1771314315324}
{"symbol":"LTIM-EQ","action":"SELL","price":4097.32,"quantity":1,"pnl":-280.0176916666678,"timestamp":1771314316321}
{"symbol":"UNITDSPR-EQ","action":"SELL","price":1039.8,"quantity":1,"pnl":56.32999999999993,"timestamp":1771314316329}
{"symbol":"ENRIN-EQ","action":"SELL","price":1214.27,"quantity":1,"pnl":-192.9397916666669,"timestamp":1771314316335}
{"symbol":"RECLTD-EQ","action":"SELL","price":439.15,"quantity":1,"pnl":27.913786008230602,"timestamp":1771314317336}
{"symbol":"HINDZINC-EQ","action":"SELL","price":377.15,"quantity":1,"pnl":-2.5356090534979785,"timestamp":1771314317343}
{"symbol":"AMBUJACEM-EQ","action":"SELL","price":524.12,"quantity":1,"pnl":80.91811224489794,"timestamp":1771314318350}
{"symbol":"SIEMENS-EQ","action":"BUY","price":883.8,"quantity":1,"timestamp":1771314322365}
{"symbol":"BANKBARODA-EQ","action":"SELL","price":137.2,"quantity":1,"pnl":-26.893333333333345,"timestamp":1771314325377}
{"symbol":"PFC-EQ","action":"SELL","price":725.16,"quantity":1,"pnl":39.789999999999964,"timestamp":1771314326383}
{"symbol":"DLF-EQ","action":"SELL","price":553.32,"quantity":1,"pnl":11.580000000000041,"timestamp":1771314326390}
{"symbol":"BOSCHLTD-EQ","action":"SELL","price":17445.51,"quantity":1,"pnl":-2061.6640323624415,"timestamp":1771314326396}
{"symbol":"CANBK-EQ","action":"SELL","price":123.64,"quantity":1,"pnl":-32.04949999999998,"timestamp":1771314327389}
{"symbol":"JSWENERGY-EQ","action":"SELL","price":295.83,"quantity":1,"pnl":-18.63298440464621,"timestamp":1771314327398}
{"symbol":"NAUKRI-EQ","action":"SELL","price":831.16,"quantity":1,"pnl":-233.9106076388888,"timestamp":1771314329405}
{"symbol":"BAJAJHLDNG-EQ","action":"SELL","price":24194.13,"quantity":1,"pnl":1875.6908333333377,"timestamp":1771314329411}
{"symbol":"HAVELLS-EQ","action":"SELL","price":780.87,"quantity":1,"pnl":57.22500000000002,"timestamp":1771314329417}
{"symbol":"IOC-EQ","action":"BUY","price":258.02,"quantity":1,"timestamp":1771314331420}
{"symbol":"PFC-EQ","action":"BUY","price":688.5,"quantity":1,"timestamp":1771314332425}
{"symbol":"LICI-EQ","action":"BUY","price":773.81,"quantity":1,"timestamp":1771314332434}
{"symbol":"CGPOWER-EQ","action":"BUY","price":540.17,"quantity":1,"timestamp":1771314333436}
{"symbol":"AMBUJACEM-EQ","action":"BUY","price":465.24,"quantity":1,"timestamp":1771314333441}
{"symbol":"ZYDUSLIFE-EQ","action":"BUY","price":3107,"quantity":1,"timestamp":1771314333446}
{"symbol":"DIVISLAB-EQ","action":"BUY","price":7331.36,"quantity":1,"timestamp":1771314334435}
{"symbol":"GODREJCP-EQ","action":"BUY","price":1289.68,"quantity":1,"timestamp":1771314334442}
{"symbol":"RECLTD-EQ","action":"BUY","price":413.43,"quantity":1,"timestamp":1771314334448}
{"symbol":"IRFC-EQ","action":"BUY","price":84.1,"quantity":1,"timestamp":1771314334455}
{"symbol":"BAJAJHFL-EQ","action":"BUY","price":94.72,"quantity":1,"timestamp":1771314334459}
{"symbol":"GAIL-EQ","action":"BUY","price":292.83,"quantity":1,"timestamp":1771314335441}
{"symbol":"ADANIGREEN-EQ","action":"BUY","price":655.05,"quantity":1,"timestamp":1771314335448}
{"symbol":"NAUKRI-EQ","action":"BUY","price":826.7,"quantity":1,"timestamp":1771314337447}
{"symbol":"DIVISLAB-EQ","action":"BUY","price":6891.82,"quantity":1,"timestamp":1771314341474}
{"symbol":"TATAPOWER-EQ","action":"BUY","price":402.87,"quantity":1,"timestamp":1771314341482}
{"symbol":"MOTHERSON-EQ","action":"BUY","price":223.57,"quantity":1,"timestamp":1771314341488}
{"symbol":"DLF-EQ","action":"BUY","price":519,"quantity":1,"timestamp":1771314341494}
{"symbol":"SOLARINDS-EQ","action":"BUY","price":20716.3,"quantity":1,"timestamp":1771314341499}
{"symbol":"IRFC-EQ","action":"BUY","price":79.1,"quantity":1,"timestamp":1771314341504}
{"symbol":"RECLTD-EQ","action":"BUY","price":387.78,"quantity":1,"timestamp":1771314342483}
{"symbol":"UNITDSPR-EQ","action":"BUY","price":1043.79,"quantity":1,"timestamp":1771314342492}
{"symbol":"HAVELLS-EQ","action":"BUY","price":740.02,"quantity":1,"timestamp":1771314342497}
{"symbol":"BOSCHLTD-EQ","action":"BUY","price":16454.49,"quantity":1,"timestamp":1771314342501}
{"symbol":"ICICIGI-EQ","action":"BUY","price":745.14,"quantity":1,"timestamp":1771314343487}
{"symbol":"TVSMOTOR-EQ","action":"BUY","price":1400.11,"quantity":1,"timestamp":1771314344490}
{"symbol":"DLF-EQ","action":"BUY","price":487.61,"quantity":1,"timestamp":1771314344501}
{"symbol":"LODHA-EQ","action":"SELL","price":1058.47,"quantity":1,"pnl":129.43000000000006,"timestamp":1771314345506}
{"symbol":"NAUKRI-EQ","action":"SELL","price":872.43,"quantity":1,"pnl":-152.9121730324074,"timestamp":1771314346510}
{"symbol":"ADANIPOWER-EQ","action":"SELL","price":176.4,"quantity":1,"pnl":6.804444444444471,"timestamp":1771314347518}
{"symbol":"ENRIN-EQ","action":"SELL","price":1452.26,"quantity":1,"pnl":45.05020833333333,"timestamp":1771314347528}
{"symbol":"LICI-EQ","action":"SELL","price":818.66,"quantity":1,"pnl":-26.164583333333326,"timestamp":1771314347533}
{"symbol":"CGPOWER-EQ","action":"SELL","price":571.6,"quantity":1,"pnl":31.430000000000064,"timestamp":1771314348517}
{"symbol":"ZYDUSLIFE-EQ","action":"SELL","price":3274.6,"quantity":1,"pnl":167.5999999999999,"timestamp":1771314348528}
{"symbol":"DIVISLAB-EQ","action":"SELL","price":7297.44,"quantity":1,"pnl":-132.96500000000015,"timestamp":1771314349516}
{"symbol":"CHOLAFIN-EQ","action":"SELL","price":756.43,"quantity":1,"pnl":-72.65404938271638,"timestamp":1771314350531}
{"symbol":"PIDILITIND-EQ","action":"SELL","price":850.86,"quantity":1,"pnl":-54.79947160493805,"timestamp":1771314350541}
{"symbol":"SOLARINDS-EQ","action":"SELL","price":20342.48,"quantity":1,"pnl":-373.8199999999997,"timestamp":1771314350549}
{"symbol":"VBL-EQ","action":"SELL","price":346.7,"quantity":1,"pnl":-4.060000000000002,"timestamp":1771314351535}
{"symbol":"UNITDSPR-EQ","action":"SELL","price":1097.26,"quantity":1,"pnl":53.47000000000003,"timestamp":1771314351547}
{"symbol":"BOSCHLTD-EQ","action":"SELL","price":17397.83,"quantity":1,"pnl":-1804.0756291261932,"timestamp":1771314351554}
{"symbol":"MOTHERSON-EQ","action":"BUY","price":199.72,"quantity":1,"timestamp":1771314352544}
{"symbol":"BAJAJHLDNG-EQ","action":"BUY","price":22920.16,"quantity":1,"timestamp":1771314352549}
{"symbol":"HAVELLS-EQ","action":"BUY","price":693.54,"quantity":1,"timestamp":1771314352556}
{"symbol":"AMBUJACEM-EQ","action":"BUY","price":460.75,"quantity":1,"timestamp":1771314352559}
{"symbol":"DLF-EQ","action":"BUY","price":460.32,"quantity":1,"timestamp":1771314353545}
{"symbol":"BPCL-EQ","action":"BUY","price":363.2,"quantity":1,"timestamp":1771314354549}
{"symbol":"SOLARINDS-EQ","action":"BUY","price":19286.8,"quantity":1,"timestamp":1771314354561}
{"symbol":"ADANIGREEN-EQ","action":"SELL","price":741.74,"quantity":1,"pnl":-45.944999999999936,"timestamp":1771314357563}
{"symbol":"PFC-EQ","action":"SELL","price":726.83,"quantity":1,"pnl":38.33000000000004,"timestamp":1771314358571}
{"symbol":"ENRIN-EQ","action":"SELL","price":1535.81,"quantity":1,"pnl":128.60020833333328,"timestamp":1771314358582}
{"symbol":"VEDL-EQ","action":"BUY","price":605.23,"quantity":1,"timestamp":1771314359569}
{"symbol":"JINDALSTEL-EQ","action":"BUY","price":958.81,"quantity":1,"timestamp":1771314359579}
{"symbol":"HYUNDAI-EQ","action":"BUY","price":3556.23,"quantity":1,"timestamp":1771314359583}
{"symbol":"DMART-EQ","action":"BUY","price":5057.65,"quantity":1,"timestamp":1771314360580}
{"symbol":"GAIL-EQ","action":"BUY","price":258.19,"quantity":1,"timestamp":1771314360591}
{"symbol":"ZYDUSLIFE-EQ","action":"BUY","price":3108.04,"quantity":1,"timestamp":1771314360597}
{"symbol":"IOC-EQ","action":"BUY","price":226.74,"quantity":1,"timestamp":1771314361588}
{"symbol":"TORNTPHARM-EQ","action":"BUY","price":3020.05,"quantity":1,"timestamp":1771314361599}
{"symbol":"AMBUJACEM-EQ","action":"BUY","price":435.37,"quantity":1,"timestamp":1771314361604}
{"symbol":"NAUKRI-EQ","action":"BUY","price":822.62,"quantity":1,"timestamp":1771314362593}
{"symbol":"CGPOWER-EQ","action":"BUY","price":571.51,"quantity":1,"timestamp":1771314362600}
{"symbol":"ABB-EQ","action":"BUY","price":5357.47,"quantity":1,"timestamp":1771314362607}
{"symbol":"TATAPOWER-EQ","action":"BUY","price":378.27,"quantity":1,"timestamp":1771314363601}
{"symbol":"SHREECEM-EQ","action":"BUY","price":26213.99,"quantity":1,"timestamp":1771314363610}
{"symbol":"VEDL-EQ","action":"BUY","price":563.4,"quantity":1,"timestamp":1771314364610}
{"symbol":"MOTHERSON-EQ","action":"BUY","price":174.78,"quantity":1,"timestamp":1771314364619}
{"symbol":"ADANIENSOL-EQ","action":"BUY","price":340.32,"quantity":1,"timestamp":1771314364626}
{"symbol":"UNITDSPR-EQ","action":"BUY","price":1089.61,"quantity":1,"timestamp":1771314365621}
{"symbol":"CGPOWER-EQ","action":"BUY","price":539.67,"quantity":1,"timestamp":1771314367630}
{"symbol":"JSWENERGY-EQ","action":"BUY","price":278.24,"quantity":1,"timestamp":1771314367638}
{"symbol":"DMART-EQ","action":"BUY","price":4711.51,"quantity":1,"timestamp":1771314368641}
{"symbol":"CANBK-EQ","action":"BUY","price":130.7,"quantity":1,"timestamp":1771314368654}
{"symbol":"BAJAJHLDNG-EQ","action":"BUY","price":21771.41,"quantity":1,"timestamp":1771314368662}
{"symbol":"PIDILITIND-EQ","action":"BUY","price":801.88,"quantity":1,"timestamp":1771314368666}
{"symbol":"INDHOTEL-EQ","action":"BUY","price":856.93,"quantity":1,"timestamp":1771314369643}
{"symbol":"CHOLAFIN-EQ","action":"BUY","price":788.39,"quantity":1,"timestamp":1771314371647}
{"symbol":"PNB-EQ","action":"BUY","price":109.74,"quantity":1,"timestamp":1771314371658}
{"symbol":"ENRIN-EQ","action":"BUY","price":1441.67,"quantity":1,"timestamp":1771314371665}
{"symbol":"TORNTPHARM-EQ","action":"SELL","price":3179.89,"quantity":1,"pnl":-36.74000000000024,"timestamp":1771314372659}
{"symbol":"MAZDOCK-EQ","action":"SELL","price":1453.22,"quantity":1,"pnl":9.147734999999784,"timestamp":1771314372671}
{"symbol":"BAJAJHFL-EQ","action":"SELL","price":113.04,"quantity":1,"pnl":18.320000000000007,"timestamp":1771314373675}
{"symbol":"RECLTD-EQ","action":"BUY","price":391.56,"quantity":1,"timestamp":1771314375682}
{"symbol":"ABB-EQ","action":"BUY","price":5035.79,"quantity":1,"timestamp":1771314376689}
{"symbol":"IRFC-EQ","action":"BUY","price":79.5,"quantity":1,"timestamp":1771314377709}
{"symbol":"NAUKRI-EQ","action":"BUY","price":737.14,"quantity":1,"timestamp":1771314378714}
{"symbol":"INDHOTEL-EQ","action":"BUY","price":802.46,"quantity":1,"timestamp":1771314379718}
{"symbol":"HYUNDAI-EQ","action":"SELL","price":3749.67,"quantity":1,"pnl":-273.0652380952374,"timestamp":1771314380741}
{"symbol":"JSWENERGY-EQ","action":"SELL","price":293.63,"quantity":1,"pnl":-14.795820337205157,"timestamp":1771314380755}
{"symbol":"DMART-EQ","action":"SELL","price":5034.42,"quantity":1,"pnl":-149.84666666666726,"timestamp":1771314381725}
{"symbol":"PIDILITIND-EQ","action":"SELL","price":848.44,"quantity":1,"pnl":-45.688419204389334,"timestamp":1771314382731}
{"symbol":"UNITDSPR-EQ","action":"SELL","price":1159.28,"quantity":1,"pnl":69.67000000000007,"timestamp":1771314382737}
{"symbol":"SIEMENS-EQ","action":"SELL","price":882.91,"quantity":1,"pnl":-591.6401256402402,"timestamp":1771314382744}
{"symbol":"TORNTPHARM-EQ","action":"SELL","price":3347.17,"quantity":1,"pnl":130.53999999999996,"timestamp":1771314383735}
{"symbol":"TATAPOWER-EQ","action":"SELL","price":401.24,"quantity":1,"pnl":10.670000000000016,"timestamp":1771314384741}
{"symbol":"MOTHERSON-EQ","action":"SELL","price":193.87,"quantity":1,"pnl":-5.763226666666668,"timestamp":1771314384748}
{"symbol":"BPCL-EQ","action":"SELL","price":404.45,"quantity":1,"pnl":41.25,"timestamp":1771314385741}
{"symbol":"IOC-EQ","action":"SELL","price":254.86,"quantity":1,"pnl":7.053333333333313,"timestamp":1771314386751}
{"symbol":"ADANIENSOL-EQ","action":"SELL","price":334.83,"quantity":1,"pnl":-120.64967199999995,"timestamp":1771314386761}
{"symbol":"SOLARINDS-EQ","action":"SELL","price":19156.6,"quantity":1,"pnl":-130.20000000000073,"timestamp":1771314386766}
{"symbol":"NAUKRI-EQ","action":"BUY","price":689,"quantity":1,"timestamp":1771314387764}
{"symbol":"HINDZINC-EQ","action":"BUY","price":478.5,"quantity":1,"timestamp":1771314387774}
{"symbol":"MAZDOCK-EQ","action":"BUY","price":1373.79,"quantity":1,"timestamp":1771314387781}
{"symbol":"DIVISLAB-EQ","action":"SELL","price":8167.36,"quantity":1,"pnl":736.954999999999,"timestamp":1771314389768}
{"symbol":"GODREJCP-EQ","action":"BUY","price":1299.37,"quantity":1,"timestamp":1771314391789}
{"symbol":"HYUNDAI-EQ","action":"BUY","price":3503.34,"quantity":1,"timestamp":1771314391795}
{"symbol":"TVSMOTOR-EQ","action":"BUY","price":1248.74,"quantity":1,"timestamp":1771314393800}
{"symbol":"ICICIGI-EQ","action":"BUY","price":788.25,"quantity":1,"timestamp":1771314393808}
{"symbol":"ABB-EQ","action":"BUY","price":4779.11,"quantity":1,"timestamp":1771314393818}
{"symbol":"DIVISLAB-EQ","action":"BUY","price":7738,"quantity":1,"timestamp":1771314394812}
{"symbol":"IRFC-EQ","action":"BUY","price":70.91,"quantity":1,"timestamp":1771314394823}
{"symbol":"PNB-EQ","action":"BUY","price":109.59,"quantity":1,"timestamp":1771314395816}
{"symbol":"ICICIGI-EQ","action":"BUY","price":741.8,"quantity":1,"timestamp":1771314396831}
{"symbol":"SIEMENS-EQ","action":"BUY","price":825.63,"quantity":1,"timestamp":1771314396840}
{"symbol":"DLF-EQ","action":"BUY","price":433.51,"quantity":1,"timestamp":1771314397829}
{"symbol":"JINDALSTEL-EQ","action":"BUY","price":809.03,"quantity":1,"timestamp":1771314397838}
{"symbol":"ENRIN-EQ","action":"BUY","price":1256.71,"quantity":1,"timestamp":1771314398846}
{"symbol":"NAUKRI-EQ","action":"SELL","price":728.45,"quantity":1,"pnl":-193.48385814525454,"timestamp":1771314399847}
{"symbol":"GAIL-EQ","action":"SELL","price":306.49,"quantity":1,"pnl":30.980000000000018,"timestamp":1771314399855}
{"symbol":"HAVELLS-EQ","action":"SELL","price":866.33,"quantity":1,"pnl":145.43100000000004,"timestamp":1771314400859}
{"symbol":"SIEMENS-EQ","action":"SELL","price":871.3,"quantity":1,"pnl":-567.199007549116,"timestamp":1771314400865}
{"symbol":"LTIM-EQ","action":"SELL","price":4323.64,"quantity":1,"pnl":-53.6976916666672,"timestamp":1771314401868}
{"symbol":"ADANIPOWER-EQ","action":"SELL","price":185.2,"quantity":1,"pnl":15.604444444444425,"timestamp":1771314403872}
{"symbol":"GODREJCP-EQ","action":"SELL","price":1448.16,"quantity":1,"pnl":-68.31174074074056,"timestamp":1771314405876}
{"symbol":"BAJAJHLDNG-EQ","action":"SELL","price":21906.32,"quantity":1,"pnl":-425.7920833333337,"timestamp":1771314405883}
{"symbol":"HINDZINC-EQ","action":"SELL","price":504.4,"quantity":1,"pnl":25.899999999999977,"timestamp":1771314405892}
{"symbol":"IRFC-EQ","action":"SELL","price":74.62,"quantity":1,"pnl":-9.116851851851848,"timestamp":1771314405899}
{"symbol":"TVSMOTOR-EQ","action":"BUY","price":1175.04,"quantity":1,"timestamp":1771314406885}
{"symbol":"CHOLAFIN-EQ","action":"BUY","price":787.92,"quantity":1,"timestamp":1771314406891}
{"symbol":"HAVELLS-EQ","action":"BUY","price":819.56,"quantity":1,"timestamp":1771314407900}
{"symbol":"ZYDUSLIFE-EQ","action":"BUY","price":2869.12,"quantity":1,"timestamp":1771314408919}
{"symbol":"IRFC-EQ","action":"BUY","price":70.06,"quantity":1,"timestamp":1771314409928}
{"symbol":"PFC-EQ","action":"BUY","price":604.21,"quantity":1,"timestamp":1771314410930}
{"symbol":"BANKBARODA-EQ","action":"BUY","price":130.18,"quantity":1,"timestamp":1771314412936}
{"symbol":"DMART-EQ","action":"BUY","price":5026.22,"quantity":1,"timestamp":1771314412943}
{"symbol":"VBL-EQ","action":"BUY","price":344.96,"quantity":1,"timestamp":1771314413951}
{"symbol":"JINDALSTEL-EQ","action":"BUY","price":803.19,"quantity":1,"timestamp":1771314414968}
{"symbol":"BPCL-EQ","action":"BUY","price":404.74,"quantity":1,"timestamp":1771314415967}
{"symbol":"BAJAJHLDNG-EQ","action":"BUY","price":20602.56,"quantity":1,"timestamp":1771314415976}
{"symbol":"HINDZINC-EQ","action":"BUY","price":476.25,"quantity":1,"timestamp":1771314415984}
{"symbol":"RECLTD-EQ","action":"BUY","price":372.64,"quantity":1,"timestamp":1771314417995}
{"symbol":"MOTHERSON-EQ","action":"BUY","price":184.56,"quantity":1,"timestamp":1771314419000}
{"symbol":"JINDALSTEL-EQ","action":"BUY","price":757.07,"quantity":1,"timestamp":1771314419009}
{"symbol":"BRITANNIA-EQ","action":"BUY","price":6850.72,"quantity":1,"timestamp":1771314420004}
{"symbol":"GODREJCP-EQ","action":"BUY","price":1374.9,"quantity":1,"timestamp":1771314420067}
{"symbol":"BAJAJHFL-EQ","action":"BUY","price":112.67,"quantity":1,"timestamp":1771314421018}
{"symbol":"PFC-EQ","action":"BUY","price":567.78,"quantity":1,"timestamp":1771314422022}
{"symbol":"ICICIGI-EQ","action":"BUY","price":774.01,"quantity":1,"timestamp":1771314422030}
{"symbol":"PNB-EQ","action":"BUY","price":103.38,"quantity":1,"timestamp":1771314422036}
{"symbol":"HYUNDAI-EQ","action":"BUY","price":3309,"quantity":1,"timestamp":1771314422042}
{"symbol":"ADANIPOWER-EQ","action":"BUY","price":173.34,"quantity":1,"timestamp":1771314423023}
{"symbol":"ADANIENSOL-EQ","action":"BUY","price":316.61,"quantity":1,"timestamp":1771314423034}
{"symbol":"LODHA-EQ","action":"BUY","price":1359.14,"quantity":1,"timestamp":1771314423038}
{"symbol":"SHREECEM-EQ","action":"SELL","price":31306.45,"quantity":1,"pnl":4201.122048644858,"timestamp":1771314425029}
{"symbol":"PNB-EQ","action":"SELL","price":110.23,"quantity":1,"pnl":2.578429629629639,"timestamp":1771314426035}
{"symbol":"ADANIPOWER-EQ","action":"SELL","price":184.24,"quantity":1,"pnl":12.77222222222224,"timestamp":1771314427042}
{"symbol":"AMBUJACEM-EQ","action":"SELL","price":520.88,"quantity":1,"pnl":71.32724489795919,"timestamp":1771314427053}
{"symbol":"GAIL-EQ","action":"SELL","price":305.31,"quantity":1,"pnl":29.80000000000001,"timestamp":1771314429057}
{"symbol":"DLF-EQ","action":"SELL","price":429.17,"quantity":1,"pnl":-59.26599999999996,"timestamp":1771314429063}
{"symbol":"SIEMENS-EQ","action":"SELL","price":978.11,"quantity":1,"pnl":-460.38900754911595,"timestamp":1771314429069}
{"symbol":"BAJAJHFL-EQ","action":"SELL","price":119.74,"quantity":1,"pnl":7.069999999999993,"timestamp":1771314429074}
{"symbol":"TVSMOTOR-EQ","action":"SELL","price":1233.85,"quantity":1,"pnl":-854.0673279304028,"timestamp":1771314430063}
{"symbol":"JINDALSTEL-EQ","action":"SELL","price":799.74,"quantity":1,"pnl":-193.1060000000001,"timestamp":1771314430073}
{"symbol":"ADANIGREEN-EQ","action":"SELL","price":781.4,"quantity":1,"pnl":-6.284999999999968,"timestamp":1771314431075}
{"symbol":"ENRIN-EQ","action":"SELL","price":1321.19,"quantity":1,"pnl":-28,"timestamp":1771314431080}
{"symbol":"LICI-EQ","action":"SELL","price":915.81,"quantity":1,"pnl":70.98541666666665,"timestamp":1771314431084}
{"symbol":"PNB-EQ","action":"SELL","price":116.76,"quantity":1,"pnl":9.108429629629626,"timestamp":1771314432082}
{"symbol":"IOC-EQ","action":"SELL","price":288.67,"quantity":1,"pnl":40.863333333333344,"timestamp":1771314434105}
{"symbol":"DMART-EQ","action":"SELL","price":5018.51,"quantity":1,"pnl":-113.07444444444445,"timestamp":1771314434109}
{"symbol":"ADANIENSOL-EQ","action":"SELL","price":332.68,"quantity":1,"pnl":-95.02573759999996,"timestamp":1771314435114}
{"symbol":"ADANIGREEN-EQ","action":"SELL","price":820.66,"quantity":1,"pnl":32.97500000000002,"timestamp":1771314435119}
{"symbol":"BOSCHLTD-EQ","action":"SELL","price":16373.29,"quantity":1,"pnl":-2828.615629126194,"timestamp":1771314436125}
{"symbol":"AMBUJACEM-EQ","action":"SELL","price":549.25,"quantity":1,"pnl":99.6972448979592,"timestamp":1771314437137}
{"symbol":"NAUKRI-EQ","action":"BUY","price":691.82,"quantity":1,"timestamp":1771314438153}
{"symbol":"ICICIGI-EQ","action":"BUY","price":729.93,"quantity":1,"timestamp":1771314438161}
{"symbol":"HINDZINC-EQ","action":"BUY","price":426.31,"quantity":1,"timestamp":1771314438171}
{"symbol":"BRITANNIA-EQ","action":"BUY","price":6493.14,"quantity":1,"timestamp":1771314439164}
{"symbol":"TORNTPHARM-EQ","action":"BUY","price":3704.88,"quantity":1,"timestamp":1771314440172}
{"symbol":"IRFC-EQ","action":"BUY","price":66.39,"quantity":1,"timestamp":1771314440182}
{"symbol":"MOTHERSON-EQ","action":"BUY","price":174.63,"quantity":1,"timestamp":1771314441174}
{"symbol":"HYUNDAI-EQ","action":"BUY","price":3142.15,"quantity":1,"timestamp":1771314441184}
{"symbol":"SOLARINDS-EQ","action":"BUY","price":20099.92,"quantity":1,"timestamp":1771314441188}
{"symbol":"VBL-EQ","action":"BUY","price":321.06,"quantity":1,"timestamp":1771314442184}
{"symbol":"HAVELLS-EQ","action":"SELL","price":863.47,"quantity":1,"pnl":122.83879999999999,"timestamp":1771314443193}
{"symbol":"ADANIGREEN-EQ","action":"SELL","price":865.37,"quantity":1,"pnl":77.68500000000006,"timestamp":1771314443200}
{"symbol":"MAZDOCK-EQ","action":"SELL","price":1438.53,"quantity":1,"pnl":8.514187999999876,"timestamp":1771314443204}
{"symbol":"UNITDSPR-EQ","action":"BUY","price":1091.19,"quantity":1,"timestamp":1771314445218}
{"symbol":"ABB-EQ","action":"BUY","price":5094.61,"quantity":1,"timestamp":1771314445230}
{"symbol":"INDHOTEL-EQ","action":"BUY","price":856.99,"quantity":1,"timestamp":1771314446226}
{"symbol":"PIDILITIND-EQ","action":"BUY","price":750,"quantity":1,"timestamp":1771314446233}
{"symbol":"BPCL-EQ","action":"SELL","price":388.32,"quantity":1,"pnl":-16.420000000000016,"timestamp":1771314447228}
{"symbol":"NAUKRI-EQ","action":"SELL","price":695.11,"quantity":1,"pnl":-198.0596258770977,"timestamp":1771314449249}
{"symbol":"ICICIGI-EQ","action":"SELL","price":767.22,"quantity":1,"pnl":-168.93393097643104,"timestamp":1771314449258}
{"symbol":"MAZDOCK-EQ","action":"SELL","price":1524.84,"quantity":1,"pnl":94.82418799999982,"timestamp":1771314449266}
{"symbol":"IOC-EQ","action":"SELL","price":326.17,"quantity":1,"pnl":78.36333333333334,"timestamp":1771314450252}
{"symbol":"HAVELLS-EQ","action":"SELL","price":907.36,"quantity":1,"pnl":166.72879999999998,"timestamp":1771314450263}
{"symbol":"PIDILITIND-EQ","action":"BUY","price":708.17,"quantity":1,"timestamp":1771314451265}
{"symbol":"GODREJCP-EQ","action":"BUY","price":1373.7,"quantity":1,"timestamp":1771314452277}
{"symbol":"HAL-EQ","action":"BUY","price":6701.91,"quantity":1,"timestamp":1771314453285}
{"symbol":"SOLARINDS-EQ","action":"BUY","price":17800.65,"quantity":1,"timestamp":1771314453308}
{"symbol":"DLF-EQ","action":"BUY","price":384.01,"quantity":1,"timestamp":1771314454288}
{"symbol":"BOSCHLTD-EQ","action":"BUY","price":16425.94,"quantity":1,"timestamp":1771314454294}
{"symbol":"ADANIENSOL-EQ","action":"BUY","price":297.95,"quantity":1,"timestamp":1771314454298}
{"symbol":"MAZDOCK-EQ","action":"BUY","price":1443.18,"quantity":1,"timestamp":1771314454306}
{"symbol":"PIDILITIND-EQ","action":"BUY","price":667.13,"quantity":1,"timestamp":1771314456313}
{"symbol":"CGPOWER-EQ","action":"BUY","price":558.06,"quantity":1,"timestamp":1771314456319}
{"symbol":"VBL-EQ","action":"BUY","price":304.13,"quantity":1,"timestamp":1771314457313}
{"symbol":"GAIL-EQ","action":"BUY","price":300.13,"quantity":1,"timestamp":1771314457321}
{"symbol":"SHREECEM-EQ","action":"BUY","price":29173.96,"quantity":1,"timestamp":1771314457326}
{"symbol":"LODHA-EQ","action":"BUY","price":1286.91,"quantity":1,"timestamp":1771314458321}
{"symbol":"ZYDUSLIFE-EQ","action":"BUY","price":3083.53,"quantity":1,"timestamp":1771314458327}
{"symbol":"INDHOTEL-EQ","action":"BUY","price":860.15,"quantity":1,"timestamp":1771314460334}
{"symbol":"HAVELLS-EQ","action":"BUY","price":859.51,"quantity":1,"timestamp":1771314460343}
{"symbol":"BAJAJHFL-EQ","action":"BUY","price":118.84,"quantity":1,"timestamp":1771314460351}
{"symbol":"VEDL-EQ","action":"BUY","price":489.54,"quantity":1,"timestamp":1771314461340}
{"symbol":"ADANIGREEN-EQ","action":"BUY","price":833.13,"quantity":1,"timestamp":1771314461353}
{"symbol":"VBL-EQ","action":"SELL","price":322.26,"quantity":1,"pnl":-7.967499999999973,"timestamp":1771314463350}
{"symbol":"PNB-EQ","action":"SELL","price":117.23,"quantity":1,"pnl":9.578429629629625,"timestamp":1771314464357}
{"symbol":"GODREJCP-EQ","action":"BUY","price":1303.63,"quantity":1,"timestamp":1771314466376}
{"symbol":"DLF-EQ","action":"BUY","price":363.06,"quantity":1,"timestamp":1771314466385}
{"symbol":"AMBUJACEM-EQ","action":"BUY","price":541.06,"quantity":1,"timestamp":1771314466390}
{"symbol":"ICICIGI-EQ","action":"SELL","price":769.5,"quantity":1,"pnl":-166.65393097643118,"timestamp":1771314467382}
{"symbol":"UNITDSPR-EQ","action":"SELL","price":1150.75,"quantity":1,"pnl":59.559999999999945,"timestamp":1771314467391}
{"symbol":"HAVELLS-EQ","action":"SELL","price":907.67,"quantity":1,"pnl":137.31909999999982,"timestamp":1771314469398}
{"symbol":"DIVISLAB-EQ","action":"SELL","price":7615.71,"quantity":1,"pnl":31.50749999999971,"timestamp":1771314470399}
{"symbol":"BANKBARODA-EQ","action":"SELL","price":136.6,"quantity":1,"pnl":-16.18888888888887,"timestamp":1771314471408}
{"symbol":"PNB-EQ","action":"SELL","price":123.54,"quantity":1,"pnl":15.888429629629627,"timestamp":1771314471415}
{"symbol":"DLF-EQ","action":"SELL","price":384.56,"quantity":1,"pnl":-65.57566666666662,"timestamp":1771314472424}
{"symbol":"LODHA-EQ","action":"SELL","price":1360.77,"quantity":1,"pnl":37.74499999999989,"timestamp":1771314472433}
{"symbol":"MOTHERSON-EQ","action":"BUY","price":155.69,"quantity":1,"timestamp":1771314473425}
{"symbol":"BAJAJHFL-EQ","action":"BUY","price":112.66,"quantity":1,"timestamp":1771314473441}
{"symbol":"PFC-EQ","action":"BUY","price":506.19,"quantity":1,"timestamp":1771314474432}
{"symbol":"HINDZINC-EQ","action":"BUY","price":400.17,"quantity":1,"timestamp":1771314475443}
{"symbol":"ADANIPOWER-EQ","action":"SELL","price":207.62,"quantity":1,"pnl":36.152222222222235,"timestamp":1771314477454}
{"symbol":"DMART-EQ","action":"SELL","price":5299.92,"quantity":1,"pnl":168.3355555555554,"timestamp":1771314478453}
{"symbol":"PIDILITIND-EQ","action":"SELL","price":701.92,"quantity":1,"pnl":-141.56430487591945,"timestamp":1771314478466}
{"symbol":"RECLTD-EQ","action":"SELL","price":372.44,"quantity":1,"pnl":-25.54040466392314,"timestamp":1771314478471}
{"symbol":"DLF-EQ","action":"SELL","price":407.83,"quantity":1,"pnl":-42.305666666666696,"timestamp":1771314478476}
{"symbol":"IRFC-EQ","action":"SELL","price":66.89,"quantity":1,"pnl":-12.41489417989419,"timestamp":1771314478495}
{"symbol":"BAJAJHFL-EQ","action":"SELL","price":118.53,"quantity":1,"pnl":2.780000000000001,"timestamp":1771314478505}
{"symbol":"DIVISLAB-EQ","action":"BUY","price":7161.59,"quantity":1,"timestamp":1771314480478}
{"symbol":"TATAPOWER-EQ","action":"BUY","price":358.03,"quantity":1,"timestamp":1771314480484}
{"symbol":"ICICIGI-EQ","action":"BUY","price":723.98,"quantity":1,"timestamp":1771314480492}
{"symbol":"HINDZINC-EQ","action":"BUY","price":377.05,"quantity":1,"timestamp":1771314480499}
{"symbol":"DLF-EQ","action":"BUY","price":387.27,"quantity":1,"timestamp":1771314481486}
{"symbol":"CGPOWER-EQ","action":"BUY","price":581.81,"quantity":1,"timestamp":1771314481490}
{"symbol":"GODREJCP-EQ","action":"BUY","price":1228.32,"quantity":1,"timestamp":1771314482499}
{"symbol":"CHOLAFIN-EQ","action":"BUY","price":722.13,"quantity":1,"timestamp":1771314483511}
{"symbol":"IOC-EQ","action":"BUY","price":306.09,"quantity":1,"timestamp":1771314483517}
{"symbol":"CGPOWER-EQ","action":"BUY","price":545.89,"quantity":1,"timestamp":1771314484527}
{"symbol":"INDHOTEL-EQ","action":"BUY","price":819.77,"quantity":1,"timestamp":1771314486543}
{"symbol":"SHREECEM-EQ","action":"BUY","price":24390.32,"quantity":1,"timestamp":1771314486552}
{"symbol":"LTIM-EQ","action":"BUY","price":4811.8,"quantity":1,"timestamp":1771314487555}
{"symbol":"GODREJCP-EQ","action":"BUY","price":1148.89,"quantity":1,"timestamp":1771314487560}
{"symbol":"UNITDSPR-EQ","action":"BUY","price":1138.64,"quantity":1,"timestamp":1771314487565}
{"symbol":"AMBUJACEM-EQ","action":"BUY","price":537.25,"quantity":1,"timestamp":1771314487570}
{"symbol":"HYUNDAI-EQ","action":"BUY","price":2944.98,"quantity":1,"timestamp":1771314488566}
{"symbol":"HAVELLS-EQ","action":"BUY","price":956.85,"quantity":1,"timestamp":1771314489574}
{"symbol":"ICICIGI-EQ","action":"BUY","price":686.72,"quantity":1,"timestamp":1771314492608}
{"symbol":"GAIL-EQ","action":"BUY","price":284.85,"quantity":1,"timestamp":1771314492612}
{"symbol":"LODHA-EQ","action":"BUY","price":1290.94,"quantity":1,"timestamp":1771314492619}
{"symbol":"ABB-EQ","action":"BUY","price":4876.8,"quantity":1,"timestamp":1771314492623}
{"symbol":"AMBUJACEM-EQ","action":"BUY","price":508.8,"quantity":1,"timestamp":1771314493611}
{"symbol":"ENRIN-EQ","action":"BUY","price":1308.24,"quantity":1,"timestamp":1771314494620}
{"symbol":"PFC-EQ","action":"BUY","price":531.62,"quantity":1,"timestamp":1771314495620}
{"symbol":"NAUKRI-EQ","action":"BUY","price":690.76,"quantity":1,"timestamp":1771314495625}
{"symbol":"SOLARINDS-EQ","action":"BUY","price":15968.32,"quantity":1,"timestamp":1771314495635}
{"symbol":"BAJAJHLDNG-EQ","action":"BUY","price":21441.57,"quantity":1,"timestamp":1771314496633}
{"symbol":"HAL-EQ","action":"BUY","price":6247.6,"quantity":1,"timestamp":1771314497639}
{"symbol":"BANKBARODA-EQ","action":"BUY","price":137.85,"quantity":1,"timestamp":1771314497646}
{"symbol":"TORNTPHARM-EQ","action":"BUY","price":3962.02,"quantity":1,"timestamp":1771314497653}
{"symbol":"VEDL-EQ","action":"BUY","price":464.29,"quantity":1,"timestamp":1771314499652}
{"symbol":"INDHOTEL-EQ","action":"BUY","price":825.99,"quantity":1,"timestamp":1771314499659}
{"symbol":"PFC-EQ","action":"BUY","price":503.37,"quantity":1,"timestamp":1771314499664}
{"symbol":"AMBUJACEM-EQ","action":"BUY","price":478.19,"quantity":1,"timestamp":1771314499671}
{"symbol":"SOLARINDS-EQ","action":"BUY","price":14987.15,"quantity":1,"timestamp":1771314499675}
{"symbol":"BRITANNIA-EQ","action":"BUY","price":7316.49,"quantity":1,"timestamp":1771314500657}
{"symbol":"HYUNDAI-EQ","action":"BUY","price":2933.01,"quantity":1,"timestamp":1771314500667}
{"symbol":"SIEMENS-EQ","action":"BUY","price":975.41,"quantity":1,"timestamp":1771314501671}
{"symbol":"BAJAJHFL-EQ","action":"BUY","price":112.42,"quantity":1,"timestamp":1771314501678}
{"symbol":"ADANIENSOL-EQ","action":"BUY","price":265.4,"quantity":1,"timestamp":1771314502687}
{"symbol":"BPCL-EQ","action":"BUY","price":405.78,"quantity":1,"timestamp":1771314503687}
{"symbol":"TATAPOWER-EQ","action":"BUY","price":355.59,"quantity":1,"timestamp":1771314503693}
{"symbol":"VEDL-EQ","action":"BUY","price":434.44,"quantity":1,"timestamp":1771314504697}
{"symbol":"TVSMOTOR-EQ","action":"SELL","price":1385.55,"quantity":1,"pnl":-702.3673279304032,"timestamp":1771314505708}
{"symbol":"RECLTD-EQ","action":"SELL","price":414.16,"quantity":1,"pnl":16.17959533607683,"timestamp":1771314505718}
{"symbol":"UNITDSPR-EQ","action":"SELL","price":1207.74,"quantity":1,"pnl":69.09999999999991,"timestamp":1771314505723}
{"symbol":"MOTHERSON-EQ","action":"SELL","price":181.82,"quantity":1,"pnl":-5.810415238095288,"timestamp":1771314507728}
{"symbol":"IOC-EQ","action":"BUY","price":310.65,"quantity":1,"timestamp":1771314508732}
{"symbol":"MOTHERSON-EQ","action":"BUY","price":171.47,"quantity":1,"timestamp":1771314510748}
{"symbol":"BOSCHLTD-EQ","action":"BUY","price":17669.14,"quantity":1,"timestamp":1771314511750}
{"symbol":"LTIM-EQ","action":"SELL","price":5338.44,"quantity":1,"pnl":816.2815388888885,"timestamp":1771314512761}
{"symbol":"PIDILITIND-EQ","action":"SELL","price":739.07,"quantity":1,"pnl":-104.41430487591936,"timestamp":1771314512767}
{"symbol":"ENRIN-EQ","action":"SELL","price":1387.97,"quantity":1,"pnl":59.25499999999988,"timestamp":1771314512777}
{"symbol":"BANKBARODA-EQ","action":"SELL","price":144.91,"quantity":1,"pnl":-2.8992592592592814,"timestamp":1771314513768}
{"symbol":"PNB-EQ","action":"SELL","price":163.62,"quantity":1,"pnl":55.968429629629625,"timestamp":1771314514777}
{"symbol":"IOC-EQ","action":"SELL","price":326.47,"quantity":1,"pnl":18.100000000000023,"timestamp":1771314516784}
{"symbol":"NAUKRI-EQ","action":"SELL","price":697.81,"quantity":1,"pnl":-170.05842264246053,"timestamp":1771314516792}
{"symbol":"GODREJCP-EQ","action":"SELL","price":1217.39,"quantity":1,"pnl":-183.78987037037018,"timestamp":1771314516796}
{"symbol":"PNB-EQ","action":"SELL","price":173.15,"quantity":1,"pnl":65.49842962962964,"timestamp":1771314517801}
{"symbol":"ADANIENSOL-EQ","action":"SELL","price":301.45,"quantity":1,"pnl":-77.5788250666667,"timestamp":1771314517808}
{"symbol":"PFC-EQ","action":"SELL","price":529.55,"quantity":1,"pnl":-13.08400000000006,"timestamp":1771314519804}
{"symbol":"HAVELLS-EQ","action":"SELL","price":1131.98,"quantity":1,"pnl":315.004325,"timestamp":1771314519813}
{"symbol":"ADANIGREEN-EQ","action":"SELL","price":877.41,"quantity":1,"pnl":74.5766666666666,"timestamp":1771314519819}
{"symbol":"DIVISLAB-EQ","action":"SELL","price":8442.95,"quantity":1,"pnl":1070.053750000001,"timestamp":1771314520806}
{"symbol":"TVSMOTOR-EQ","action":"SELL","price":1378.89,"quantity":1,"pnl":-709.0273279304031,"timestamp":1771314521812}
{"symbol":"GODREJCP-EQ","action":"SELL","price":1292.01,"quantity":1,"pnl":-109.16987037037029,"timestamp":1771314522827}
{"symbol":"JINDALSTEL-EQ","action":"SELL","price":893.17,"quantity":1,"pnl":-99.67600000000016,"timestamp":1771314522834}
{"symbol":"BAJAJHLDNG-EQ","action":"SELL","price":21129.24,"quantity":1,"pnl":-678.8532499999965,"timestamp":1771314523826}
{"symbol":"PIDILITIND-EQ","action":"SELL","price":733.71,"quantity":1,"pnl":-109.77430487591937,"timestamp":1771314524835}
{"symbol":"CANBK-EQ","action":"SELL","price":173.09,"quantity":1,"pnl":21.565416666666664,"timestamp":1771314525839}
{"symbol":"DLF-EQ","action":"SELL","price":413.6,"quantity":1,"pnl":-23.96253333333334,"timestamp":1771314525878}
{"symbol":"SHREECEM-EQ","action":"SELL","price":24464.79,"quantity":1,"pnl":-2559.7409635163567,"timestamp":1771314525890}
{"symbol":"NAUKRI-EQ","action":"SELL","price":740.26,"quantity":1,"pnl":-127.60842264246048,"timestamp":1771314527853}
{"symbol":"TORNTPHARM-EQ","action":"SELL","price":4422.11,"quantity":1,"pnl":588.6599999999999,"timestamp":1771314528859}
{"symbol":"ABB-EQ","action":"SELL","price":5161.57,"quantity":1,"pnl":-36.40666666666675,"timestamp":1771314530874}
{"symbol":"VEDL-EQ","action":"SELL","price":440.21,"quantity":1,"pnl":-162.93618750000002,"timestamp":1771314531877}
{"symbol":"CANBK-EQ","action":"SELL","price":182.66,"quantity":1,"pnl":31.135416666666657,"timestamp":1771314531894}
{"symbol":"BAJAJHLDNG-EQ","action":"BUY","price":19940.68,"quantity":1,"timestamp":1771314533900}
{"symbol":"ADANIGREEN-EQ","action":"BUY","price":832.19,"quantity":1,"timestamp":1771314533907}
{"symbol":"GODREJCP-EQ","action":"BUY","price":1127,"quantity":1,"timestamp":1771314534903}
{"symbol":"AMBUJACEM-EQ","action":"BUY","price":402.8,"quantity":1,"timestamp":1771314534913}
{"symbol":"INDHOTEL-EQ","action":"BUY","price":827.24,"quantity":1,"timestamp":1771314535907}
{"symbol":"RECLTD-EQ","action":"BUY","price":348.53,"quantity":1,"timestamp":1771314535915}
{"symbol":"BAJAJHFL-EQ","action":"BUY","price":105.73,"quantity":1,"timestamp":1771314535924}
{"symbol":"BOSCHLTD-EQ","action":"BUY","price":16730.39,"quantity":1,"timestamp":1771314536925}
{"symbol":"DLF-EQ","action":"BUY","price":410.46,"quantity":1,"timestamp":1771314537928}
{"symbol":"ABB-EQ","action":"BUY","price":4815.04,"quantity":1,"timestamp":1771314537940}
{"symbol":"MOTHERSON-EQ","action":"BUY","price":152.2,"quantity":1,"timestamp":1771314538929}
{"symbol":"DIVISLAB-EQ","action":"BUY","price":8530.16,"quantity":1,"timestamp":1771314539937}
{"symbol":"PIDILITIND-EQ","action":"BUY","price":691.07,"quantity":1,"timestamp":1771314539949}
{"symbol":"PNB-EQ","action":"BUY","price":164.32,"quantity":1,"timestamp":1771314543965}
{"symbol":"HYUNDAI-EQ","action":"BUY","price":2908,"quantity":1,"timestamp":1771314544968}
{"symbol":"LODHA-EQ","action":"BUY","price":1216.56,"quantity":1,"timestamp":1771314544975}
{"symbol":"TATAPOWER-EQ","action":"BUY","price":357.55,"quantity":1,"timestamp":1771314545971}
{"symbol":"IOC-EQ","action":"BUY","price":290.63,"quantity":1,"timestamp":1771314546980}
{"symbol":"INDHOTEL-EQ","action":"BUY","price":766.73,"quantity":1,"timestamp":1771314547988}
{"symbol":"BRITANNIA-EQ","action":"BUY","price":6903.76,"quantity":1,"timestamp":1771314548994}
{"symbol":"TVSMOTOR-EQ","action":"BUY","price":1534.96,"quantity":1,"timestamp":1771314550004}
{"symbol":"MAZDOCK-EQ","action":"BUY","price":1456.69,"quantity":1,"timestamp":1771314550018}
{"symbol":"BANKBARODA-EQ","action":"BUY","price":153.62,"quantity":1,"timestamp":1771314551019}
{"symbol":"ADANIPOWER-EQ","action":"BUY","price":206.66,"quantity":1,"timestamp":1771314551026}
{"symbol":"PFC-EQ","action":"BUY","price":496.6,"quantity":1,"timestamp":1771314551031}
{"symbol":"GAIL-EQ","action":"BUY","price":317.5,"quantity":1,"timestamp":1771314551036}
{"symbol":"BOSCHLTD-EQ","action":"BUY","price":15668.13,"quantity":1,"timestamp":1771314553037}
{"symbol":"NAUKRI-EQ","action":"BUY","price":785.76,"quantity":1,"timestamp":1771314554040}
{"symbol":"IRFC-EQ","action":"BUY","price":59.98,"quantity":1,"timestamp":1771314554050}
{"symbol":"BAJAJHFL-EQ","action":"BUY","price":98.72,"quantity":1,"timestamp":1771314554054}
{"symbol":"VBL-EQ","action":"SELL","price":377.1,"quantity":1,"pnl":46.87250000000006,"timestamp":1771314557053}
{"symbol":"TATAPOWER-EQ","action":"SELL","price":376.32,"quantity":1,"pnl":10.885000000000048,"timestamp":1771314557059}
{"symbol":"CANBK-EQ","action":"SELL","price":203.13,"quantity":1,"pnl":51.605416666666656,"timestamp":1771314557065}
{"symbol":"SHREECEM-EQ","action":"SELL","price":27106.43,"quantity":1,"pnl":81.8990364836427,"timestamp":1771314557071}
{"symbol":"ADANIGREEN-EQ","action":"SELL","price":934.29,"quantity":1,"pnl":121.67111111111114,"timestamp":1771314557075}
{"symbol":"BANKBARODA-EQ","action":"BUY","price":143.49,"quantity":1,"timestamp":1771314558055}
{"symbol":"GODREJCP-EQ","action":"BUY","price":1207.7,"quantity":1,"timestamp":1771314558061}
{"symbol":"SIEMENS-EQ","action":"BUY","price":873.09,"quantity":1,"timestamp":1771314558069}
{"symbol":"ENRIN-EQ","action":"SELL","price":1554.95,"quantity":1,"pnl":226.2349999999999,"timestamp":1771314560074}
{"symbol":"LTIM-EQ","action":"SELL","price":5614.89,"quantity":1,"pnl":1092.7315388888883,"timestamp":1771314561076}
{"symbol":"ADANIENSOL-EQ","action":"SELL","price":353.08,"quantity":1,"pnl":-25.948825066666643,"timestamp":1771314562090}
{"symbol":"ADANIGREEN-EQ","action":"SELL","price":994.59,"quantity":1,"pnl":181.9711111111111,"timestamp":1771314562096}
{"symbol":"BAJAJHFL-EQ","action":"SELL","price":103.74,"quantity":1,"pnl":-4.415000000000006,"timestamp":1771314562102}
{"symbol":"BRITANNIA-EQ","action":"BUY","price":6484.4,"quantity":1,"timestamp":1771314563094}
{"symbol":"PIDILITIND-EQ","action":"BUY","price":686.77,"quantity":1,"timestamp":1771314564102}
{"symbol":"ABB-EQ","action":"BUY","price":4571.35,"quantity":1,"timestamp":1771314566117}
{"symbol":"ZYDUSLIFE-EQ","action":"BUY","price":2752.39,"quantity":1,"timestamp":1771314566122}
{"symbol":"BPCL-EQ","action":"BUY","price":397.06,"quantity":1,"timestamp":1771314568127}
{"symbol":"VEDL-EQ","action":"BUY","price":414.85,"quantity":1,"timestamp":1771314569132}
{"symbol":"TATAPOWER-EQ","action":"BUY","price":370.89,"quantity":1,"timestamp":1771314569140}
{"symbol":"HAVELLS-EQ","action":"BUY","price":1201.11,"quantity":1,"timestamp":1771314570144}
{"symbol":"ABB-EQ","action":"BUY","price":4260.55,"quantity":1,"timestamp":1771314570152}
{"symbol":"RECLTD-EQ","action":"BUY","price":328.19,"quantity":1,"timestamp":1771314571156}
{"symbol":"JINDALSTEL-EQ","action":"BUY","price":829.8,"quantity":1,"timestamp":1771314571162}
{"symbol":"VEDL-EQ","action":"SELL","price":440.42,"quantity":1,"pnl":-139.18916406249997,"timestamp":1771314572151}
{"symbol":"PNB-EQ","action":"SELL","price":173.52,"quantity":1,"pnl":37.53421481481482,"timestamp":1771314572161}
{"symbol":"AMBUJACEM-EQ","action":"SELL","price":402.69,"quantity":1,"pnl":-74.40478316326534,"timestamp":1771314572166}
{"symbol":"SOLARINDS-EQ","action":"SELL","price":19753.19,"quantity":1,"pnl":2539.1800000000003,"timestamp":1771314572171}
{"symbol":"LODHA-EQ","action":"SELL","price":1287.54,"quantity":1,"pnl":10.698333333333267,"timestamp":1771314572175}
{"symbol":"JSWENERGY-EQ","action":"SELL","price":389.2,"quantity":1,"pnl":80.77417966279484,"timestamp":1771314573176}
{"symbol":"GODREJCP-EQ","action":"SELL","price":1277.41,"quantity":1,"pnl":-77.00389629629626,"timestamp":1771314575186}
{"symbol":"BAJAJHFL-EQ","action":"SELL","price":109.54,"quantity":1,"pnl":1.384999999999991,"timestamp":1771314575197}
{"symbol":"MOTHERSON-EQ","action":"SELL","price":160.44,"quantity":1,"pnl":-20.74156142857146,"timestamp":1771314578202}
{"symbol":"PIDILITIND-EQ","action":"SELL","price":724.44,"quantity":1,"pnl":-88.13144390073546,"timestamp":1771314578206}
{"symbol":"CGPOWER-EQ","action":"SELL","price":618.74,"quantity":1,"pnl":59.35200000000009,"timestamp":1771314578216}
{"symbol":"TATAPOWER-EQ","action":"SELL","price":389.86,"quantity":1,"pnl":23.061250000000086,"timestamp":1771314579213}
{"symbol":"ADANIENSOL-EQ","action":"SELL","price":375.66,"quantity":1,"pnl":-3.368825066666602,"timestamp":1771314579223}
{"symbol":"INDHOTEL-EQ","action":"BUY","price":721.7,"quantity":1,"timestamp":1771314580216}
{"symbol":"GODREJCP-EQ","action":"SELL","price":1343.74,"quantity":1,"pnl":-10.673896296296107,"timestamp":1771314581219}
{"symbol":"SHREECEM-EQ","action":"SELL","price":30512.25,"quantity":1,"pnl":3487.7190364836424,"timestamp":1771314581228}
{"symbol":"DIVISLAB-EQ","action":"SELL","price":8456.16,"quantity":1,"pnl":504.63187500000004,"timestamp":1771314582231}
{"symbol":"DLF-EQ","action":"SELL","price":450.2,"quantity":1,"pnl":18.05797333333328,"timestamp":1771314583243}
{"symbol":"HAVELLS-EQ","action":"SELL","price":1276.74,"quantity":1,"pnl":363.7307437500001,"timestamp":1771314583249}
{"symbol":"IOC-EQ","action":"SELL","price":293.33,"quantity":1,"pnl":-6.170000000000016,"timestamp":1771314584246}
{"symbol":"CANBK-EQ","action":"SELL","price":216.04,"quantity":1,"pnl":64.51541666666665,"timestamp":1771314584253}
{"symbol":"LTIM-EQ","action":"SELL","price":5934.33,"quantity":1,"pnl":1412.1715388888879,"timestamp":1771314585256}
{"symbol":"VEDL-EQ","action":"SELL","price":465.44,"quantity":1,"pnl":-114.16916406249999,"timestamp":1771314586264}
{"symbol":"HAL-EQ","action":"BUY","price":5567.72,"quantity":1,"timestamp":1771314589286}
{"symbol":"UNITDSPR-EQ","action":"BUY","price":1066.36,"quantity":1,"timestamp":1771314589296}
{"symbol":"JINDALSTEL-EQ","action":"BUY","price":735.1,"quantity":1,"timestamp":1771314589301}
{"symbol":"RECLTD-EQ","action":"BUY","price":307.85,"quantity":1,"timestamp":1771314590299}
{"symbol":"GAIL-EQ","action":"BUY","price":301.46,"quantity":1,"timestamp":1771314591305}
{"symbol":"SOLARINDS-EQ","action":"BUY","price":18475.22,"quantity":1,"timestamp":1771314591312}
{"symbol":"ADANIPOWER-EQ","action":"SELL","price":215.3,"quantity":1,"pnl":8.640000000000015,"timestamp":1771314592305}
{"symbol":"ADANIGREEN-EQ","action":"SELL","price":989.76,"quantity":1,"pnl":177.14111111111106,"timestamp":1771314592316}
{"symbol":"ABB-EQ","action":"SELL","price":4201.02,"quantity":1,"pnl":-753.5829166666672,"timestamp":1771314592320}
{"symbol":"CHOLAFIN-EQ","action":"SELL","price":717.31,"quantity":1,"pnl":-88.17253086419782,"timestamp":1771314593316}
{"symbol":"BANKBARODA-EQ","action":"SELL","price":159.93,"quantity":1,"pnl":11.747870370370379,"timestamp":1771314593331}
{"symbol":"BOSCHLTD-EQ","action":"SELL","price":15704.19,"quantity":1,"pnl":-2638.2137527508003,"timestamp":1771314593343}
{"symbol":"INDHOTEL-EQ","action":"SELL","price":721.94,"quantity":1,"pnl":-93.3888888888888,"timestamp":1771314594322}
{"symbol":"DMART-EQ","action":"SELL","price":5878.17,"quantity":1,"pnl":746.5855555555554,"timestamp":1771314596330}
{"symbol":"CHOLAFIN-EQ","action":"SELL","price":755.21,"quantity":1,"pnl":-50.27253086419773,"timestamp":1771314597333}
{"symbol":"JSWENERGY-EQ","action":"SELL","price":410.38,"quantity":1,"pnl":101.95417966279484,"timestamp":1771314597351}
{"symbol":"ICICIGI-EQ","action":"SELL","price":762.32,"quantity":1,"pnl":-131.86957988980714,"timestamp":1771314598344}
{"symbol":"IRFC-EQ","action":"SELL","price":63.92,"quantity":1,"pnl":-12.62419501133789,"timestamp":1771314598383}
{"symbol":"BRITANNIA-EQ","action":"BUY","price":6101.9,"quantity":1,"timestamp":1771314600357}
{"symbol":"HAVELLS-EQ","action":"BUY","price":1212.55,"quantity":1,"timestamp":1771314600369}
{"symbol":"ADANIENSOL-EQ","action":"BUY","price":356.86,"quantity":1,"timestamp":1771314600374}
{"symbol":"ZYDUSLIFE-EQ","action":"BUY","price":2591.8,"quantity":1,"timestamp":1771314600379}
{"symbol":"MOTHERSON-EQ","action":"BUY","price":151.23,"quantity":1,"timestamp":1771314602367}
{"symbol":"AMBUJACEM-EQ","action":"BUY","price":378.15,"quantity":1,"timestamp":1771314602375}
{"symbol":"ADANIPOWER-EQ","action":"BUY","price":215.63,"quantity":1,"timestamp":1771314603370}
{"symbol":"ICICIGI-EQ","action":"BUY","price":718.68,"quantity":1,"timestamp":1771314603381}
{"symbol":"SHREECEM-EQ","action":"BUY","price":28734.02,"quantity":1,"timestamp":1771314603386}
{"symbol":"DIVISLAB-EQ","action":"BUY","price":7940.25,"quantity":1,"timestamp":1771314604377}
{"symbol":"PFC-EQ","action":"BUY","price":443.13,"quantity":1,"timestamp":1771314604384}
{"symbol":"ADANIENSOL-EQ","action":"BUY","price":337.61,"quantity":1,"timestamp":1771314604393}
{"symbol":"CGPOWER-EQ","action":"SELL","price":619.06,"quantity":1,"pnl":59.672000000000025,"timestamp":1771314606389}
{"symbol":"VEDL-EQ","action":"SELL","price":496.65,"quantity":1,"pnl":-82.95916406250001,"timestamp":1771314608390}
{"symbol":"NAUKRI-EQ","action":"SELL","price":938.04,"quantity":1,"pnl":81.90135202074805,"timestamp":1771314608398}
{"symbol":"ICICIGI-EQ","action":"SELL","price":762.31,"quantity":1,"pnl":-115.9241635361883,"timestamp":1771314608402}
{"symbol":"HYUNDAI-EQ","action":"SELL","price":3034.43,"quantity":1,"pnl":-573.2335897435901,"timestamp":1771314608408}
{"symbol":"TVSMOTOR-EQ","action":"SELL","price":1727.66,"quantity":1,"pnl":-314.1775506028696,"timestamp":1771314609398}
{"symbol":"BPCL-EQ","action":"SELL","price":450.25,"quantity":1,"pnl":48.83000000000004,"timestamp":1771314609405}
{"symbol":"UNITDSPR-EQ","action":"SELL","price":1127.08,"quantity":1,"pnl":60.72000000000003,"timestamp":1771314609413}
{"symbol":"BOSCHLTD-EQ","action":"SELL","price":16523.4,"quantity":1,"pnl":-1819.0037527507993,"timestamp":1771314609417}
{"symbol":"CHOLAFIN-EQ","action":"SELL","price":798.01,"quantity":1,"pnl":-7.472530864197893,"timestamp":1771314610407}
{"symbol":"ABB-EQ","action":"SELL","price":4453.85,"quantity":1,"pnl":-500.75291666666726,"timestamp":1771314610422}
{"symbol":"BAJAJHLDNG-EQ","action":"SELL","price":21104.01,"quantity":1,"pnl":-330.60059999999794,"timestamp":1771314611427}
{"symbol":"SIEMENS-EQ","action":"SELL","price":828.84,"quantity":1,"pnl":-552.5202289325474,"timestamp":1771314611443}
{"symbol":"BRITANNIA-EQ","action":"BUY","price":5741.22,"quantity":1,"timestamp":1771314612429}
{"symbol":"PFC-EQ","action":"BUY","price":419.8,"quantity":1,"timestamp":1771314612438}
{"symbol":"TORNTPHARM-EQ","action":"BUY","price":3520.5,"quantity":1,"timestamp":1771314612444}
{"symbol":"HAVELLS-EQ","action":"BUY","price":1143.58,"quantity":1,"timestamp":1771314612449}
{"symbol":"JSWENERGY-EQ","action":"BUY","price":383.16,"quantity":1,"timestamp":1771314612455}
{"symbol":"BANKBARODA-EQ","action":"SELL","price":169.19,"quantity":1,"pnl":21.00787037037037,"timestamp":1771314613438}
{"symbol":"CANBK-EQ","action":"SELL","price":215.25,"quantity":1,"pnl":63.72541666666666,"timestamp":1771314614446}
{"symbol":"DIVISLAB-EQ","action":"SELL","price":8449.08,"quantity":1,"pnl":503.19093749999956,"timestamp":1771314615457}
{"symbol":"JINDALSTEL-EQ","action":"SELL","price":775.32,"quantity":1,"pnl":-175.44680000000005,"timestamp":1771314615469}
{"symbol":"VEDL-EQ","action":"SELL","price":526.6,"quantity":1,"pnl":-53.00916406249996,"timestamp":1771314617464}
{"symbol":"PFC-EQ","action":"SELL","price":440.89,"quantity":1,"pnl":-63.40514285714289,"timestamp":1771314617474}
{"symbol":"NAUKRI-EQ","action":"SELL","price":989.63,"quantity":1,"pnl":133.49135202074808,"timestamp":1771314617478}
{"symbol":"BAJAJHFL-EQ","action":"SELL","price":124.22,"quantity":1,"pnl":16.064999999999998,"timestamp":1771314617488}
{"symbol":"MOTHERSON-EQ","action":"SELL","price":153.65,"quantity":1,"pnl":-23.787616250000013,"timestamp":1771314618467}
{"symbol":"SHREECEM-EQ","action":"SELL","price":30370.15,"quantity":1,"pnl":3060.7041970697064,"timestamp":1771314618482}
{"symbol":"CHOLAFIN-EQ","action":"SELL","price":842.05,"quantity":1,"pnl":36.567469135802185,"timestamp":1771314619479}
{"symbol":"PIDILITIND-EQ","action":"SELL","price":852.7,"quantity":1,"pnl":40.128556099264415,"timestamp":1771314619489}
{"symbol":"JINDALSTEL-EQ","action":"SELL","price":818.22,"quantity":1,"pnl":-132.5468000000002,"timestamp":1771314619496}
{"symbol":"BRITANNIA-EQ","action":"SELL","price":6154.11,"quantity":1,"pnl":-401.8371428571436,"timestamp":1771314620484}
{"symbol":"TATAPOWER-EQ","action":"SELL","price":389.42,"quantity":1,"pnl":22.62125000000009,"timestamp":1771314620491}
{"symbol":"IRFC-EQ","action":"SELL","price":67.38,"quantity":1,"pnl":-9.164195011337895,"timestamp":1771314621498}
{"symbol":"GODREJCP-EQ","action":"SELL","price":1354.36,"quantity":1,"pnl":-0.05389629629621595,"timestamp":1771314622508}
{"symbol":"DLF-EQ","action":"SELL","price":449.69,"quantity":1,"pnl":17.54797333333329,"timestamp":1771314622515}
{"symbol":"INDHOTEL-EQ","action":"SELL","price":761.23,"quantity":1,"pnl":-54.09888888888884,"timestamp":1771314623510}
{"symbol":"HAVELLS-EQ","action":"SELL","price":1211.39,"quantity":1,"pnl":192.35844625000027,"timestamp":1771314623523}
{"symbol":"MAZDOCK-EQ","action":"SELL","price":1389.64,"quantity":1,"pnl":-48.343487200000254,"timestamp":1771314625530}
{"symbol":"LODHA-EQ","action":"SELL","price":1219.38,"quantity":1,"pnl":-57.46166666666659,"timestamp":1771314626528}
{"symbol":"CGPOWER-EQ","action":"SELL","price":656.69,"quantity":1,"pnl":97.30200000000013,"timestamp":1771314627542}
{"symbol":"INDHOTEL-EQ","action":"SELL","price":804.46,"quantity":1,"pnl":-10.868888888888819,"timestamp":1771314628536}
{"symbol":"SHREECEM-EQ","action":"SELL","price":29885.77,"quantity":1,"pnl":2576.3241970697054,"timestamp":1771314629553}
{"symbol":"SIEMENS-EQ","action":"SELL","price":828.88,"quantity":1,"pnl":-552.4802289325477,"timestamp":1771314631564}
{"symbol":"CANBK-EQ","action":"SELL","price":231.55,"quantity":1,"pnl":80.02541666666667,"timestamp":1771314632562}
{"symbol":"NAUKRI-EQ","action":"SELL","price":978.48,"quantity":1,"pnl":122.34135202074799,"timestamp":1771314632566}
{"symbol":"IOC-EQ","action":"SELL","price":290.23,"quantity":1,"pnl":-9.269999999999982,"timestamp":1771314633560}
{"symbol":"PNB-EQ","action":"SELL","price":193.73,"quantity":1,"pnl":57.7442148148148,"timestamp":1771314633570}
{"symbol":"PFC-EQ","action":"BUY","price":390.32,"quantity":1,"timestamp":1771314635579}
{"symbol":"MOTHERSON-EQ","action":"BUY","price":145.64,"quantity":1,"timestamp":1771314635609}
{"symbol":"BAJAJHLDNG-EQ","action":"BUY","price":18927.51,"quantity":1,"timestamp":1771314635630}
{"symbol":"RECLTD-EQ","action":"BUY","price":242,"quantity":1,"timestamp":1771314635648}
{"symbol":"IRFC-EQ","action":"BUY","price":60.13,"quantity":1,"timestamp":1771314635673}
{"symbol":"LICI-EQ","action":"BUY","price":1221.71,"quantity":1,"timestamp":1771314637614}
{"symbol":"PFC-EQ","action":"BUY","price":366.49,"quantity":1,"timestamp":1771314638605}
{"symbol":"JINDALSTEL-EQ","action":"BUY","price":772.72,"quantity":1,"timestamp":1771314638618}
{"symbol":"ICICIGI-EQ","action":"BUY","price":677.88,"quantity":1,"timestamp":1771314639609}
{"symbol":"ADANIGREEN-EQ","action":"BUY","price":965.13,"quantity":1,"timestamp":1771314639618}
{"symbol":"INDHOTEL-EQ","action":"BUY","price":751.8,"quantity":1,"timestamp":1771314641630}
{"symbol":"SOLARINDS-EQ","action":"BUY","price":18464.55,"quantity":1,"timestamp":1771314643651}
{"symbol":"BANKBARODA-EQ","action":"BUY","price":151.77,"quantity":1,"timestamp":1771314645668}
{"symbol":"UNITDSPR-EQ","action":"BUY","price":1131.57,"quantity":1,"timestamp":1771314645691}
{"symbol":"SHREECEM-EQ","action":"BUY","price":28185.7,"quantity":1,"timestamp":1771314645701}
{"symbol":"ABB-EQ","action":"BUY","price":4420.3,"quantity":1,"timestamp":1771314645718}
{"symbol":"ZYDUSLIFE-EQ","action":"BUY","price":2439.95,"quantity":1,"timestamp":1771314646679}
{"symbol":"DIVISLAB-EQ","action":"SELL","price":8907.95,"quantity":1,"pnl":962.0609375000004,"timestamp":1771314647676}
{"symbol":"ADANIPOWER-EQ","action":"SELL","price":229.84,"quantity":1,"pnl":14.210000000000008,"timestamp":1771314647692}
{"symbol":"JSWENERGY-EQ","action":"SELL","price":377.73,"quantity":1,"pnl":50.62063474709612,"timestamp":1771314647710}
{"symbol":"AMBUJACEM-EQ","action":"BUY","price":317.11,"quantity":1,"timestamp":1771314648684}
{"symbol":"CHOLAFIN-EQ","action":"SELL","price":940.94,"quantity":1,"pnl":135.45746913580228,"timestamp":1771314650698}
{"symbol":"BANKBARODA-EQ","action":"SELL","price":163,"quantity":1,"pnl":13.621913580246911,"timestamp":1771314650715}
{"symbol":"TATAPOWER-EQ","action":"SELL","price":408.48,"quantity":1,"pnl":41.68125000000009,"timestamp":1771314651704}
{"symbol":"JINDALSTEL-EQ","action":"SELL","price":815.58,"quantity":1,"pnl":-115.4038222222224,"timestamp":1771314653716}
{"symbol":"SOLARINDS-EQ","action":"SELL","price":19750.79,"quantity":1,"pnl":2034.4300000000003,"timestamp":1771314654773}
{"symbol":"BPCL-EQ","action":"SELL","price":503.4,"quantity":1,"pnl":101.98000000000002,"timestamp":1771314655745}
{"symbol":"CGPOWER-EQ","action":"BUY","price":623.38,"quantity":1,"timestamp":1771314656760}
{"symbol":"GODREJCP-EQ","action":"BUY","price":1278.28,"quantity":1,"timestamp":1771314657760}
{"symbol":"ADANIENSOL-EQ","action":"BUY","price":268.89,"quantity":1,"timestamp":1771314657784}
{"symbol":"LODHA-EQ","action":"BUY","price":1091.76,"quantity":1,"timestamp":1771314657792}
{"symbol":"BPCL-EQ","action":"BUY","price":475.59,"quantity":1,"timestamp":1771314660783}
{"symbol":"BANKBARODA-EQ","action":"BUY","price":152.82,"quantity":1,"timestamp":1771314660791}
{"symbol":"TVSMOTOR-EQ","action":"BUY","price":1636.5,"quantity":1,"timestamp":1771314661790}
{"symbol":"DMART-EQ","action":"BUY","price":6544.85,"quantity":1,"timestamp":1771314661798}
{"symbol":"JINDALSTEL-EQ","action":"BUY","price":768.57,"quantity":1,"timestamp":1771314661809}
{"symbol":"DIVISLAB-EQ","action":"BUY","price":8763.21,"quantity":1,"timestamp":1771314662806}
{"symbol":"ADANIENSOL-EQ","action":"SELL","price":282.96,"quantity":1,"pnl":-67.11441253333334,"timestamp":1771314663817}
{"symbol":"JSWENERGY-EQ","action":"SELL","price":397.19,"quantity":1,"pnl":70.0806347470961,"timestamp":1771314663825}
{"symbol":"BANKBARODA-EQ","action":"SELL","price":160.83,"quantity":1,"pnl":10.304609053497984,"timestamp":1771314664819}
{"symbol":"BOSCHLTD-EQ","action":"SELL","price":15748.05,"quantity":1,"pnl":-2594.353752750798,"timestamp":1771314664829}
{"symbol":"CGPOWER-EQ","action":"SELL","price":657.94,"quantity":1,"pnl":77.2213333333334,"timestamp":1771314665823}
{"symbol":"IRFC-EQ","action":"SELL","price":67.76,"quantity":1,"pnl":-6.048495842781563,"timestamp":1771314665833}
{"symbol":"VEDL-EQ","action":"SELL","price":556.06,"quantity":1,"pnl":-23.54916406250004,"timestamp":1771314667834}
{"symbol":"TVSMOTOR-EQ","action":"SELL","price":1738.62,"quantity":1,"pnl":-269.4394213859641,"timestamp":1771314667839}
{"symbol":"DMART-EQ","action":"SELL","price":6873.43,"quantity":1,"pnl":328.5799999999999,"timestamp":1771314668840}
{"symbol":"CHOLAFIN-EQ","action":"SELL","price":1046.92,"quantity":1,"pnl":241.4374691358022,"timestamp":1771314669837}
{"symbol":"UNITDSPR-EQ","action":"SELL","price":1200.99,"quantity":1,"pnl":69.42000000000007,"timestamp":1771314669848}
{"symbol":"HYUNDAI-EQ","action":"SELL","price":2861.1,"quantity":1,"pnl":-746.56358974359,"timestamp":1771314669857}
{"symbol":"PIDILITIND-EQ","action":"SELL","price":946.77,"quantity":1,"pnl":134.19855609926435,"timestamp":1771314671850}
{"symbol":"CGPOWER-EQ","action":"SELL","price":691.29,"quantity":1,"pnl":110.57133333333331,"timestamp":1771314671866}
{"symbol":"ADANIENSOL-EQ","action":"SELL","price":299.26,"quantity":1,"pnl":-50.814412533333325,"timestamp":1771314672866}
{"symbol":"MAZDOCK-EQ","action":"SELL","price":1473.98,"quantity":1,"pnl":35.996512799999664,"timestamp":1771314672874}
{"symbol":"HAL-EQ","action":"SELL","price":6631.13,"quantity":1,"pnl":458.72000000000025,"timestamp":1771314673863}
{"symbol":"TVSMOTOR-EQ","action":"BUY","price":1634.01,"quantity":1,"timestamp":1771314675883}
{"symbol":"PFC-EQ","action":"BUY","price":367.83,"quantity":1,"timestamp":1771314675892}
{"symbol":"JINDALSTEL-EQ","action":"BUY","price":728.76,"quantity":1,"timestamp":1771314675900}
{"symbol":"ABB-EQ","action":"BUY","price":4152.95,"quantity":1,"timestamp":1771314675906}
{"symbol":"LTIM-EQ","action":"BUY","price":6246.18,"quantity":1,"timestamp":1771314676894}
{"symbol":"LODHA-EQ","action":"BUY","price":965.96,"quantity":1,"timestamp":1771314676904}
{"symbol":"BPCL-EQ","action":"BUY","price":394.65,"quantity":1,"timestamp":1771314677899}
{"symbol":"BOSCHLTD-EQ","action":"BUY","price":14707.32,"quantity":1,"timestamp":1771314677910}
{"symbol":"ADANIENSOL-EQ","action":"BUY","price":283.65,"quantity":1,"timestamp":1771314677914}
{"symbol":"DIVISLAB-EQ","action":"BUY","price":8231.74,"quantity":1,"timestamp":1771314678907}
{"symbol":"HINDZINC-EQ","action":"BUY","price":300.72,"quantity":1,"timestamp":1771314678919}
{"symbol":"INDHOTEL-EQ","action":"BUY","price":663.97,"quantity":1,"timestamp":1771314680926}
{"symbol":"ADANIENSOL-EQ","action":"BUY","price":268.67,"quantity":1,"timestamp":1771314680979}
{"symbol":"HAVELLS-EQ","action":"BUY","price":1017.66,"quantity":1,"timestamp":1771314682942}
{"symbol":"HINDZINC-EQ","action":"BUY","price":284.64,"quantity":1,"timestamp":1771314682960}
{"symbol":"PFC-EQ","action":"BUY","price":345.65,"quantity":1,"timestamp":1771314683948}
{"symbol":"RECLTD-EQ","action":"BUY","price":237.64,"quantity":1,"timestamp":1771314683964}
{"symbol":"HAL-EQ","action":"BUY","price":6200.98,"quantity":1,"timestamp":1771314684956}
{"symbol":"LTIM-EQ","action":"BUY","price":5926.79,"quantity":1,"timestamp":1771314684967}
{"symbol":"NAUKRI-EQ","action":"BUY","price":969.74,"quantity":1,"timestamp":1771314684972}
{"symbol":"LICI-EQ","action":"BUY","price":1077.58,"quantity":1,"timestamp":1771314684979}
{"symbol":"JINDALSTEL-EQ","action":"BUY","price":681.38,"quantity":1,"timestamp":1771314687997}
{"symbol":"DIVISLAB-EQ","action":"SELL","price":8781.45,"quantity":1,"pnl":283.9750000000022,"timestamp":1771314691009}
{"symbol":"BRITANNIA-EQ","action":"SELL","price":6199.3,"quantity":1,"pnl":-356.647142857144,"timestamp":1771314691016}
{"symbol":"INDHOTEL-EQ","action":"SELL","price":700.64,"quantity":1,"pnl":-87.82791666666662,"timestamp":1771314691021}
{"symbol":"DLF-EQ","action":"SELL","price":503.99,"quantity":1,"pnl":71.8479733333333,"timestamp":1771314691030}
{"symbol":"BAJAJHFL-EQ","action":"SELL","price":159.04,"quantity":1,"pnl":50.88499999999999,"timestamp":1771314691037}
{"symbol":"ICICIGI-EQ","action":"SELL","price":721.76,"quantity":1,"pnl":-138.2601486692621,"timestamp":1771314694032}
{"symbol":"VEDL-EQ","action":"SELL","price":554.4,"quantity":1,"pnl":-25.209164062500008,"timestamp":1771314695028}
{"symbol":"BRITANNIA-EQ","action":"SELL","price":6549.3,"quantity":1,"pnl":-6.64714285714399,"timestamp":1771314697033}
{"symbol":"SHREECEM-EQ","action":"SELL","price":32024.5,"quantity":1,"pnl":4539.803357655765,"timestamp":1771314697046}
{"symbol":"IRFC-EQ","action":"SELL","price":71.1,"quantity":1,"pnl":-2.7084958427815877,"timestamp":1771314697052}
{"symbol":"HAL-EQ","action":"SELL","price":6890.1,"quantity":1,"pnl":708.166666666667,"timestamp":1771314698039}
{"symbol":"UNITDSPR-EQ","action":"BUY","price":1340.36,"quantity":1,"timestamp":1771314700060}
{"symbol":"TATAPOWER-EQ","action":"BUY","price":320.27,"quantity":1,"timestamp":1771314701057}
{"symbol":"DLF-EQ","action":"BUY","price":472.83,"quantity":1,"timestamp":1771314701072}
{"symbol":"SOLARINDS-EQ","action":"BUY","price":17695.74,"quantity":1,"timestamp":1771314701083}
{"symbol":"SIEMENS-EQ","action":"BUY","price":877.23,"quantity":1,"timestamp":1771314702071}
{"symbol":"RECLTD-EQ","action":"BUY","price":224.71,"quantity":1,"timestamp":1771314703084}
{"symbol":"TORNTPHARM-EQ","action":"BUY","price":3675.68,"quantity":1,"timestamp":1771314703092}
{"symbol":"BRITANNIA-EQ","action":"BUY","price":6159.72,"quantity":1,"timestamp":1771314706093}
{"symbol":"ADANIPOWER-EQ","action":"BUY","price":203.2,"quantity":1,"timestamp":1771314706101}
{"symbol":"HINDZINC-EQ","action":"BUY","price":269.5,"quantity":1,"timestamp":1771314706109}
{"symbol":"DLF-EQ","action":"SELL","price":498.45,"quantity":1,"pnl":52.74531555555552,"timestamp":1771314707101}
{"symbol":"GODREJCP-EQ","action":"SELL","price":1386.22,"quantity":1,"pnl":41.32284074074096,"timestamp":1771314709119}
{"symbol":"INDHOTEL-EQ","action":"SELL","price":741.69,"quantity":1,"pnl":-46.777916666666556,"timestamp":1771314711135}
{"symbol":"BANKBARODA-EQ","action":"SELL","price":189.72,"quantity":1,"pnl":39.19460905349794,"timestamp":1771314711139}
{"symbol":"ABB-EQ","action":"SELL","price":4667.16,"quantity":1,"pnl":-120.44843750000018,"timestamp":1771314712144}
{"symbol":"BPCL-EQ","action":"SELL","price":390.16,"quantity":1,"pnl":-44.95999999999998,"timestamp":1771314713151}
{"symbol":"MOTHERSON-EQ","action":"SELL","price":135.66,"quantity":1,"pnl":-37.80291421875003,"timestamp":1771314713159}
{"symbol":"HYUNDAI-EQ","action":"SELL","price":2851.97,"quantity":1,"pnl":-755.6935897435901,"timestamp":1771314713167}
{"symbol":"LODHA-EQ","action":"SELL","price":973.23,"quantity":1,"pnl":-138.29055555555556,"timestamp":1771314714169}
{"symbol":"ADANIGREEN-EQ","action":"SELL","price":1247.96,"quantity":1,"pnl":282.83000000000004,"timestamp":1771314715172}
{"symbol":"ZYDUSLIFE-EQ","action":"SELL","price":2116.31,"quantity":1,"pnl":-691.1616666666669,"timestamp":1771314716173}
{"symbol":"MOTHERSON-EQ","action":"BUY","price":126.36,"quantity":1,"timestamp":1771314718184}
{"symbol":"ADANIENSOL-EQ","action":"BUY","price":263.47,"quantity":1,"timestamp":1771314719202}
{"symbol":"HINDZINC-EQ","action":"SELL","price":284.07,"quantity":1,"pnl":-78.02142857142854,"timestamp":1771314720207}
{"symbol":"GODREJCP-EQ","action":"SELL","price":1457.95,"quantity":1,"pnl":113.05284074074098,"timestamp":1771314721214}
{"symbol":"JSWENERGY-EQ","action":"SELL","price":435.46,"quantity":1,"pnl":108.35063474709608,"timestamp":1771314721224}
{"symbol":"NAUKRI-EQ","action":"SELL","price":912.94,"quantity":1,"pnl":34.08108161659845,"timestamp":1771314724240}
{"symbol":"PIDILITIND-EQ","action":"SELL","price":1207.24,"quantity":1,"pnl":394.66855609926426,"timestamp":1771314724244}
{"symbol":"TORNTPHARM-EQ","action":"SELL","price":3641.05,"quantity":1,"pnl":-35.493333333332885,"timestamp":1771314726246}
{"symbol":"VEDL-EQ","action":"SELL","price":587.32,"quantity":1,"pnl":7.710835937500065,"timestamp":1771314727254}
{"symbol":"GODREJCP-EQ","action":"SELL","price":1533.3,"quantity":1,"pnl":188.40284074074088,"timestamp":1771314727261}
{"symbol":"BAJAJHLDNG-EQ","action":"SELL","price":21300.62,"quantity":1,"pnl":367.4295200000015,"timestamp":1771314727264}
{"symbol":"BPCL-EQ","action":"SELL","price":415.45,"quantity":1,"pnl":-19.670000000000016,"timestamp":1771314728259}
{"symbol":"HAVELLS-EQ","action":"SELL","price":1004.14,"quantity":1,"pnl":-14.617242999999803,"timestamp":1771314728268}
{"symbol":"INDHOTEL-EQ","action":"SELL","price":741.87,"quantity":1,"pnl":-46.597916666666606,"timestamp":1771314729275}
{"symbol":"ADANIENSOL-EQ","action":"BUY","price":248.46,"quantity":1,"timestamp":1771314731279}
{"symbol":"LODHA-EQ","action":"BUY","price":916.19,"quantity":1,"timestamp":1771314731286}
{"symbol":"BANKBARODA-EQ","action":"BUY","price":167.35,"quantity":1,"timestamp":1771314732291}
{"symbol":"ADANIGREEN-EQ","action":"BUY","price":1179.76,"quantity":1,"timestamp":1771314732298}
{"symbol":"PFC-EQ","action":"BUY","price":346.3,"quantity":1,"timestamp":1771314733300}
{"symbol":"JINDALSTEL-EQ","action":"BUY","price":566.67,"quantity":1,"timestamp":1771314733306}
{"symbol":"ADANIPOWER-EQ","action":"SELL","price":215.07,"quantity":1,"pnl":11.870000000000005,"timestamp":1771314734302}
{"symbol":"VEDL-EQ","action":"SELL","price":620.96,"quantity":1,"pnl":41.35083593750005,"timestamp":1771314735304}
{"symbol":"ABB-EQ","action":"SELL","price":5226.94,"quantity":1,"pnl":439.33156249999956,"timestamp":1771314735313}
{"symbol":"HAL-EQ","action":"BUY","price":6780.13,"quantity":1,"timestamp":1771314738326}
{"symbol":"CANBK-EQ","action":"BUY","price":230.03,"quantity":1,"timestamp":1771314738334}
{"symbol":"SOLARINDS-EQ","action":"BUY","price":14948.21,"quantity":1,"timestamp":1771314738339}
{"symbol":"HYUNDAI-EQ","action":"BUY","price":2674.18,"quantity":1,"timestamp":1771314739333}
{"symbol":"BOSCHLTD-EQ","action":"BUY","price":13189.84,"quantity":1,"timestamp":1771314740337}
{"symbol":"GODREJCP-EQ","action":"BUY","price":1447.35,"quantity":1,"timestamp":1771314741335}
{"symbol":"NAUKRI-EQ","action":"SELL","price":965.78,"quantity":1,"pnl":86.92108161659837,"timestamp":1771314743341}
{"symbol":"TVSMOTOR-EQ","action":"SELL","price":1547.56,"quantity":1,"pnl":-429.32863627046686,"timestamp":1771314745346}
{"symbol":"BRITANNIA-EQ","action":"SELL","price":6149.08,"quantity":1,"pnl":-327.6217142857158,"timestamp":1771314745351}
{"symbol":"PIDILITIND-EQ","action":"SELL","price":1341,"quantity":1,"pnl":528.4285560992644,"timestamp":1771314745356}
{"symbol":"ADANIGREEN-EQ","action":"SELL","price":1242.92,"quantity":1,"pnl":63.16000000000008,"timestamp":1771314745362}
{"symbol":"IRFC-EQ","action":"SELL","price":75.2,"quantity":1,"pnl":1.3915041572184208,"timestamp":1771314745366}
{"symbol":"LODHA-EQ","action":"SELL","price":973.15,"quantity":1,"pnl":-73.2603703703702,"timestamp":1771314746352}
{"symbol":"DIVISLAB-EQ","action":"SELL","price":9292.92,"quantity":1,"pnl":795.4450000000015,"timestamp":1771314747359}
{"symbol":"GAIL-EQ","action":"SELL","price":302.52,"quantity":1,"pnl":1.5349999999999682,"timestamp":1771314747366}
{"symbol":"TATAPOWER-EQ","action":"SELL","price":341.17,"quantity":1,"pnl":-2.3643749999999386,"timestamp":1771314748379}
{"symbol":"RECLTD-EQ","action":"SELL","price":223.79,"quantity":1,"pnl":-104.29416186556924,"timestamp":1771314749375}
{"symbol":"ZYDUSLIFE-EQ","action":"SELL","price":2102.97,"quantity":1,"pnl":-704.5016666666675,"timestamp":1771314749382}
{"symbol":"VBL-EQ","action":"SELL","price":451.87,"quantity":1,"pnl":121.64250000000004,"timestamp":1771314750386}
{"symbol":"BAJAJHLDNG-EQ","action":"SELL","price":21487.86,"quantity":1,"pnl":554.6695200000031,"timestamp":1771314750393}
{"symbol":"CGPOWER-EQ","action":"SELL","price":706.88,"quantity":1,"pnl":126.16133333333335,"timestamp":1771314750397}
{"symbol":"AMBUJACEM-EQ","action":"SELL","price":313.93,"quantity":1,"pnl":-134.3948313492064,"timestamp":1771314750401}
{"symbol":"LODHA-EQ","action":"SELL","price":1022.46,"quantity":1,"pnl":-23.950370370370365,"timestamp":1771314750407}
{"symbol":"TORNTPHARM-EQ","action":"SELL","price":3905.21,"quantity":1,"pnl":228.66666666666697,"timestamp":1771314751395}
{"symbol":"PIDILITIND-EQ","action":"SELL","price":1408.2,"quantity":1,"pnl":595.6285560992644,"timestamp":1771314752405}
{"symbol":"DLF-EQ","action":"SELL","price":524.66,"quantity":1,"pnl":78.95531555555544,"timestamp":1771314752410}
{"symbol":"IRFC-EQ","action":"SELL","price":79.75,"quantity":1,"pnl":5.941504157218418,"timestamp":1771314752419}
{"symbol":"LTIM-EQ","action":"SELL","price":5570.81,"quantity":1,"pnl":-515.6750000000002,"timestamp":1771314753407}
{"symbol":"ABB-EQ","action":"SELL","price":5465.41,"quantity":1,"pnl":677.8015624999998,"timestamp":1771314753418}
{"symbol":"MAZDOCK-EQ","action":"SELL","price":1542.88,"quantity":1,"pnl":104.89651279999975,"timestamp":1771314753423}
{"symbol":"HAL-EQ","action":"BUY","price":6370.1,"quantity":1,"timestamp":1771314754408}
{"symbol":"LODHA-EQ","action":"BUY","price":958.91,"quantity":1,"timestamp":1771314756439}
{"symbol":"GODREJCP-EQ","action":"BUY","price":1259.5,"quantity":1,"timestamp":1771314757437}
{"symbol":"ADANIENSOL-EQ","action":"BUY","price":232.94,"quantity":1,"timestamp":1771314758441}
{"symbol":"ABB-EQ","action":"BUY","price":5165.27,"quantity":1,"timestamp":1771314758447}
{"symbol":"ICICIGI-EQ","action":"BUY","price":562.86,"quantity":1,"timestamp":1771314759444}
{"symbol":"ENRIN-EQ","action":"BUY","price":1992.68,"quantity":1,"timestamp":1771314759453}
{"symbol":"BANKBARODA-EQ","action":"BUY","price":158.73,"quantity":1,"timestamp":1771314760448}
{"symbol":"ADANIPOWER-EQ","action":"BUY","price":214.96,"quantity":1,"timestamp":1771314763467}
{"symbol":"TORNTPHARM-EQ","action":"BUY","price":3675.92,"quantity":1,"timestamp":1771314763475}
{"symbol":"BAJAJHFL-EQ","action":"BUY","price":184.58,"quantity":1,"timestamp":1771314763484}
{"symbol":"SHREECEM-EQ","action":"BUY","price":30441.2,"quantity":1,"timestamp":1771314764474}
{"symbol":"CGPOWER-EQ","action":"BUY","price":700.46,"quantity":1,"timestamp":1771314765484}
{"symbol":"SIEMENS-EQ","action":"BUY","price":866.46,"quantity":1,"timestamp":1771314765493}
{"symbol":"ZYDUSLIFE-EQ","action":"BUY","price":1971.87,"quantity":1,"timestamp":1771314765498}
{"symbol":"PIDILITIND-EQ","action":"BUY","price":1499.97,"quantity":1,"timestamp":1771314766489}
{"symbol":"ICICIGI-EQ","action":"BUY","price":526.92,"quantity":1,"timestamp":1771314766500}
{"symbol":"DMART-EQ","action":"BUY","price":6813.71,"quantity":1,"timestamp":1771314767502}
{"symbol":"CANBK-EQ","action":"BUY","price":217.34,"quantity":1,"timestamp":1771314767508}
{"symbol":"GAIL-EQ","action":"BUY","price":299.92,"quantity":1,"timestamp":1771314767514}
{"symbol":"HYUNDAI-EQ","action":"BUY","price":2515.55,"quantity":1,"timestamp":1771314768509}
{"symbol":"BAJAJHFL-EQ","action":"BUY","price":173.77,"quantity":1,"timestamp":1771314768517}
{"symbol":"ADANIGREEN-EQ","action":"BUY","price":1171.08,"quantity":1,"timestamp":1771314770520}
{"symbol":"CGPOWER-EQ","action":"BUY","price":654.04,"quantity":1,"timestamp":1771314771530}
{"symbol":"HAL-EQ","action":"BUY","price":5957.41,"quantity":1,"timestamp":1771314772540}
{"symbol":"RECLTD-EQ","action":"BUY","price":237.23,"quantity":1,"timestamp":1771314772549}
{"symbol":"GAIL-EQ","action":"BUY","price":284.88,"quantity":1,"timestamp":1771314772553}
{"symbol":"AMBUJACEM-EQ","action":"BUY","price":313.15,"quantity":1,"timestamp":1771314772559}
{"symbol":"VBL-EQ","action":"BUY","price":446.02,"quantity":1,"timestamp":1771314775560}
{"symbol":"VEDL-EQ","action":"BUY","price":581.61,"quantity":1,"timestamp":1771314778573}
{"symbol":"MOTHERSON-EQ","action":"BUY","price":105.95,"quantity":1,"timestamp":1771314778585}
{"symbol":"SOLARINDS-EQ","action":"BUY","price":14889.47,"quantity":1,"timestamp":1771314778592}
{"symbol":"GODREJCP-EQ","action":"BUY","price":1195.65,"quantity":1,"timestamp":1771314779583}
{"symbol":"RECLTD-EQ","action":"BUY","price":221.84,"quantity":1,"timestamp":1771314779588}
{"symbol":"MAZDOCK-EQ","action":"BUY","price":1535.08,"quantity":1,"timestamp":1771314780600}
{"symbol":"ABB-EQ","action":"BUY","price":5172.12,"quantity":1,"timestamp":1771314781602}
{"symbol":"BOSCHLTD-EQ","action":"BUY","price":13905.62,"quantity":1,"timestamp":1771314783614}
{"symbol":"HINDZINC-EQ","action":"BUY","price":281.73,"quantity":1,"timestamp":1771314785626}
{"symbol":"VEDL-EQ","action":"BUY","price":547.79,"quantity":1,"timestamp":1771314787629}
{"symbol":"BPCL-EQ","action":"BUY","price":442.12,"quantity":1,"timestamp":1771314787636}
{"symbol":"ICICIGI-EQ","action":"BUY","price":496.71,"quantity":1,"timestamp":1771314787644}
{"symbol":"PNB-EQ","action":"BUY","price":227.06,"quantity":1,"timestamp":1771314787647}
{"symbol":"IRFC-EQ","action":"BUY","price":75.27,"quantity":1,"timestamp":1771314787654}
{"symbol":"ADANIPOWER-EQ","action":"BUY","price":212.86,"quantity":1,"timestamp":1771314788639}
{"symbol":"TORNTPHARM-EQ","action":"BUY","price":3457.96,"quantity":1,"timestamp":1771314788650}
{"symbol":"ZYDUSLIFE-EQ","action":"BUY","price":1858.26,"quantity":1,"timestamp":1771314788657}
{"symbol":"MAZDOCK-EQ","action":"BUY","price":1449.8,"quantity":1,"timestamp":1771314788660}
{"symbol":"AMBUJACEM-EQ","action":"BUY","price":296.1,"quantity":1,"timestamp":1771314789656}
{"symbol":"SOLARINDS-EQ","action":"BUY","price":14057.48,"quantity":1,"timestamp":1771314790673}
{"symbol":"LTIM-EQ","action":"BUY","price":5287.34,"quantity":1,"timestamp":1771314791667}
{"symbol":"CANBK-EQ","action":"BUY","price":214.47,"quantity":1,"timestamp":1771314791675}
{"symbol":"CHOLAFIN-EQ","action":"BUY","price":1047.88,"quantity":1,"timestamp":1771314793674}
{"symbol":"SHREECEM-EQ","action":"BUY","price":30200.3,"quantity":1,"timestamp":1771314795694}
{"symbol":"SOLARINDS-EQ","action":"BUY","price":13316.45,"quantity":1,"timestamp":1771314795706}
{"symbol":"IRFC-EQ","action":"BUY","price":71.21,"quantity":1,"timestamp":1771314795712}
{"symbol":"VBL-EQ","action":"SELL","price":497.19,"quantity":1,"pnl":109.06625000000003,"timestamp":1771314796704}
{"symbol":"JINDALSTEL-EQ","action":"SELL","price":674.96,"quantity":1,"pnl":-174.47754814814823,"timestamp":1771314796715}
{"symbol":"HAVELLS-EQ","action":"SELL","price":992.77,"quantity":1,"pnl":-25.987242999999808,"timestamp":1771314796719}
{"symbol":"ADANIGREEN-EQ","action":"SELL","price":1323.06,"quantity":1,"pnl":151.98000000000002,"timestamp":1771314796727}
{"symbol":"CANBK-EQ","action":"SELL","price":225.93,"quantity":1,"pnl":5.316666666666663,"timestamp":1771314798730}
{"symbol":"HYUNDAI-EQ","action":"SELL","price":2811.22,"quantity":1,"pnl":-627.6438247863252,"timestamp":1771314799738}
{"symbol":"ADANIENSOL-EQ","action":"SELL","price":244.6,"quantity":1,"pnl":-55.120850014814806,"timestamp":1771314800746}
{"symbol":"SIEMENS-EQ","action":"SELL","price":1025.06,"quantity":1,"pnl":-299.68742571782013,"timestamp":1771314800754}
{"symbol":"TATAPOWER-EQ","action":"SELL","price":365.19,"quantity":1,"pnl":21.655625000000043,"timestamp":1771314802756}
{"symbol":"BRITANNIA-EQ","action":"SELL","price":6484.63,"quantity":1,"pnl":7.928285714284357,"timestamp":1771314804777}
{"symbol":"CGPOWER-EQ","action":"SELL","price":762.86,"quantity":1,"pnl":85.61000000000001,"timestamp":1771314804789}
{"symbol":"CHOLAFIN-EQ","action":"BUY","price":989.42,"quantity":1,"timestamp":1771314805782}
{"symbol":"ADANIPOWER-EQ","action":"BUY","price":200.36,"quantity":1,"timestamp":1771314805791}
{"symbol":"TVSMOTOR-EQ","action":"BUY","price":1738.71,"quantity":1,"timestamp":1771314806790}
{"symbol":"LODHA-EQ","action":"BUY","price":945.3,"quantity":1,"timestamp":1771314806803}
{"symbol":"PIDILITIND-EQ","action":"BUY","price":1479.7,"quantity":1,"timestamp":1771314807799}
{"symbol":"ICICIGI-EQ","action":"BUY","price":469.43,"quantity":1,"timestamp":1771314807806}
{"symbol":"HAL-EQ","action":"BUY","price":6247.81,"quantity":1,"timestamp":1771314808806}
{"symbol":"ZYDUSLIFE-EQ","action":"BUY","price":1733.34,"quantity":1,"timestamp":1771314808818}
{"symbol":"LICI-EQ","action":"BUY","price":828.85,"quantity":1,"timestamp":1771314808822}
{"symbol":"VBL-EQ","action":"BUY","price":470.1,"quantity":1,"timestamp":1771314810814}
{"symbol":"PFC-EQ","action":"BUY","price":324.26,"quantity":1,"timestamp":1771314810820}
{"symbol":"JSWENERGY-EQ","action":"BUY","price":434.98,"quantity":1,"timestamp":1771314810832}
{"symbol":"GODREJCP-EQ","action":"BUY","price":1047.36,"quantity":1,"timestamp":1771314812840}
{"symbol":"DMART-EQ","action":"BUY","price":7185.55,"quantity":1,"timestamp":1771314813842}
{"symbol":"GAIL-EQ","action":"BUY","price":283.78,"quantity":1,"timestamp":1771314813850}
{"symbol":"UNITDSPR-EQ","action":"BUY","price":1300.54,"quantity":1,"timestamp":1771314813855}
{"symbol":"SIEMENS-EQ","action":"BUY","price":1018.91,"quantity":1,"timestamp":1771314813861}
{"symbol":"VBL-EQ","action":"SELL","price":494.29,"quantity":1,"pnl":65.17812500000002,"timestamp":1771314815865}
{"symbol":"ADANIPOWER-EQ","action":"SELL","price":212.77,"quantity":1,"pnl":3.376666666666665,"timestamp":1771314815896}
{"symbol":"CANBK-EQ","action":"SELL","price":242.73,"quantity":1,"pnl":22.116666666666646,"timestamp":1771314815915}
{"symbol":"SHREECEM-EQ","action":"SELL","price":31855.43,"quantity":1,"pnl":3425.382238437178,"timestamp":1771314815932}
{"symbol":"HYUNDAI-EQ","action":"SELL","price":3177.77,"quantity":1,"pnl":-261.0938247863246,"timestamp":1771314816882}
{"symbol":"BPCL-EQ","action":"SELL","price":474.13,"quantity":1,"pnl":32.00999999999999,"timestamp":1771314817890}
{"symbol":"GAIL-EQ","action":"SELL","price":298.42,"quantity":1,"pnl":3.164166666666688,"timestamp":1771314818904}
{"symbol":"SIEMENS-EQ","action":"SELL","price":1072.75,"quantity":1,"pnl":-235.0064576223856,"timestamp":1771314818912}
{"symbol":"PNB-EQ","action":"BUY","price":215.06,"quantity":1,"timestamp":1771314819906}
{"symbol":"TATAPOWER-EQ","action":"BUY","price":342.52,"quantity":1,"timestamp":1771314821912}
{"symbol":"BAJAJHFL-EQ","action":"BUY","price":184.04,"quantity":1,"timestamp":1771314821923}
{"symbol":"CGPOWER-EQ","action":"BUY","price":717.09,"quantity":1,"timestamp":1771314822917}
{"symbol":"RECLTD-EQ","action":"BUY","price":209.8,"quantity":1,"timestamp":1771314823923}
{"symbol":"HINDZINC-EQ","action":"BUY","price":266.02,"quantity":1,"timestamp":1771314823931}
{"symbol":"JSWENERGY-EQ","action":"BUY","price":430.57,"quantity":1,"timestamp":1771314823934}
{"symbol":"PFC-EQ","action":"BUY","price":327.58,"quantity":1,"timestamp":1771314826933}
{"symbol":"BANKBARODA-EQ","action":"BUY","price":150.53,"quantity":1,"timestamp":1771314827936}
{"symbol":"ABB-EQ","action":"BUY","price":5246.66,"quantity":1,"timestamp":1771314827945}
{"symbol":"VEDL-EQ","action":"BUY","price":544.11,"quantity":1,"timestamp":1771314828942}
{"symbol":"IRFC-EQ","action":"BUY","price":75.15,"quantity":1,"timestamp":1771314828957}
{"symbol":"LTIM-EQ","action":"BUY","price":4963.97,"quantity":1,"timestamp":1771314829951}
{"symbol":"PFC-EQ","action":"BUY","price":310.54,"quantity":1,"timestamp":1771314829957}
{"symbol":"HINDZINC-EQ","action":"BUY","price":250.86,"quantity":1,"timestamp":1771314829967}
{"symbol":"ENRIN-EQ","action":"BUY","price":2006.79,"quantity":1,"timestamp":1771314829972}
{"symbol":"ICICIGI-EQ","action":"SELL","price":496.39,"quantity":1,"pnl":-264.7615347637586,"timestamp":1771314831969}
{"symbol":"SIEMENS-EQ","action":"SELL","price":1126.59,"quantity":1,"pnl":-181.16645762238568,"timestamp":1771314831977}
{"symbol":"HYUNDAI-EQ","action":"SELL","price":3532.68,"quantity":1,"pnl":93.81617521367525,"timestamp":1771314832987}
{"symbol":"MOTHERSON-EQ","action":"SELL","price":112.56,"quantity":1,"pnl":-48.16782217013889,"timestamp":1771314833981}
{"symbol":"LTIM-EQ","action":"SELL","price":5259.15,"quantity":1,"pnl":-186.78166666666766,"timestamp":1771314834981}
{"symbol":"BOSCHLTD-EQ","action":"SELL","price":16650.47,"quantity":1,"pnl":-589.8978145630972,"timestamp":1771314835990}
{"symbol":"ABB-EQ","action":"SELL","price":5556.62,"quantity":1,"pnl":616.3584765624992,"timestamp":1771314835995}
{"symbol":"ENRIN-EQ","action":"SELL","price":2124.62,"quantity":1,"pnl":124.88499999999976,"timestamp":1771314835999}
{"symbol":"LODHA-EQ","action":"SELL","price":1000.84,"quantity":1,"pnl":17.299876543209848,"timestamp":1771314837000}
{"symbol":"TVSMOTOR-EQ","action":"SELL","price":1829.38,"quantity":1,"pnl":-127.66041658126119,"timestamp":1771314839010}
{"symbol":"GODREJCP-EQ","action":"SELL","price":1090.93,"quantity":1,"pnl":-206.2195329218107,"timestamp":1771314839017}
{"symbol":"BAJAJHLDNG-EQ","action":"SELL","price":22796.25,"quantity":1,"pnl":1863.0595200000025,"timestamp":1771314839021}
{"symbol":"RECLTD-EQ","action":"SELL","price":220.8,"quantity":1,"pnl":-81.00228806584363,"timestamp":1771314839025}
{"symbol":"BOSCHLTD-EQ","action":"SELL","price":17645.94,"quantity":1,"pnl":405.5721854369003,"timestamp":1771314839030}
{"symbol":"AMBUJACEM-EQ","action":"SELL","price":324.6,"quantity":1,"pnl":-94.98486507936514,"timestamp":1771314840022}
{"symbol":"PIDILITIND-EQ","action":"BUY","price":1402.21,"quantity":1,"timestamp":1771314841027}
{"symbol":"GAIL-EQ","action":"BUY","price":280.52,"quantity":1,"timestamp":1771314841033}
{"symbol":"ABB-EQ","action":"BUY","price":5188.5,"quantity":1,"timestamp":1771314841041}
{"symbol":"ENRIN-EQ","action":"BUY","price":2014.05,"quantity":1,"timestamp":1771314841045}
{"symbol":"HAL-EQ","action":"BUY","price":6297.97,"quantity":1,"timestamp":1771314842034}
{"symbol":"CANBK-EQ","action":"BUY","price":242.37,"quantity":1,"timestamp":1771314842042}
{"symbol":"CGPOWER-EQ","action":"BUY","price":680.01,"quantity":1,"timestamp":1771314842048}
{"symbol":"ADANIENSOL-EQ","action":"BUY","price":246.02,"quantity":1,"timestamp":1771314843052}
{"symbol":"DMART-EQ","action":"SELL","price":7564.72,"quantity":1,"pnl":565.0900000000001,"timestamp":1771314845059}
{"symbol":"HYUNDAI-EQ","action":"SELL","price":3761.2,"quantity":1,"pnl":322.33617521367523,"timestamp":1771314845069}
{"symbol":"TVSMOTOR-EQ","action":"SELL","price":1929.03,"quantity":1,"pnl":-28.010416581261325,"timestamp":1771314846063}
{"symbol":"ICICIGI-EQ","action":"SELL","price":525.63,"quantity":1,"pnl":-235.5215347637586,"timestamp":1771314848077}
{"symbol":"JSWENERGY-EQ","action":"SELL","price":427.8,"quantity":1,"pnl":30.24687824903208,"timestamp":1771314848087}
{"symbol":"IRFC-EQ","action":"SELL","price":78.55,"quantity":1,"pnl":4.7006016628873795,"timestamp":1771314848093}
{"symbol":"SOLARINDS-EQ","action":"SELL","price":14095.96,"quantity":1,"pnl":-2101.016666666672,"timestamp":1771314849090}
{"symbol":"CANBK-EQ","action":"SELL","price":240.58,"quantity":1,"pnl":9.088333333333338,"timestamp":1771314850091}
{"symbol":"HYUNDAI-EQ","action":"SELL","price":3979.62,"quantity":1,"pnl":540.7561752136753,"timestamp":1771314850101}
{"symbol":"SIEMENS-EQ","action":"SELL","price":1196.92,"quantity":1,"pnl":-110.83645762238552,"timestamp":1771314850106}
{"symbol":"PIDILITIND-EQ","action":"SELL","price":1478.08,"quantity":1,"pnl":387.7706034852938,"timestamp":1771314851098}
{"symbol":"AMBUJACEM-EQ","action":"SELL","price":326.69,"quantity":1,"pnl":-92.89486507936516,"timestamp":1771314851106}
{"symbol":"TATAPOWER-EQ","action":"SELL","price":361.87,"quantity":1,"pnl":19.350000000000023,"timestamp":1771314852101}
{"symbol":"DMART-EQ","action":"SELL","price":7994.11,"quantity":1,"pnl":994.4799999999996,"timestamp":1771314852108}
{"symbol":"VBL-EQ","action":"SELL","price":460.01,"quantity":1,"pnl":30.898124999999993,"timestamp":1771314853114}
{"symbol":"SIEMENS-EQ","action":"SELL","price":1262.36,"quantity":1,"pnl":-45.3964576223857,"timestamp":1771314853130}
{"symbol":"JINDALSTEL-EQ","action":"BUY","price":608.61,"quantity":1,"timestamp":1771314856137}
{"symbol":"ZYDUSLIFE-EQ","action":"BUY","price":1642,"quantity":1,"timestamp":1771314856146}
{"symbol":"MOTHERSON-EQ","action":"SELL","price":116.71,"quantity":1,"pnl":-44.0178221701389,"timestamp":1771314857140}
{"symbol":"CANBK-EQ","action":"SELL","price":253.93,"quantity":1,"pnl":22.438333333333333,"timestamp":1771314859151}
{"symbol":"TORNTPHARM-EQ","action":"SELL","price":3667.47,"quantity":1,"pnl":63.99555555555571,"timestamp":1771314859157}
{"symbol":"HYUNDAI-EQ","action":"SELL","price":4185.16,"quantity":1,"pnl":746.2961752136753,"timestamp":1771314860162}
{"symbol":"ADANIENSOL-EQ","action":"SELL","price":245.8,"quantity":1,"pnl":-47.954088902057606,"timestamp":1771314861169}
{"symbol":"LODHA-EQ","action":"SELL","price":1073.02,"quantity":1,"pnl":89.47987654320991,"timestamp":1771314862168}
{"symbol":"TVSMOTOR-EQ","action":"SELL","price":2025.87,"quantity":1,"pnl":68.82958341873882,"timestamp":1771314863169}
{"symbol":"INDHOTEL-EQ","action":"SELL","price":822.83,"quantity":1,"pnl":34.36208333333332,"timestamp":1771314863178}
{"symbol":"PFC-EQ","action":"SELL","price":326.19,"quantity":1,"pnl":-88.43434693877555,"timestamp":1771314863183}
{"symbol":"UNITDSPR-EQ","action":"SELL","price":1207.29,"quantity":1,"pnl":-113.15999999999985,"timestamp":1771314863189}
{"symbol":"LICI-EQ","action":"SELL","price":779.22,"quantity":1,"pnl":-263.49333333333334,"timestamp":1771314864180}
{"symbol":"ZYDUSLIFE-EQ","action":"SELL","price":1756.33,"quantity":1,"pnl":-548.0895833333334,"timestamp":1771314865194}
{"symbol":"HINDZINC-EQ","action":"SELL","price":264.82,"quantity":1,"pnl":-65.30873015873016,"timestamp":1771314866205}
{"symbol":"IRFC-EQ","action":"SELL","price":79.53,"quantity":1,"pnl":5.680601662887383,"timestamp":1771314866210}
{"symbol":"BANKBARODA-EQ","action":"SELL","price":161.17,"quantity":1,"pnl":4.38615226337447,"timestamp":1771314867213}
{"symbol":"ICICIGI-EQ","action":"SELL","price":552.81,"quantity":1,"pnl":-208.34153476375877,"timestamp":1771314867223}
{"symbol":"TVSMOTOR-EQ","action":"SELL","price":2142,"quantity":1,"pnl":184.95958341873893,"timestamp":1771314869222}
{"symbol":"PIDILITIND-EQ","action":"SELL","price":1555.69,"quantity":1,"pnl":465.38060348529393,"timestamp":1771314871251}
{"symbol":"RECLTD-EQ","action":"SELL","price":220.8,"quantity":1,"pnl":-81.00228806584363,"timestamp":1771314871255}
{"symbol":"ADANIPOWER-EQ","action":"SELL","price":226.77,"quantity":1,"pnl":17.376666666666637,"timestamp":1771314872276}
{"symbol":"HINDZINC-EQ","action":"SELL","price":278.38,"quantity":1,"pnl":-51.748730158730154,"timestamp":1771314872297}
{"symbol":"SHREECEM-EQ","action":"SELL","price":31303.97,"quantity":1,"pnl":2873.9222384371787,"timestamp":1771314874295}
{"symbol":"HAVELLS-EQ","action":"SELL","price":984.71,"quantity":1,"pnl":-34.04724299999964,"timestamp":1771314874305}
{"symbol":"TVSMOTOR-EQ","action":"SELL","price":2249.59,"quantity":1,"pnl":292.5495834187391,"timestamp":1771314875287}
{"symbol":"HAL-EQ","action":"SELL","price":5995.34,"quantity":1,"pnl":-292.8438095238098,"timestamp":1771314876300}
{"symbol":"SIEMENS-EQ","action":"BUY","price":1190.4,"quantity":1,"timestamp":1771314877324}
{"symbol":"ADANIGREEN-EQ","action":"BUY","price":1225.44,"quantity":1,"timestamp":1771314879326}
{"symbol":"LICI-EQ","action":"BUY","price":738.4,"quantity":1,"timestamp":1771314880336}
{"symbol":"TVSMOTOR-EQ","action":"BUY","price":2121.14,"quantity":1,"timestamp":1771314881334}
{"symbol":"SIEMENS-EQ","action":"BUY","price":1117.47,"quantity":1,"timestamp":1771314881359}
{"symbol":"JSWENERGY-EQ","action":"BUY","price":356.57,"quantity":1,"timestamp":1771314882347}
{"symbol":"INDHOTEL-EQ","action":"BUY","price":728.49,"quantity":1,"timestamp":1771314883349}
{"symbol":"PNB-EQ","action":"BUY","price":193.51,"quantity":1,"timestamp":1771314883364}
{"symbol":"ZYDUSLIFE-EQ","action":"BUY","price":1556.25,"quantity":1,"timestamp":1771314883386}
{"symbol":"BAJAJHLDNG-EQ","action":"SELL","price":22755.63,"quantity":1,"pnl":1822.4395200000035,"timestamp":1771314884358}
{"symbol":"RECLTD-EQ","action":"SELL","price":233,"quantity":1,"pnl":-68.80228806584364,"timestamp":1771314884369}
{"symbol":"SHREECEM-EQ","action":"SELL","price":32889.55,"quantity":1,"pnl":4459.5022384371805,"timestamp":1771314885362}
{"symbol":"HINDZINC-EQ","action":"SELL","price":293.9,"quantity":1,"pnl":-36.22873015873023,"timestamp":1771314885371}
{"symbol":"ABB-EQ","action":"SELL","price":5461.04,"quantity":1,"pnl":489.7486669921864,"timestamp":1771314885379}
{"symbol":"GAIL-EQ","action":"BUY","price":250.15,"quantity":1,"timestamp":1771314887373}
{"symbol":"TORNTPHARM-EQ","action":"SELL","price":3862.4,"quantity":1,"pnl":258.925555555556,"timestamp":1771314889383}
{"symbol":"JINDALSTEL-EQ","action":"SELL","price":688.96,"quantity":1,"pnl":-140.40858580246925,"timestamp":1771314889396}
{"symbol":"ADANIGREEN-EQ","action":"SELL","price":1289.42,"quantity":1,"pnl":63.98000000000002,"timestamp":1771314889404}
{"symbol":"PNB-EQ","action":"SELL","price":206.54,"quantity":1,"pnl":-5.336666666666673,"timestamp":1771314890388}
{"symbol":"HYUNDAI-EQ","action":"SELL","price":4749.17,"quantity":1,"pnl":1310.306175213675,"timestamp":1771314890395}
{"symbol":"INDHOTEL-EQ","action":"SELL","price":770.63,"quantity":1,"pnl":-5.842333333333386,"timestamp":1771314891400}
{"symbol":"ZYDUSLIFE-EQ","action":"SELL","price":1639.71,"quantity":1,"pnl":-571.1883854166667,"timestamp":1771314891412}
{"symbol":"VEDL-EQ","action":"SELL","price":480.17,"quantity":1,"pnl":-77.66666666666669,"timestamp":1771314892408}
{"symbol":"CHOLAFIN-EQ","action":"SELL","price":1041.23,"quantity":1,"pnl":129.1637345679011,"timestamp":1771314892414}
{"symbol":"PIDILITIND-EQ","action":"SELL","price":1637.83,"quantity":1,"pnl":547.520603485294,"timestamp":1771314892422}
{"symbol":"SIEMENS-EQ","action":"SELL","price":1174.04,"quantity":1,"pnl":-114.48877541958768,"timestamp":1771314892429}
{"symbol":"RECLTD-EQ","action":"SELL","price":244.69,"quantity":1,"pnl":-57.11228806584364,"timestamp":1771314893422}
{"symbol":"SHREECEM-EQ","action":"SELL","price":34740.87,"quantity":1,"pnl":6310.82223843718,"timestamp":1771314894429}
{"symbol":"BANKBARODA-EQ","action":"SELL","price":169.21,"quantity":1,"pnl":12.42615226337449,"timestamp":1771314895441}
{"symbol":"GODREJCP-EQ","action":"SELL","price":1156.12,"quantity":1,"pnl":-141.02953292181087,"timestamp":1771314895446}
{"symbol":"RECLTD-EQ","action":"SELL","price":257.69,"quantity":1,"pnl":-44.11228806584364,"timestamp":1771314896448}
{"symbol":"MAZDOCK-EQ","action":"SELL","price":1361.94,"quantity":1,"pnl":-103.27174360000026,"timestamp":1771314898463}
{"symbol":"PIDILITIND-EQ","action":"SELL","price":1749.22,"quantity":1,"pnl":658.9106034852941,"timestamp":1771314902499}
{"symbol":"BOSCHLTD-EQ","action":"SELL","price":18378.34,"quantity":1,"pnl":1137.9721854369018,"timestamp":1771314902508}
{"symbol":"HAVELLS-EQ","action":"SELL","price":1039.2,"quantity":1,"pnl":20.442757000000256,"timestamp":1771314903517}
{"symbol":"BAJAJHFL-EQ","action":"SELL","price":176.67,"quantity":1,"pnl":-4.126666666666665,"timestamp":1771314903525}
{"symbol":"JSWENERGY-EQ","action":"SELL","price":399.3,"quantity":1,"pnl":15.40791883268804,"timestamp":1771314904526}
{"symbol":"ZYDUSLIFE-EQ","action":"BUY","price":1472.56,"quantity":1,"timestamp":1771314906542}
{"symbol":"BAJAJHFL-EQ","action":"BUY","price":166.97,"quantity":1,"timestamp":1771314906547}
{"symbol":"PFC-EQ","action":"BUY","price":305.74,"quantity":1,"timestamp":1771314908553}
{"symbol":"JSWENERGY-EQ","action":"BUY","price":378.55,"quantity":1,"timestamp":1771314908566}
{"symbol":"SIEMENS-EQ","action":"BUY","price":1112.03,"quantity":1,"timestamp":1771314908570}
{"symbol":"LICI-EQ","action":"BUY","price":698.76,"quantity":1,"timestamp":1771314908574}
{"symbol":"IOC-EQ","action":"BUY","price":321.84,"quantity":1,"timestamp":1771314911568}
{"symbol":"GODREJCP-EQ","action":"BUY","price":1154.8,"quantity":1,"timestamp":1771314911576}
{"symbol":"SOLARINDS-EQ","action":"BUY","price":13850.99,"quantity":1,"timestamp":1771314911583}
{"symbol":"CHOLAFIN-EQ","action":"BUY","price":1027.27,"quantity":1,"timestamp":1771314912585}
{"symbol":"ICICIGI-EQ","action":"BUY","price":524.44,"quantity":1,"timestamp":1771314912614}
{"symbol":"TORNTPHARM-EQ","action":"BUY","price":3642.11,"quantity":1,"timestamp":1771314912621}
{"symbol":"INDHOTEL-EQ","action":"BUY","price":685.17,"quantity":1,"timestamp":1771314913596}
{"symbol":"HINDZINC-EQ","action":"BUY","price":259.21,"quantity":1,"timestamp":1771314914617}
{"symbol":"INDHOTEL-EQ","action":"SELL","price":722.8,"quantity":1,"pnl":-35.41186666666681,"timestamp":1771314917628}
{"symbol":"LICI-EQ","action":"SELL","price":781.55,"quantity":1,"pnl":-99.09666666666658,"timestamp":1771314917646}
{"symbol":"CGPOWER-EQ","action":"SELL","price":720.3,"quantity":1,"pnl":28.849999999999795,"timestamp":1771314919646}
{"symbol":"JINDALSTEL-EQ","action":"SELL","price":727.11,"quantity":1,"pnl":-102.25858580246927,"timestamp":1771314919651}
{"symbol":"PFC-EQ","action":"SELL","price":303.25,"quantity":1,"pnl":-103.59689358600588,"timestamp":1771314921647}
{"symbol":"BRITANNIA-EQ","action":"SELL","price":7733.11,"quantity":1,"pnl":1256.408285714284,"timestamp":1771314922659}
{"symbol":"GODREJCP-EQ","action":"SELL","price":1224.32,"quantity":1,"pnl":-55.035841306584416,"timestamp":1771314922679}
{"symbol":"HYUNDAI-EQ","action":"SELL","price":4842.49,"quantity":1,"pnl":1403.6261752136747,"timestamp":1771314922693}
{"symbol":"HAL-EQ","action":"SELL","price":6659.88,"quantity":1,"pnl":371.6961904761911,"timestamp":1771314924673}
{"symbol":"TORNTPHARM-EQ","action":"SELL","price":3882.46,"quantity":1,"pnl":259.6677777777777,"timestamp":1771314926700}
{"symbol":"AMBUJACEM-EQ","action":"SELL","price":346.12,"quantity":1,"pnl":-73.46486507936515,"timestamp":1771314926708}
{"symbol":"IRFC-EQ","action":"SELL","price":88.98,"quantity":1,"pnl":15.130601662887386,"timestamp":1771314926714}
{"symbol":"PIDILITIND-EQ","action":"BUY","price":1763.86,"quantity":1,"timestamp":1771314930728}
{"symbol":"ADANIENSOL-EQ","action":"BUY","price":219.12,"quantity":1,"timestamp":1771314931732}
{"symbol":"DLF-EQ","action":"SELL","price":549.78,"quantity":1,"pnl":104.07531555555545,"timestamp":1771314933745}
{"symbol":"ADANIPOWER-EQ","action":"SELL","price":241.07,"quantity":1,"pnl":31.67666666666662,"timestamp":1771314934750}
{"symbol":"JSWENERGY-EQ","action":"SELL","price":404.08,"quantity":1,"pnl":21.968612555125333,"timestamp":1771314935773}
{"symbol":"BOSCHLTD-EQ","action":"SELL","price":20882.91,"quantity":1,"pnl":3642.5421854369015,"timestamp":1771314936786}
{"symbol":"CHOLAFIN-EQ","action":"SELL","price":1032.33,"quantity":1,"pnl":91.46280092592576,"timestamp":1771314937779}
{"symbol":"INDHOTEL-EQ","action":"SELL","price":770.61,"quantity":1,"pnl":12.398133333333249,"timestamp":1771314937786}
{"symbol":"SIEMENS-EQ","action":"SELL","price":1257.59,"quantity":1,"pnl":-19.907601955863356,"timestamp":1771314938798}
{"symbol":"IRFC-EQ","action":"SELL","price":93.6,"quantity":1,"pnl":19.75060166288739,"timestamp":1771314938802}
{"symbol":"BRITANNIA-EQ","action":"SELL","price":8229.82,"quantity":1,"pnl":1753.118285714283,"timestamp":1771314939793}
{"symbol":"HINDZINC-EQ","action":"SELL","price":228.56,"quantity":1,"pnl":-91.43748299319725,"timestamp":1771314940815}
{"symbol":"UNITDSPR-EQ","action":"SELL","price":1151.23,"quantity":1,"pnl":-169.2199999999998,"timestamp":1771314941819}
{"symbol":"PFC-EQ","action":"SELL","price":302.1,"quantity":1,"pnl":-104.74689358600585,"timestamp":1771314942826}
{"symbol":"AMBUJACEM-EQ","action":"SELL","price":344.46,"quantity":1,"pnl":-75.12486507936518,"timestamp":1771314942835}
{"symbol":"PNB-EQ","action":"SELL","price":232.3,"quantity":1,"pnl":20.423333333333346,"timestamp":1771314943833}
{"symbol":"GODREJCP-EQ","action":"SELL","price":1220.9,"quantity":1,"pnl":-58.45584130658426,"timestamp":1771314944843}
{"symbol":"INDHOTEL-EQ","action":"SELL","price":812.45,"quantity":1,"pnl":54.23813333333317,"timestamp":1771314945843}
{"symbol":"JINDALSTEL-EQ","action":"SELL","price":700.11,"quantity":1,"pnl":-129.25858580246938,"timestamp":1771314945856}
{"symbol":"HINDZINC-EQ","action":"SELL","price":242.88,"quantity":1,"pnl":-77.11748299319726,"timestamp":1771314945864}
{"symbol":"HAL-EQ","action":"SELL","price":7047.76,"quantity":1,"pnl":759.5761904761912,"timestamp":1771314946846}
{"symbol":"ADANIPOWER-EQ","action":"BUY","price":216.84,"quantity":1,"timestamp":1771314949857}
{"symbol":"TATAPOWER-EQ","action":"BUY","price":284.4,"quantity":1,"timestamp":1771314950866}
{"symbol":"NAUKRI-EQ","action":"BUY","price":837.27,"quantity":1,"timestamp":1771314950876}
{"symbol":"PNB-EQ","action":"BUY","price":218.51,"quantity":1,"timestamp":1771314950881}
{"symbol":"ADANIGREEN-EQ","action":"BUY","price":1346.63,"quantity":1,"timestamp":1771314950887}
{"symbol":"HINDZINC-EQ","action":"BUY","price":228.62,"quantity":1,"timestamp":1771314951876}
{"symbol":"INDHOTEL-EQ","action":"BUY","price":808.09,"quantity":1,"timestamp":1771314952877}
{"symbol":"IOC-EQ","action":"BUY","price":283.04,"quantity":1,"timestamp":1771314952885}
{"symbol":"AMBUJACEM-EQ","action":"BUY","price":326.19,"quantity":1,"timestamp":1771314952895}
{"symbol":"BANKBARODA-EQ","action":"BUY","price":157.67,"quantity":1,"timestamp":1771314953880}
{"symbol":"NAUKRI-EQ","action":"BUY","price":783.84,"quantity":1,"timestamp":1771314954885}
{"symbol":"LTIM-EQ","action":"BUY","price":4877.15,"quantity":1,"timestamp":1771314956895}
{"symbol":"DLF-EQ","action":"BUY","price":555.03,"quantity":1,"timestamp":1771314956902}
{"symbol":"UNITDSPR-EQ","action":"BUY","price":1145.91,"quantity":1,"timestamp":1771314956907}
{"symbol":"DMART-EQ","action":"BUY","price":7168.25,"quantity":1,"timestamp":1771314957896}
{"symbol":"SHREECEM-EQ","action":"BUY","price":32703.94,"quantity":1,"timestamp":1771314957906}
{"symbol":"BANKBARODA-EQ","action":"BUY","price":149.44,"quantity":1,"timestamp":1771314958901}
{"symbol":"INDHOTEL-EQ","action":"BUY","price":760.64,"quantity":1,"timestamp":1771314959909}
{"symbol":"SIEMENS-EQ","action":"BUY","price":1252.64,"quantity":1,"timestamp":1771314959929}
{"symbol":"BRITANNIA-EQ","action":"BUY","price":8303.67,"quantity":1,"timestamp":1771314962968}
{"symbol":"BAJAJHFL-EQ","action":"BUY","price":131.47,"quantity":1,"timestamp":1771314963027}
{"symbol":"LODHA-EQ","action":"BUY","price":970.78,"quantity":1,"timestamp":1771314963965}
{"symbol":"ADANIGREEN-EQ","action":"BUY","price":1343.76,"quantity":1,"timestamp":1771314964966}
{"symbol":"MOTHERSON-EQ","action":"BUY","price":102.5,"quantity":1,"timestamp":1771314965974}
{"symbol":"PNB-EQ","action":"BUY","price":204.84,"quantity":1,"timestamp":1771314965988}
{"symbol":"TVSMOTOR-EQ","action":"BUY","price":1961.73,"quantity":1,"timestamp":1771314967983}
{"symbol":"DMART-EQ","action":"BUY","price":6723.82,"quantity":1,"timestamp":1771314967993}
{"symbol":"NAUKRI-EQ","action":"BUY","price":734.14,"quantity":1,"timestamp":1771314967998}
{"symbol":"CGPOWER-EQ","action":"BUY","price":725.2,"quantity":1,"timestamp":1771314968004}
{"symbol":"MAZDOCK-EQ","action":"BUY","price":1366.19,"quantity":1,"timestamp":1771314968013}
{"symbol":"GODREJCP-EQ","action":"BUY","price":1156.75,"quantity":1,"timestamp":1771314968997}
{"symbol":"UNITDSPR-EQ","action":"BUY","price":1078.16,"quantity":1,"timestamp":1771314969004}
{"symbol":"BOSCHLTD-EQ","action":"BUY","price":18527.35,"quantity":1,"timestamp":1771314969010}
{"symbol":"IOC-EQ","action":"BUY","price":281.29,"quantity":1,"timestamp":1771314969998}
{"symbol":"CANBK-EQ","action":"BUY","price":216.88,"quantity":1,"timestamp":1771314970007}
{"symbol":"PIDILITIND-EQ","action":"BUY","price":1756.61,"quantity":1,"timestamp":1771314971002}
{"symbol":"SOLARINDS-EQ","action":"BUY","price":12350.44,"quantity":1,"timestamp":1771314971013}
{"symbol":"ICICIGI-EQ","action":"BUY","price":485.49,"quantity":1,"timestamp":1771314972008}
{"symbol":"JINDALSTEL-EQ","action":"BUY","price":692.88,"quantity":1,"timestamp":1771314972018}
{"symbol":"ADANIENSOL-EQ","action":"BUY","price":193.65,"quantity":1,"timestamp":1771314972023}
{"symbol":"DIVISLAB-EQ","action":"BUY","price":9453.82,"quantity":1,"timestamp":1771314973008}
{"symbol":"RECLTD-EQ","action":"BUY","price":230.75,"quantity":1,"timestamp":1771314973021}
{"symbol":"TORNTPHARM-EQ","action":"BUY","price":3837.64,"quantity":1,"timestamp":1771314975031}
{"symbol":"VEDL-EQ","action":"BUY","price":489.09,"quantity":1,"timestamp":1771314977035}
{"symbol":"SHREECEM-EQ","action":"BUY","price":32688.69,"quantity":1,"timestamp":1771314977046}
{"symbol":"LICI-EQ","action":"BUY","price":768.22,"quantity":1,"timestamp":1771314977054}
{"symbol":"INDHOTEL-EQ","action":"BUY","price":718.56,"quantity":1,"timestamp":1771314978048}
{"symbol":"LTIM-EQ","action":"BUY","price":4606.44,"quantity":1,"timestamp":1771314978056}
{"symbol":"PFC-EQ","action":"BUY","price":286.55,"quantity":1,"timestamp":1771314978060}
{"symbol":"CGPOWER-EQ","action":"BUY","price":678.24,"quantity":1,"timestamp":1771314978066}
{"symbol":"HAVELLS-EQ","action":"BUY","price":1019.23,"quantity":1,"timestamp":1771314978071}
{"symbol":"LODHA-EQ","action":"BUY","price":918.86,"quantity":1,"timestamp":1771314979056}
{"symbol":"CHOLAFIN-EQ","action":"BUY","price":976.63,"quantity":1,"timestamp":1771314980067}
{"symbol":"BRITANNIA-EQ","action":"BUY","price":7875.08,"quantity":1,"timestamp":1771314981082}
{"symbol":"MOTHERSON-EQ","action":"BUY","price":96.79,"quantity":1,"timestamp":1771314982099}
{"symbol":"IRFC-EQ","action":"BUY","price":86.7,"quantity":1,"timestamp":1771314982114}
{"symbol":"CHOLAFIN-EQ","action":"BUY","price":915.29,"quantity":1,"timestamp":1771314986127}
{"symbol":"INDHOTEL-EQ","action":"BUY","price":678.03,"quantity":1,"timestamp":1771314986136}
{"symbol":"RECLTD-EQ","action":"BUY","price":218.74,"quantity":1,"timestamp":1771314986147}
{"symbol":"SOLARINDS-EQ","action":"BUY","price":12406.86,"quantity":1,"timestamp":1771314987146}
{"symbol":"ABB-EQ","action":"BUY","price":5369.31,"quantity":1,"timestamp":1771314987152}
{"symbol":"PIDILITIND-EQ","action":"BUY","price":1636.19,"quantity":1,"timestamp":1771314988145}
{"symbol":"ADANIENSOL-EQ","action":"BUY","price":179.52,"quantity":1,"timestamp":1771314988157}
{"symbol":"ZYDUSLIFE-EQ","action":"BUY","price":1356.89,"quantity":1,"timestamp":1771314988163}
{"symbol":"TVSMOTOR-EQ","action":"BUY","price":1860.11,"quantity":1,"timestamp":1771314991164}
{"symbol":"IOC-EQ","action":"BUY","price":295.16,"quantity":1,"timestamp":1771314991172}
{"symbol":"PFC-EQ","action":"BUY","price":287.59,"quantity":1,"timestamp":1771314991178}
{"symbol":"CGPOWER-EQ","action":"BUY","price":665.5,"quantity":1,"timestamp":1771314991184}
{"symbol":"NAUKRI-EQ","action":"BUY","price":731.89,"quantity":1,"timestamp":1771314992181}
{"symbol":"ICICIGI-EQ","action":"BUY","price":480.64,"quantity":1,"timestamp":1771314992189}
{"symbol":"BRITANNIA-EQ","action":"BUY","price":7453.57,"quantity":1,"timestamp":1771314993193}
{"symbol":"BAJAJHLDNG-EQ","action":"BUY","price":20312.64,"quantity":1,"timestamp":1771314993201}
{"symbol":"UNITDSPR-EQ","action":"BUY","price":1022.43,"quantity":1,"timestamp":1771314993208}
{"symbol":"AMBUJACEM-EQ","action":"BUY","price":364.17,"quantity":1,"timestamp":1771314993212}
{"symbol":"BAJAJHFL-EQ","action":"BUY","price":124.75,"quantity":1,"timestamp":1771314993218}
{"symbol":"RECLTD-EQ","action":"BUY","price":206.15,"quantity":1,"timestamp":1771314994201}
{"symbol":"INDHOTEL-EQ","action":"BUY","price":672.36,"quantity":1,"timestamp":1771314996215}
{"symbol":"GAIL-EQ","action":"BUY","price":200.24,"quantity":1,"timestamp":1771314997225}
{"symbol":"CHOLAFIN-EQ","action":"BUY","price":855.32,"quantity":1,"timestamp":1771314998224}
{"symbol":"BANKBARODA-EQ","action":"BUY","price":141.56,"quantity":1,"timestamp":1771314998235}
{"symbol":"TORNTPHARM-EQ","action":"BUY","price":3878.77,"quantity":1,"timestamp":1771314998241}
{"symbol":"UNITDSPR-EQ","action":"BUY","price":969.76,"quantity":1,"timestamp":1771314998245}
{"symbol":"JINDALSTEL-EQ","action":"BUY","price":656.85,"quantity":1,"timestamp":1771314998248}
{"symbol":"SOLARINDS-EQ","action":"BUY","price":11702.34,"quantity":1,"timestamp":1771314998254}
{"symbol":"BPCL-EQ","action":"BUY","price":532.16,"quantity":1,"timestamp":1771315000232}
{"symbol":"LTIM-EQ","action":"BUY","price":4356.9,"quantity":1,"timestamp":1771315000246}
{"symbol":"HAL-EQ","action":"BUY","price":6576.1,"quantity":1,"timestamp":1771315003263}
{"symbol":"ADANIPOWER-EQ","action":"BUY","price":212.99,"quantity":1,"timestamp":1771315003272}
{"symbol":"PFC-EQ","action":"BUY","price":272.79,"quantity":1,"timestamp":1771315003276}
{"symbol":"ABB-EQ","action":"BUY","price":5026.29,"quantity":1,"timestamp":1771315003287}
{"symbol":"BAJAJHLDNG-EQ","action":"BUY","price":19150.67,"quantity":1,"timestamp":1771315005284}
{"symbol":"ENRIN-EQ","action":"BUY","price":2201.31,"quantity":1,"timestamp":1771315005294}
{"symbol":"DIVISLAB-EQ","action":"BUY","price":10031.16,"quantity":1,"timestamp":1771315006282}
{"symbol":"DMART-EQ","action":"BUY","price":6264.91,"quantity":1,"timestamp":1771315006289}
{"symbol":"CGPOWER-EQ","action":"BUY","price":632.05,"quantity":1,"timestamp":1771315006298}
{"symbol":"SHREECEM-EQ","action":"BUY","price":31006.33,"quantity":1,"timestamp":1771315006301}
{"symbol":"ADANIGREEN-EQ","action":"BUY","price":1322.09,"quantity":1,"timestamp":1771315006307}
{"symbol":"TORNTPHARM-EQ","action":"BUY","price":3672.86,"quantity":1,"timestamp":1771315008303}
{"symbol":"PNB-EQ","action":"BUY","price":193.56,"quantity":1,"timestamp":1771315009312}
{"symbol":"ICICIGI-EQ","action":"BUY","price":481.16,"quantity":1,"timestamp":1771315010326}
{"symbol":"UNITDSPR-EQ","action":"BUY","price":906.69,"quantity":1,"timestamp":1771315011332}
{"symbol":"BRITANNIA-EQ","action":"BUY","price":7816.03,"quantity":1,"timestamp":1771315012336}
{"symbol":"CGPOWER-EQ","action":"BUY","price":594.98,"quantity":1,"timestamp":1771315012345}
{"symbol":"HINDZINC-EQ","action":"BUY","price":256.2,"quantity":1,"timestamp":1771315012351}
{"symbol":"ZYDUSLIFE-EQ","action":"BUY","price":1348.64,"quantity":1,"timestamp":1771315012355}
{"symbol":"MAZDOCK-EQ","action":"BUY","price":1362.05,"quantity":1,"timestamp":1771315012361}
{"symbol":"JINDALSTEL-EQ","action":"BUY","price":649.06,"quantity":1,"timestamp":1771315013345}
{"symbol":"HAVELLS-EQ","action":"BUY","price":965.86,"quantity":1,"timestamp":1771315013351}
{"symbol":"AMBUJACEM-EQ","action":"BUY","price":323.79,"quantity":1,"timestamp":1771315013355}
{"symbol":"TORNTPHARM-EQ","action":"BUY","price":3470.61,"quantity":1,"timestamp":1771315014354}
{"symbol":"SOLARINDS-EQ","action":"BUY","price":10900.13,"quantity":1,"timestamp":1771315014362}
{"symbol":"CGPOWER-EQ","action":"BUY","price":564.59,"quantity":1,"timestamp":1771315016352}
{"symbol":"INDHOTEL-EQ","action":"BUY","price":636.48,"quantity":1,"timestamp":1771315018361}
{"symbol":"CANBK-EQ","action":"BUY","price":217.34,"quantity":1,"timestamp":1771315018368}
{"symbol":"ENRIN-EQ","action":"BUY","price":2086.86,"quantity":1,"timestamp":1771315018379}
{"symbol":"HAVELLS-EQ","action":"BUY","price":911.72,"quantity":1,"timestamp":1771315019372}
{"symbol":"LTIM-EQ","action":"BUY","price":4374.44,"quantity":1,"timestamp":1771315020377}
{"symbol":"RECLTD-EQ","action":"SELL","price":217.89,"quantity":1,"pnl":-58.93560164609056,"timestamp":1771315021382}
{"symbol":"HYUNDAI-EQ","action":"SELL","price":6570.1,"quantity":1,"pnl":3131.2361752136753,"timestamp":1771315021389}
{"symbol":"JSWENERGY-EQ","action":"SELL","price":568.65,"quantity":1,"pnl":186.53861255512538,"timestamp":1771315021394}
{"symbol":"MAZDOCK-EQ","action":"SELL","price":1444.73,"quantity":1,"pnl":19.95495383999969,"timestamp":1771315021399}
{"symbol":"CHOLAFIN-EQ","action":"BUY","price":806.32,"quantity":1,"timestamp":1771315022386}
{"symbol":"MOTHERSON-EQ","action":"BUY","price":96.07,"quantity":1,"timestamp":1771315022397}
{"symbol":"ENRIN-EQ","action":"BUY","price":1980.27,"quantity":1,"timestamp":1771315022407}
{"symbol":"VEDL-EQ","action":"BUY","price":464.53,"quantity":1,"timestamp":1771315024396}
{"symbol":"BPCL-EQ","action":"BUY","price":504.58,"quantity":1,"timestamp":1771315024403}
{"symbol":"LICI-EQ","action":"BUY","price":720.82,"quantity":1,"timestamp":1771315024415}
{"symbol":"TVSMOTOR-EQ","action":"BUY","price":1966.53,"quantity":1,"timestamp":1771315025403}
{"symbol":"ADANIPOWER-EQ","action":"BUY","price":199.1,"quantity":1,"timestamp":1771315025413}
{"symbol":"ICICIGI-EQ","action":"BUY","price":453.6,"quantity":1,"timestamp":1771315025420}
{"symbol":"UNITDSPR-EQ","action":"BUY","price":847.06,"quantity":1,"timestamp":1771315025425}
{"symbol":"PIDILITIND-EQ","action":"BUY","price":1769.12,"quantity":1,"timestamp":1771315026416}
{"symbol":"SOLARINDS-EQ","action":"BUY","price":9733.04,"quantity":1,"timestamp":1771315026429}
{"symbol":"TATAPOWER-EQ","action":"BUY","price":318.23,"quantity":1,"timestamp":1771315027426}
{"symbol":"UNITDSPR-EQ","action":"BUY","price":798.22,"quantity":1,"timestamp":1771315028434}
{"symbol":"HAVELLS-EQ","action":"BUY","price":858.12,"quantity":1,"timestamp":1771315028440}
{"symbol":"HYUNDAI-EQ","action":"BUY","price":6197.16,"quantity":1,"timestamp":1771315029436}
{"symbol":"LODHA-EQ","action":"BUY","price":1035.12,"quantity":1,"timestamp":1771315029443}
{"symbol":"VBL-EQ","action":"BUY","price":631.44,"quantity":1,"timestamp":1771315032447}
{"symbol":"IOC-EQ","action":"BUY","price":295.77,"quantity":1,"timestamp":1771315032453}
{"symbol":"INDHOTEL-EQ","action":"BUY","price":635.28,"quantity":1,"timestamp":1771315033452}
{"symbol":"AMBUJACEM-EQ","action":"BUY","price":319.84,"quantity":1,"timestamp":1771315033462}
{"symbol":"HINDZINC-EQ","action":"BUY","price":256.64,"quantity":1,"timestamp":1771315033468}
{"symbol":"ADANIENSOL-EQ","action":"BUY","price":191.55,"quantity":1,"timestamp":1771315034461}
{"symbol":"ICICIGI-EQ","action":"BUY","price":429.25,"quantity":1,"timestamp":1771315036484}
{"symbol":"DLF-EQ","action":"BUY","price":704.84,"quantity":1,"timestamp":1771315036498}
{"symbol":"MAZDOCK-EQ","action":"BUY","price":1365.81,"quantity":1,"timestamp":1771315036506}
{"symbol":"VBL-EQ","action":"BUY","price":596.92,"quantity":1,"timestamp":1771315037487}
{"symbol":"ZYDUSLIFE-EQ","action":"BUY","price":1344.37,"quantity":1,"timestamp":1771315038507}
{"symbol":"JSWENERGY-EQ","action":"BUY","price":565.77,"quantity":1,"timestamp":1771315040502}
{"symbol":"IOC-EQ","action":"BUY","price":279.15,"quantity":1,"timestamp":1771315041504}
{"symbol":"ADANIPOWER-EQ","action":"BUY","price":198.81,"quantity":1,"timestamp":1771315042517}
{"symbol":"TORNTPHARM-EQ","action":"BUY","price":3290.68,"quantity":1,"timestamp":1771315042528}
{"symbol":"JINDALSTEL-EQ","action":"SELL","price":645.24,"quantity":1,"pnl":-143.3522726851853,"timestamp":1771315044530}
{"symbol":"SHREECEM-EQ","action":"SELL","price":39167.14,"quantity":1,"pnl":8515.328895374867,"timestamp":1771315044535}
{"symbol":"AMBUJACEM-EQ","action":"SELL","price":337.97,"quantity":1,"pnl":-47.17991904761914,"timestamp":1771315045535}
{"symbol":"BANKBARODA-EQ","action":"SELL","price":141.18,"quantity":1,"pnl":-11.267539094650203,"timestamp":1771315046533}
{"symbol":"ZYDUSLIFE-EQ","action":"SELL","price":1420.08,"quantity":1,"pnl":-488.89715435606035,"timestamp":1771315046543}
{"symbol":"GODREJCP-EQ","action":"SELL","price":1373.35,"quantity":1,"pnl":111.50927888007027,"timestamp":1771315047539}
{"symbol":"HYUNDAI-EQ","action":"SELL","price":6527.7,"quantity":1,"pnl":2399.262131410256,"timestamp":1771315047551}
{"symbol":"HINDZINC-EQ","action":"SELL","price":288.05,"quantity":1,"pnl":-4.630926870748226,"timestamp":1771315048549}
{"symbol":"ENRIN-EQ","action":"SELL","price":2088.93,"quantity":1,"pnl":32.48499999999967,"timestamp":1771315049554}
{"symbol":"BPCL-EQ","action":"BUY","price":476.91,"quantity":1,"timestamp":1771315050559}
{"symbol":"BOSCHLTD-EQ","action":"BUY","price":19795.25,"quantity":1,"timestamp":1771315050571}
{"symbol":"ADANIGREEN-EQ","action":"BUY","price":1471.49,"quantity":1,"timestamp":1771315050576}
{"symbol":"ADANIPOWER-EQ","action":"BUY","price":187.12,"quantity":1,"timestamp":1771315051567}
{"symbol":"HYUNDAI-EQ","action":"BUY","price":6137.35,"quantity":1,"timestamp":1771315051575}
{"symbol":"PIDILITIND-EQ","action":"BUY","price":1673,"quantity":1,"timestamp":1771315052583}
{"symbol":"CHOLAFIN-EQ","action":"BUY","price":762.66,"quantity":1,"timestamp":1771315053587}
{"symbol":"CGPOWER-EQ","action":"BUY","price":563.15,"quantity":1,"timestamp":1771315053596}
{"symbol":"HAL-EQ","action":"SELL","price":7284.28,"quantity":1,"pnl":938.5129523809528,"timestamp":1771315055607}
{"symbol":"PNB-EQ","action":"BUY","price":202.32,"quantity":1,"timestamp":1771315056625}
{"symbol":"BANKBARODA-EQ","action":"BUY","price":132.94,"quantity":1,"timestamp":1771315057635}
{"symbol":"ICICIGI-EQ","action":"BUY","price":407.65,"quantity":1,"timestamp":1771315057643}
{"symbol":"HAVELLS-EQ","action":"BUY","price":805.07,"quantity":1,"timestamp":1771315057650}
{"symbol":"HYUNDAI-EQ","action":"BUY","price":5746.57,"quantity":1,"timestamp":1771315057654}
{"symbol":"ADANIGREEN-EQ","action":"BUY","price":1374,"quantity":1,"timestamp":1771315057659}
{"symbol":"PFC-EQ","action":"SELL","price":306.92,"quantity":1,"pnl":-75.01951486880472,"timestamp":1771315058645}
{"symbol":"SIEMENS-EQ","action":"SELL","price":1658.39,"quantity":1,"pnl":382.44599816637833,"timestamp":1771315058659}
{"symbol":"IRFC-EQ","action":"SELL","price":96.6,"quantity":1,"pnl":16.325300831443684,"timestamp":1771315058664}
{"symbol":"HAL-EQ","action":"SELL","price":7682.46,"quantity":1,"pnl":1336.692952380953,"timestamp":1771315060655}
{"symbol":"UNITDSPR-EQ","action":"SELL","price":888.81,"quantity":1,"pnl":-78.08000000000015,"timestamp":1771315060665}
{"symbol":"BAJAJHFL-EQ","action":"SELL","price":137.65,"quantity":1,"pnl":-19.306666666666672,"timestamp":1771315060675}
{"symbol":"DIVISLAB-EQ","action":"SELL","price":11300.47,"quantity":1,"pnl":1557.9799999999996,"timestamp":1771315061662}
{"symbol":"CHOLAFIN-EQ","action":"SELL","price":811.14,"quantity":1,"pnl":-81.21269965277781,"timestamp":1771315061668}
{"symbol":"TATAPOWER-EQ","action":"SELL","price":312.71,"quantity":1,"pnl":11.394999999999982,"timestamp":1771315062668}
{"symbol":"PFC-EQ","action":"SELL","price":324.33,"quantity":1,"pnl":-57.60951486880481,"timestamp":1771315062674}
{"symbol":"DMART-EQ","action":"SELL","price":6216.39,"quantity":1,"pnl":-502.60333333333256,"timestamp":1771315063671}
{"symbol":"AMBUJACEM-EQ","action":"SELL","price":360.89,"quantity":1,"pnl":-24.25991904761912,"timestamp":1771315063683}
{"symbol":"LODHA-EQ","action":"SELL","price":1043.54,"quantity":1,"pnl":66.46496913580245,"timestamp":1771315063688}
{"symbol":"BAJAJHFL-EQ","action":"SELL","price":145.31,"quantity":1,"pnl":-11.646666666666675,"timestamp":1771315063695}
{"symbol":"BANKBARODA-EQ","action":"SELL","price":140.99,"quantity":1,"pnl":-7.556031275720159,"timestamp":1771315064677}
{"symbol":"NAUKRI-EQ","action":"SELL","price":817.11,"quantity":1,"pnl":-0.56382216431507,"timestamp":1771315064684}
{"symbol":"HYUNDAI-EQ","action":"SELL","price":6039.12,"quantity":1,"pnl":1185.2732788461535,"timestamp":1771315064691}
{"symbol":"IRFC-EQ","action":"SELL","price":101.73,"quantity":1,"pnl":21.455300831443694,"timestamp":1771315064696}
{"symbol":"GODREJCP-EQ","action":"SELL","price":1468.11,"quantity":1,"pnl":206.2692788800705,"timestamp":1771315065687}
{"symbol":"ADANIENSOL-EQ","action":"SELL","price":191.45,"quantity":1,"pnl":-69.70605926803842,"timestamp":1771315066698}
{"symbol":"MOTHERSON-EQ","action":"SELL","price":101.4,"quantity":1,"pnl":-40.645475519097204,"timestamp":1771315068713}
{"symbol":"UNITDSPR-EQ","action":"SELL","price":934.69,"quantity":1,"pnl":-32.19999999999993,"timestamp":1771315068723}
{"symbol":"CGPOWER-EQ","action":"SELL","price":595.4,"quantity":1,"pnl":-49.778888888889014,"timestamp":1771315070735}
{"symbol":"HINDZINC-EQ","action":"SELL","price":324.52,"quantity":1,"pnl":31.839073129251744,"timestamp":1771315070743}
{"symbol":"JSWENERGY-EQ","action":"SELL","price":630.43,"quantity":1,"pnl":156.48930627756266,"timestamp":1771315070747}
{"symbol":"INDHOTEL-EQ","action":"SELL","price":636.43,"quantity":1,"pnl":-77.55485925925927,"timestamp":1771315074756}
{"symbol":"BANKBARODA-EQ","action":"SELL","price":148.73,"quantity":1,"pnl":0.18396872427982203,"timestamp":1771315074761}
{"symbol":"PNB-EQ","action":"SELL","price":203.98,"quantity":1,"pnl":-2.24133333333333,"timestamp":1771315074769}
{"symbol":"UNITDSPR-EQ","action":"SELL","price":995.95,"quantity":1,"pnl":29.06000000000006,"timestamp":1771315075766}
{"symbol":"ZYDUSLIFE-EQ","action":"SELL","price":1430.23,"quantity":1,"pnl":-478.7471543560605,"timestamp":1771315075775}
{"symbol":"HINDZINC-EQ","action":"SELL","price":341.94,"quantity":1,"pnl":49.25907312925176,"timestamp":1771315076791}
{"symbol":"MAZDOCK-EQ","action":"SELL","price":1526.02,"quantity":1,"pnl":113.03796307199991,"timestamp":1771315076802}
{"symbol":"BAJAJHFL-EQ","action":"SELL","price":155.45,"quantity":1,"pnl":-1.506666666666689,"timestamp":1771315076810}
{"symbol":"ADANIGREEN-EQ","action":"BUY","price":1284.53,"quantity":1,"timestamp":1771315079821}
{"symbol":"ADANIPOWER-EQ","action":"BUY","price":150,"quantity":1,"timestamp":1771315081824}
{"symbol":"TORNTPHARM-EQ","action":"BUY","price":2949.14,"quantity":1,"timestamp":1771315081834}
{"symbol":"ZYDUSLIFE-EQ","action":"BUY","price":1334.7,"quantity":1,"timestamp":1771315083850}
{"symbol":"ABB-EQ","action":"BUY","price":4227.61,"quantity":1,"timestamp":1771315084858}
{"symbol":"TVSMOTOR-EQ","action":"BUY","price":1740.32,"quantity":1,"timestamp":1771315086861}
{"symbol":"ADANIPOWER-EQ","action":"BUY","price":140.89,"quantity":1,"timestamp":1771315086869}
{"symbol":"PIDILITIND-EQ","action":"BUY","price":1576.86,"quantity":1,"timestamp":1771315086874}
{"symbol":"GAIL-EQ","action":"BUY","price":186.28,"quantity":1,"timestamp":1771315086877}
{"symbol":"ADANIGREEN-EQ","action":"BUY","price":1197.8,"quantity":1,"timestamp":1771315087868}
{"symbol":"SOLARINDS-EQ","action":"BUY","price":9714.5,"quantity":1,"timestamp":1771315088881}
{"symbol":"VEDL-EQ","action":"BUY","price":435.51,"quantity":1,"timestamp":1771315089885}
{"symbol":"BANKBARODA-EQ","action":"BUY","price":140.81,"quantity":1,"timestamp":1771315090892}
{"symbol":"CGPOWER-EQ","action":"BUY","price":530.53,"quantity":1,"timestamp":1771315090901}
{"symbol":"HINDZINC-EQ","action":"BUY","price":321.98,"quantity":1,"timestamp":1771315091911}
{"symbol":"JSWENERGY-EQ","action":"BUY","price":596.28,"quantity":1,"timestamp":1771315091914}
{"symbol":"ZYDUSLIFE-EQ","action":"BUY","price":1265.18,"quantity":1,"timestamp":1771315091918}
{"symbol":"BRITANNIA-EQ","action":"BUY","price":8185.13,"quantity":1,"timestamp":1771315093925}
{"symbol":"DMART-EQ","action":"BUY","price":5507.05,"quantity":1,"timestamp":1771315093933}
{"symbol":"LTIM-EQ","action":"BUY","price":3884.45,"quantity":1,"timestamp":1771315093936}
{"symbol":"RECLTD-EQ","action":"BUY","price":204.2,"quantity":1,"timestamp":1771315093942}
{"symbol":"UNITDSPR-EQ","action":"BUY","price":941.39,"quantity":1,"timestamp":1771315094939}
{"symbol":"BOSCHLTD-EQ","action":"BUY","price":18606.52,"quantity":1,"timestamp":1771315095942}
{"symbol":"ABB-EQ","action":"BUY","price":4007.59,"quantity":1,"timestamp":1771315095949}
{"symbol":"MAZDOCK-EQ","action":"BUY","price":1431.34,"quantity":1,"timestamp":1771315095954}
{"symbol":"BAJAJHFL-EQ","action":"BUY","price":163.89,"quantity":1,"timestamp":1771315095957}
{"symbol":"TORNTPHARM-EQ","action":"BUY","price":2781.71,"quantity":1,"timestamp":1771315096947}
{"symbol":"TATAPOWER-EQ","action":"SELL","price":332.53,"quantity":1,"pnl":31.214999999999975,"timestamp":1771315097945}
{"symbol":"INDHOTEL-EQ","action":"SELL","price":681.36,"quantity":1,"pnl":-32.62485925925921,"timestamp":1771315097950}
{"symbol":"CGPOWER-EQ","action":"SELL","price":566.79,"quantity":1,"pnl":-65.6501234567902,"timestamp":1771315097962}
{"symbol":"HAL-EQ","action":"BUY","price":6808.4,"quantity":1,"timestamp":1771315098946}
{"symbol":"PIDILITIND-EQ","action":"BUY","price":1497.77,"quantity":1,"timestamp":1771315098956}
{"symbol":"ADANIENSOL-EQ","action":"BUY","price":181.83,"quantity":1,"timestamp":1771315098962}
{"symbol":"HYUNDAI-EQ","action":"BUY","price":6351.42,"quantity":1,"timestamp":1771315101980}
{"symbol":"JSWENERGY-EQ","action":"BUY","price":559.96,"quantity":1,"timestamp":1771315101986}
{"symbol":"LTIM-EQ","action":"SELL","price":4150.1,"quantity":1,"pnl":-562.9347619047612,"timestamp":1771315102986}
{"symbol":"GODREJCP-EQ","action":"SELL","price":1456.94,"quantity":1,"pnl":195.09927888007041,"timestamp":1771315103996}
{"symbol":"TVSMOTOR-EQ","action":"SELL","price":1848.83,"quantity":1,"pnl":-96.92940967240224,"timestamp":1771315104997}
{"symbol":"PFC-EQ","action":"SELL","price":319.07,"quantity":1,"pnl":-62.8695148688048,"timestamp":1771315106006}
{"symbol":"MAZDOCK-EQ","action":"SELL","price":1417.71,"quantity":1,"pnl":1.0563704575999964,"timestamp":1771315106019}
{"symbol":"CGPOWER-EQ","action":"SELL","price":595.75,"quantity":1,"pnl":-36.69012345679016,"timestamp":1771315108025}
{"symbol":"ADANIENSOL-EQ","action":"SELL","price":182.9,"quantity":1,"pnl":-71.6455543290352,"timestamp":1771315109030}
{"symbol":"PNB-EQ","action":"SELL","price":216.07,"quantity":1,"pnl":9.848666666666674,"timestamp":1771315110038}
{"symbol":"UNITDSPR-EQ","action":"SELL","price":940.19,"quantity":1,"pnl":-21.59999999999991,"timestamp":1771315110044}
{"symbol":"VBL-EQ","action":"SELL","price":631.26,"quantity":1,"pnl":17.079999999999927,"timestamp":1771315111045}
{"symbol":"HAL-EQ","action":"SELL","price":6839.89,"quantity":1,"pnl":378.46471428571476,"timestamp":1771315112052}
{"symbol":"DMART-EQ","action":"SELL","price":5783.1,"quantity":1,"pnl":-531.9122222222222,"timestamp":1771315112061}
{"symbol":"LODHA-EQ","action":"SELL","price":1049.28,"quantity":1,"pnl":72.20496913580234,"timestamp":1771315112069}
{"symbol":"BPCL-EQ","action":"SELL","price":433.01,"quantity":1,"pnl":-71.54000000000002,"timestamp":1771315113058}
{"symbol":"ADANIPOWER-EQ","action":"SELL","price":139.07,"quantity":1,"pnl":-47.465714285714284,"timestamp":1771315113067}
{"symbol":"PFC-EQ","action":"SELL","price":337.88,"quantity":1,"pnl":-44.0595148688048,"timestamp":1771315113070}
{"symbol":"PNB-EQ","action":"SELL","price":228.57,"quantity":1,"pnl":22.348666666666674,"timestamp":1771315113076}
{"symbol":"PIDILITIND-EQ","action":"SELL","price":1597.44,"quantity":1,"pnl":103.00618104558816,"timestamp":1771315114075}
{"symbol":"IOC-EQ","action":"SELL","price":276.03,"quantity":1,"pnl":-16.67833333333334,"timestamp":1771315115080}
{"symbol":"ADANIGREEN-EQ","action":"SELL","price":1337.48,"quantity":1,"pnl":3.151428571428596,"timestamp":1771315115091}
{"symbol":"JSWENERGY-EQ","action":"SELL","price":587.98,"quantity":1,"pnl":44.58643542585423,"timestamp":1771315116097}
{"symbol":"RECLTD-EQ","action":"SELL","price":215.6,"quantity":1,"pnl":-53.9630414814815,"timestamp":1771315117096}
{"symbol":"CGPOWER-EQ","action":"SELL","price":628.45,"quantity":1,"pnl":-3.9901234567901156,"timestamp":1771315117101}
{"symbol":"ZYDUSLIFE-EQ","action":"SELL","price":1189.78,"quantity":1,"pnl":-608.4631262913224,"timestamp":1771315117107}
{"symbol":"LICI-EQ","action":"SELL","price":876.09,"quantity":1,"pnl":49.89400000000012,"timestamp":1771315119123}
{"symbol":"ADANIENSOL-EQ","action":"SELL","price":194.34,"quantity":1,"pnl":-60.20555432903518,"timestamp":1771315120121}
{"symbol":"HINDZINC-EQ","action":"SELL","price":341.87,"quantity":1,"pnl":44.3058942743765,"timestamp":1771315120125}
{"symbol":"BANKBARODA-EQ","action":"SELL","price":148.88,"quantity":1,"pnl":2.267976543209869,"timestamp":1771315121122}
{"symbol":"BOSCHLTD-EQ","action":"SELL","price":20704.62,"quantity":1,"pnl":2990.7961348632016,"timestamp":1771315121132}
{"symbol":"VEDL-EQ","action":"SELL","price":464.44,"quantity":1,"pnl":-36.52066666666667,"timestamp":1771315122123}
{"symbol":"PFC-EQ","action":"SELL","price":355.65,"quantity":1,"pnl":-26.289514868804872,"timestamp":1771315122132}
{"symbol":"SIEMENS-EQ","action":"SELL","price":1765.19,"quantity":1,"pnl":489.2459981663783,"timestamp":1771315122141}
{"symbol":"DIVISLAB-EQ","action":"SELL","price":12676.95,"quantity":1,"pnl":2934.460000000001,"timestamp":1771315123126}
{"symbol":"TORNTPHARM-EQ","action":"SELL","price":2940.94,"quantity":1,"pnl":-497.0852777777777,"timestamp":1771315123134}
{"symbol":"MOTHERSON-EQ","action":"SELL","price":106.57,"quantity":1,"pnl":-35.475475519097216,"timestamp":1771315125137}
{"symbol":"ABB-EQ","action":"SELL","price":4004.7,"quantity":1,"pnl":-852.5581210049722,"timestamp":1771315125145}
{"symbol":"GODREJCP-EQ","action":"SELL","price":1436.96,"quantity":1,"pnl":175.1192788800704,"timestamp":1771315126139}
{"symbol":"GAIL-EQ","action":"SELL","price":194.77,"quantity":1,"pnl":-71.1710185185186,"timestamp":1771315126146}
{"symbol":"BOSCHLTD-EQ","action":"SELL","price":21753.18,"quantity":1,"pnl":4039.356134863203,"timestamp":1771315126150}
{"symbol":"HINDZINC-EQ","action":"SELL","price":340.37,"quantity":1,"pnl":42.80589427437644,"timestamp":1771315127145}
{"symbol":"SIEMENS-EQ","action":"BUY","price":1668.65,"quantity":1,"timestamp":1771315128159}
{"symbol":"JINDALSTEL-EQ","action":"SELL","price":606.94,"quantity":1,"pnl":-181.65227268518515,"timestamp":1771315130166}
{"symbol":"BOSCHLTD-EQ","action":"SELL","price":22920.66,"quantity":1,"pnl":5206.8361348632025,"timestamp":1771315130171}
{"symbol":"JSWENERGY-EQ","action":"SELL","price":619.43,"quantity":1,"pnl":76.03643542585417,"timestamp":1771315130175}
{"symbol":"SIEMENS-EQ","action":"SELL","price":1755.44,"quantity":1,"pnl":453.3155982886194,"timestamp":1771315131178}
{"symbol":"ZYDUSLIFE-EQ","action":"SELL","price":1267.04,"quantity":1,"pnl":-531.2031262913222,"timestamp":1771315131183}
{"symbol":"HAVELLS-EQ","action":"SELL","price":849.89,"quantity":1,"pnl":-79.90287383333316,"timestamp":1771315132184}
{"symbol":"HYUNDAI-EQ","action":"SELL","price":6727.26,"quantity":1,"pnl":1573.8986230769233,"timestamp":1771315133191}
{"symbol":"IOC-EQ","action":"BUY","price":261.48,"quantity":1,"timestamp":1771315135207}
{"symbol":"ABB-EQ","action":"BUY","price":3761.85,"quantity":1,"timestamp":1771315136215}
{"symbol":"AMBUJACEM-EQ","action":"BUY","price":363.08,"quantity":1,"timestamp":1771315137229}
{"symbol":"BRITANNIA-EQ","action":"BUY","price":7289.36,"quantity":1,"timestamp":1771315138229}
{"symbol":"GAIL-EQ","action":"BUY","price":193.21,"quantity":1,"timestamp":1771315138236}
{"symbol":"BANKBARODA-EQ","action":"SELL","price":157.93,"quantity":1,"pnl":11.31797654320988,"timestamp":1771315139233}
{"symbol":"JINDALSTEL-EQ","action":"SELL","price":672.78,"quantity":1,"pnl":-115.81227268518523,"timestamp":1771315139240}
{"symbol":"ZYDUSLIFE-EQ","action":"SELL","price":1335.95,"quantity":1,"pnl":-462.2931262913223,"timestamp":1771315139245}
{"symbol":"JSWENERGY-EQ","action":"BUY","price":581.78,"quantity":1,"timestamp":1771315141244}
{"symbol":"IRFC-EQ","action":"BUY","price":94.58,"quantity":1,"timestamp":1771315141249}
{"symbol":"LICI-EQ","action":"BUY","price":782.72,"quantity":1,"timestamp":1771315142253}
{"symbol":"PIDILITIND-EQ","action":"SELL","price":1885.89,"quantity":1,"pnl":391.4561810455882,"timestamp":1771315144263}
{"symbol":"SIEMENS-EQ","action":"SELL","price":1991.42,"quantity":1,"pnl":689.2955982886197,"timestamp":1771315144270}
{"symbol":"BAJAJHFL-EQ","action":"SELL","price":165.05,"quantity":1,"pnl":5.782222222222259,"timestamp":1771315144275}
{"symbol":"BANKBARODA-EQ","action":"SELL","price":168.89,"quantity":1,"pnl":22.27797654320983,"timestamp":1771315145263}
{"symbol":"ABB-EQ","action":"SELL","price":3981.33,"quantity":1,"pnl":-776.3455645499753,"timestamp":1771315146271}
{"symbol":"TORNTPHARM-EQ","action":"SELL","price":3116.63,"quantity":1,"pnl":-321.39527777777766,"timestamp":1771315147277}
{"symbol":"CGPOWER-EQ","action":"SELL","price":584.49,"quantity":1,"pnl":-47.95012345679004,"timestamp":1771315147282}
{"symbol":"BANKBARODA-EQ","action":"SELL","price":179.44,"quantity":1,"pnl":32.82797654320984,"timestamp":1771315148278}
{"symbol":"ADANIGREEN-EQ","action":"SELL","price":1328.25,"quantity":1,"pnl":-6.078571428571422,"timestamp":1771315149286}
{"symbol":"PIDILITIND-EQ","action":"BUY","price":1782.7,"quantity":1,"timestamp":1771315150289}
{"symbol":"SHREECEM-EQ","action":"BUY","price":35435.38,"quantity":1,"timestamp":1771315150293}
{"symbol":"DLF-EQ","action":"BUY","price":560.61,"quantity":1,"timestamp":1771315151293}
{"symbol":"ENRIN-EQ","action":"BUY","price":1973.26,"quantity":1,"timestamp":1771315151301}
{"symbol":"BRITANNIA-EQ","action":"SELL","price":7656.5,"quantity":1,"pnl":27.99404081632656,"timestamp":1771315152297}
{"symbol":"ADANIPOWER-EQ","action":"SELL","price":140.33,"quantity":1,"pnl":-46.20571428571429,"timestamp":1771315152303}
{"symbol":"BANKBARODA-EQ","action":"BUY","price":169.32,"quantity":1,"timestamp":1771315153299}
{"symbol":"CGPOWER-EQ","action":"BUY","price":552.36,"quantity":1,"timestamp":1771315153306}
{"symbol":"BAJAJHLDNG-EQ","action":"BUY","price":18143.87,"quantity":1,"timestamp":1771315154311}
{"symbol":"ABB-EQ","action":"BUY","price":3704.86,"quantity":1,"timestamp":1771315154323}
{"symbol":"AMBUJACEM-EQ","action":"BUY","price":309.63,"quantity":1,"timestamp":1771315155322}
{"symbol":"IRFC-EQ","action":"BUY","price":89.79,"quantity":1,"timestamp":1771315155329}
{"symbol":"VEDL-EQ","action":"BUY","price":440.58,"quantity":1,"timestamp":1771315156322}
{"symbol":"DMART-EQ","action":"BUY","price":5431.81,"quantity":1,"timestamp":1771315156329}
{"symbol":"LTIM-EQ","action":"BUY","price":3899.95,"quantity":1,"timestamp":1771315156332}
{"symbol":"LODHA-EQ","action":"BUY","price":977.96,"quantity":1,"timestamp":1771315156338}
{"symbol":"ADANIENSOL-EQ","action":"BUY","price":192.61,"quantity":1,"timestamp":1771315157340}
{"symbol":"IRFC-EQ","action":"BUY","price":85.3,"quantity":1,"timestamp":1771315158354}
{"symbol":"BRITANNIA-EQ","action":"BUY","price":7224.73,"quantity":1,"timestamp":1771315159359}
{"symbol":"ADANIPOWER-EQ","action":"BUY","price":131.3,"quantity":1,"timestamp":1771315159365}
{"symbol":"DLF-EQ","action":"BUY","price":529.66,"quantity":1,"timestamp":1771315160375}
{"symbol":"SHREECEM-EQ","action":"BUY","price":33321.53,"quantity":1,"timestamp":1771315160380}
{"symbol":"BOSCHLTD-EQ","action":"BUY","price":21391.52,"quantity":1,"timestamp":1771315160384}
{"symbol":"CHOLAFIN-EQ","action":"BUY","price":664.42,"quantity":1,"timestamp":1771315162389}
{"symbol":"IOC-EQ","action":"BUY","price":232.44,"quantity":1,"timestamp":1771315162395}
{"symbol":"GAIL-EQ","action":"BUY","price":182.08,"quantity":1,"timestamp":1771315162399}
{"symbol":"BAJAJHFL-EQ","action":"BUY","price":164.92,"quantity":1,"timestamp":1771315162406}
{"symbol":"BPCL-EQ","action":"BUY","price":432.23,"quantity":1,"timestamp":1771315163395}
{"symbol":"NAUKRI-EQ","action":"BUY","price":720.42,"quantity":1,"timestamp":1771315163402}
{"symbol":"SOLARINDS-EQ","action":"BUY","price":9855.32,"quantity":1,"timestamp":1771315163441}
{"symbol":"BRITANNIA-EQ","action":"BUY","price":6788.12,"quantity":1,"timestamp":1771315164405}
{"symbol":"INDHOTEL-EQ","action":"SELL","price":675.61,"quantity":1,"pnl":-38.37485925925921,"timestamp":1771315166421}
{"symbol":"ADANIPOWER-EQ","action":"SELL","price":138.48,"quantity":1,"pnl":-38.84976190476192,"timestamp":1771315166426}
{"symbol":"BAJAJHFL-EQ","action":"SELL","price":174.66,"quantity":1,"pnl":13.508148148148166,"timestamp":1771315166433}
{"symbol":"CANBK-EQ","action":"SELL","price":215.9,"quantity":1,"pnl":-1.210000000000008,"timestamp":1771315167437}
{"symbol":"MAZDOCK-EQ","action":"SELL","price":1495.82,"quantity":1,"pnl":79.1663704575999,"timestamp":1771315167444}
{"symbol":"NAUKRI-EQ","action":"SELL","price":759.15,"quantity":1,"pnl":-44.63041899798429,"timestamp":1771315168440}
{"symbol":"CGPOWER-EQ","action":"SELL","price":588.39,"quantity":1,"pnl":-30.703436213991836,"timestamp":1771315168444}
{"symbol":"ADANIPOWER-EQ","action":"SELL","price":145.84,"quantity":1,"pnl":-31.489761904761934,"timestamp":1771315169448}
{"symbol":"ADANIENSOL-EQ","action":"SELL","price":203.71,"quantity":1,"pnl":-45.205049390032,"timestamp":1771315169455}
{"symbol":"PNB-EQ","action":"SELL","price":226.02,"quantity":1,"pnl":19.798666666666662,"timestamp":1771315170456}
{"symbol":"ABB-EQ","action":"SELL","price":4145.48,"quantity":1,"pnl":-516.4850586817965,"timestamp":1771315170463}
{"symbol":"BAJAJHFL-EQ","action":"SELL","price":183.81,"quantity":1,"pnl":22.658148148148143,"timestamp":1771315170468}
{"symbol":"BANKBARODA-EQ","action":"SELL","price":170.25,"quantity":1,"pnl":0.9300000000000068,"timestamp":1771315171452}
{"symbol":"ZYDUSLIFE-EQ","action":"SELL","price":1333.66,"quantity":1,"pnl":-464.5831262913223,"timestamp":1771315171459}
{"symbol":"ADANIPOWER-EQ","action":"SELL","price":153.66,"quantity":1,"pnl":-23.66976190476194,"timestamp":1771315173463}
{"symbol":"BRITANNIA-EQ","action":"SELL","price":7161.4,"quantity":1,"pnl":-311.5857193877555,"timestamp":1771315174467}
{"symbol":"TVSMOTOR-EQ","action":"SELL","price":1983.74,"quantity":1,"pnl":37.98059032759784,"timestamp":1771315175478}
{"symbol":"AMBUJACEM-EQ","action":"SELL","price":344.61,"quantity":1,"pnl":-30.780935238095253,"timestamp":1771315175490}
{"symbol":"INDHOTEL-EQ","action":"SELL","price":675.32,"quantity":1,"pnl":-38.66485925925929,"timestamp":1771315179511}
{"symbol":"LTIM-EQ","action":"SELL","price":4099.42,"quantity":1,"pnl":-497.4597959183675,"timestamp":1771315179518}
{"symbol":"BAJAJHLDNG-EQ","action":"SELL","price":18939.19,"quantity":1,"pnl":-695.9026200000008,"timestamp":1771315179523}
{"symbol":"RECLTD-EQ","action":"SELL","price":239.82,"quantity":1,"pnl":-29.743041481481498,"timestamp":1771315179526}
{"symbol":"LODHA-EQ","action":"SELL","price":1028.06,"quantity":1,"pnl":50.689979423868294,"timestamp":1771315179531}
{"symbol":"BOSCHLTD-EQ","action":"SELL","price":21426.64,"quantity":1,"pnl":3304.1832309895144,"timestamp":1771315180517}
{"symbol":"ENRIN-EQ","action":"SELL","price":2076.45,"quantity":1,"pnl":36.6419999999996,"timestamp":1771315180523}
{"symbol":"PNB-EQ","action":"SELL","price":240.35,"quantity":1,"pnl":34.128666666666646,"timestamp":1771315182529}
{"symbol":"JSWENERGY-EQ","action":"SELL","price":580.88,"quantity":1,"pnl":18.293217712927117,"timestamp":1771315182536}
{"symbol":"BAJAJHFL-EQ","action":"SELL","price":194.64,"quantity":1,"pnl":33.48814814814813,"timestamp":1771315182541}
{"symbol":"HAL-EQ","action":"SELL","price":6019.51,"quantity":1,"pnl":-441.91528571428535,"timestamp":1771315183531}
{"symbol":"CANBK-EQ","action":"SELL","price":227.21,"quantity":1,"pnl":10.099999999999994,"timestamp":1771315184543}
{"symbol":"LTIM-EQ","action":"SELL","price":4350.05,"quantity":1,"pnl":-246.82979591836738,"timestamp":1771315185550}
{"symbol":"HINDZINC-EQ","action":"SELL","price":361.24,"quantity":1,"pnl":63.675894274376446,"timestamp":1771315185561}
{"symbol":"IOC-EQ","action":"BUY","price":205.3,"quantity":1,"timestamp":1771315186551}
{"symbol":"DLF-EQ","action":"BUY","price":468.94,"quantity":1,"timestamp":1771315187562}
{"symbol":"BAJAJHFL-EQ","action":"BUY","price":184.37,"quantity":1,"timestamp":1771315187569}
{"symbol":"ICICIGI-EQ","action":"BUY","price":302.43,"quantity":1,"timestamp":1771315188574}
{"symbol":"PNB-EQ","action":"BUY","price":226.61,"quantity":1,"timestamp":1771315188578}
{"symbol":"LODHA-EQ","action":"BUY","price":956.04,"quantity":1,"timestamp":1771315189587}
{"symbol":"VEDL-EQ","action":"BUY","price":363.37,"quantity":1,"timestamp":1771315190590}
{"symbol":"BRITANNIA-EQ","action":"SELL","price":7084.79,"quantity":1,"pnl":-388.19571938775516,"timestamp":1771315191596}
{"symbol":"SIEMENS-EQ","action":"SELL","price":1840.12,"quantity":1,"pnl":537.9955982886197,"timestamp":1771315191607}
{"symbol":"MAZDOCK-EQ","action":"SELL","price":1496.6,"quantity":1,"pnl":79.94637045759987,"timestamp":1771315191610}
{"symbol":"MOTHERSON-EQ","action":"SELL","price":99.17,"quantity":1,"pnl":-42.87547551909721,"timestamp":1771315193612}
{"symbol":"DMART-EQ","action":"SELL","price":6437.16,"quantity":1,"pnl":416.548518518518,"timestamp":1771315194613}
{"symbol":"IRFC-EQ","action":"SELL","price":89.24,"quantity":1,"pnl":-0.6500000000000057,"timestamp":1771315196633}
{"symbol":"GAIL-EQ","action":"SELL","price":203.88,"quantity":1,"pnl":-46.401814814814884,"timestamp":1771315197627}
{"symbol":"RECLTD-EQ","action":"SELL","price":253.58,"quantity":1,"pnl":-15.983041481481479,"timestamp":1771315198641}
{"symbol":"ADANIGREEN-EQ","action":"SELL","price":1391.95,"quantity":1,"pnl":57.62142857142862,"timestamp":1771315198649}
{"symbol":"INDHOTEL-EQ","action":"BUY","price":637.07,"quantity":1,"timestamp":1771315199641}
{"symbol":"DLF-EQ","action":"BUY","price":443.5,"quantity":1,"timestamp":1771315199649}
{"symbol":"HYUNDAI-EQ","action":"BUY","price":7072.9,"quantity":1,"timestamp":1771315199653}
{"symbol":"ADANIPOWER-EQ","action":"BUY","price":130.87,"quantity":1,"timestamp":1771315200645}
{"symbol":"CANBK-EQ","action":"BUY","price":225.54,"quantity":1,"timestamp":1771315200651}
{"symbol":"BRITANNIA-EQ","action":"SELL","price":7534.86,"quantity":1,"pnl":61.87428061224455,"timestamp":1771315203673}
{"symbol":"VBL-EQ","action":"SELL","price":683.26,"quantity":1,"pnl":69.07999999999993,"timestamp":1771315203679}
{"symbol":"RECLTD-EQ","action":"SELL","price":269.67,"quantity":1,"pnl":0.10695851851852467,"timestamp":1771315204682}
{"symbol":"JSWENERGY-EQ","action":"SELL","price":643.56,"quantity":1,"pnl":80.97321771292707,"timestamp":1771315204690}
{"symbol":"TVSMOTOR-EQ","action":"SELL","price":2219.4,"quantity":1,"pnl":273.64059032759815,"timestamp":1771315205685}
{"symbol":"HYUNDAI-EQ","action":"SELL","price":7457.16,"quantity":1,"pnl":1919.890898461539,"timestamp":1771315205730}
{"symbol":"CANBK-EQ","action":"SELL","price":237.24,"quantity":1,"pnl":11.700000000000017,"timestamp":1771315206703}
{"symbol":"ICICIGI-EQ","action":"SELL","price":318.92,"quantity":1,"pnl":-309.36036223164984,"timestamp":1771315206709}
{"symbol":"IOC-EQ","action":"SELL","price":215.77,"quantity":1,"pnl":-54.575208333333336,"timestamp":1771315207708}
{"symbol":"JSWENERGY-EQ","action":"BUY","price":606.85,"quantity":1,"timestamp":1771315209727}
{"symbol":"ZYDUSLIFE-EQ","action":"BUY","price":1266.22,"quantity":1,"timestamp":1771315209732}
{"symbol":"RECLTD-EQ","action":"BUY","price":252.89,"quantity":1,"timestamp":1771315210734}
{"symbol":"PFC-EQ","action":"BUY","price":301.86,"quantity":1,"timestamp":1771315211745}
{"symbol":"BAJAJHLDNG-EQ","action":"BUY","price":15863.36,"quantity":1,"timestamp":1771315213762}
{"symbol":"CGPOWER-EQ","action":"BUY","price":526.14,"quantity":1,"timestamp":1771315213771}
{"symbol":"DIVISLAB-EQ","action":"BUY","price":11992.42,"quantity":1,"timestamp":1771315214770}
{"symbol":"BOSCHLTD-EQ","action":"SELL","price":23979.51,"quantity":1,"pnl":5857.053230989513,"timestamp":1771315215777}
{"symbol":"ABB-EQ","action":"SELL","price":4142.62,"quantity":1,"pnl":-519.3450586817962,"timestamp":1771315215782}
{"symbol":"PFC-EQ","action":"SELL","price":319.32,"quantity":1,"pnl":-55.33955897164077,"timestamp":1771315216780}
{"symbol":"ENRIN-EQ","action":"SELL","price":1941.24,"quantity":1,"pnl":-98.56800000000021,"timestamp":1771315216788}
{"symbol":"INDHOTEL-EQ","action":"SELL","price":672.27,"quantity":1,"pnl":-28.895716049382827,"timestamp":1771315218777}
{"symbol":"HYUNDAI-EQ","action":"SELL","price":7840.24,"quantity":1,"pnl":2302.970898461539,"timestamp":1771315218788}
{"symbol":"IRFC-EQ","action":"SELL","price":94.15,"quantity":1,"pnl":4.259999999999991,"timestamp":1771315218795}
{"symbol":"NAUKRI-EQ","action":"SELL","price":759.64,"quantity":1,"pnl":-44.140418997984284,"timestamp":1771315219784}
{"symbol":"ADANIENSOL-EQ","action":"SELL","price":215.68,"quantity":1,"pnl":-33.23504939003203,"timestamp":1771315220798}
{"symbol":"SHREECEM-EQ","action":"SELL","price":28086.02,"quantity":1,"pnl":-3808.0057364167515,"timestamp":1771315221802}
{"symbol":"HAVELLS-EQ","action":"SELL","price":960.48,"quantity":1,"pnl":30.687126166666758,"timestamp":1771315221806}
{"symbol":"VEDL-EQ","action":"SELL","price":386,"quantity":1,"pnl":-81.96544444444447,"timestamp":1771315222798}
{"symbol":"BAJAJHLDNG-EQ","action":"SELL","price":16808.19,"quantity":1,"pnl":-1883.969465000002,"timestamp":1771315222808}
{"symbol":"TORNTPHARM-EQ","action":"SELL","price":3472.84,"quantity":1,"pnl":34.81472222222283,"timestamp":1771315222813}
{"symbol":"CGPOWER-EQ","action":"SELL","price":555.45,"quantity":1,"pnl":-48.151196844993024,"timestamp":1771315224821}
{"symbol":"HINDZINC-EQ","action":"SELL","price":382.37,"quantity":1,"pnl":84.80589427437644,"timestamp":1771315224830}
{"symbol":"ADANIPOWER-EQ","action":"SELL","price":130.99,"quantity":1,"pnl":-34.72482142857146,"timestamp":1771315225832}
{"symbol":"HAVELLS-EQ","action":"SELL","price":1013.79,"quantity":1,"pnl":83.9971261666667,"timestamp":1771315226849}
{"symbol":"JSWENERGY-EQ","action":"SELL","price":613.19,"quantity":1,"pnl":6.340000000000032,"timestamp":1771315226855}
{"symbol":"ABB-EQ","action":"SELL","price":4355.54,"quantity":1,"pnl":-306.42505868179614,"timestamp":1771315226859}
{"symbol":"BRITANNIA-EQ","action":"SELL","price":7374.9,"quantity":1,"pnl":-98.0857193877564,"timestamp":1771315227850}
{"symbol":"LTIM-EQ","action":"SELL","price":4927.49,"quantity":1,"pnl":330.6102040816331,"timestamp":1771315228860}
{"symbol":"ICICIGI-EQ","action":"SELL","price":335.17,"quantity":1,"pnl":-293.11036223164984,"timestamp":1771315228867}
{"symbol":"LICI-EQ","action":"SELL","price":767.12,"quantity":1,"pnl":-50.38080000000002,"timestamp":1771315229870}
{"symbol":"NAUKRI-EQ","action":"SELL","price":804.6,"quantity":1,"pnl":0.8195810020157523,"timestamp":1771315230880}
{"symbol":"GAIL-EQ","action":"SELL","price":203.62,"quantity":1,"pnl":-46.661814814814875,"timestamp":1771315231893}
{"symbol":"ADANIPOWER-EQ","action":"SELL","price":137.81,"quantity":1,"pnl":-27.904821428571466,"timestamp":1771315232905}
{"symbol":"TVSMOTOR-EQ","action":"BUY","price":2207.69,"quantity":1,"timestamp":1771315233903}
{"symbol":"IOC-EQ","action":"BUY","price":191.11,"quantity":1,"timestamp":1771315234922}
{"symbol":"HAVELLS-EQ","action":"BUY","price":959.67,"quantity":1,"timestamp":1771315234937}
{"symbol":"ADANIPOWER-EQ","action":"SELL","price":144.96,"quantity":1,"pnl":-20.75482142857149,"timestamp":1771315235937}
{"symbol":"DLF-EQ","action":"SELL","price":465.88,"quantity":1,"pnl":-77.88333333333333,"timestamp":1771315235945}
{"symbol":"MAZDOCK-EQ","action":"SELL","price":1481.43,"quantity":1,"pnl":64.77637045760025,"timestamp":1771315235958}
{"symbol":"GODREJCP-EQ","action":"SELL","price":1554.14,"quantity":1,"pnl":292.29927888007046,"timestamp":1771315236944}
{"symbol":"AMBUJACEM-EQ","action":"SELL","price":362.23,"quantity":1,"pnl":-13.160935238095306,"timestamp":1771315236955}
{"symbol":"SOLARINDS-EQ","action":"SELL","price":9364.5,"quantity":1,"pnl":-4391.089583333338,"timestamp":1771315236962}
{"symbol":"PIDILITIND-EQ","action":"SELL","price":1779.96,"quantity":1,"pnl":253.49660537385603,"timestamp":1771315237959}
{"symbol":"LICI-EQ","action":"BUY","price":726.91,"quantity":1,"timestamp":1771315238969}
{"symbol":"HAL-EQ","action":"BUY","price":5992.51,"quantity":1,"timestamp":1771315240972}
{"symbol":"RECLTD-EQ","action":"BUY","price":210.16,"quantity":1,"timestamp":1771315240984}
{"symbol":"TVSMOTOR-EQ","action":"BUY","price":2081.78,"quantity":1,"timestamp":1771315241976}
{"symbol":"SHREECEM-EQ","action":"BUY","price":24724.95,"quantity":1,"timestamp":1771315241986}
{"symbol":"ABB-EQ","action":"BUY","price":4328.34,"quantity":1,"timestamp":1771315242991}
{"symbol":"HAL-EQ","action":"BUY","price":5672.07,"quantity":1,"timestamp":1771315243984}
{"symbol":"PIDILITIND-EQ","action":"BUY","price":1689.36,"quantity":1,"timestamp":1771315243993}
{"symbol":"ICICIGI-EQ","action":"BUY","price":312.6,"quantity":1,"timestamp":1771315243999}
{"symbol":"TORNTPHARM-EQ","action":"BUY","price":3257.55,"quantity":1,"timestamp":1771315244004}
{"symbol":"BRITANNIA-EQ","action":"BUY","price":7003.68,"quantity":1,"timestamp":1771315244990}
{"symbol":"LICI-EQ","action":"BUY","price":681.99,"quantity":1,"timestamp":1771315245008}
{"symbol":"MOTHERSON-EQ","action":"SELL","price":105.12,"quantity":1,"pnl":-36.925475519097205,"timestamp":1771315246002}
{"symbol":"RECLTD-EQ","action":"SELL","price":223.28,"quantity":1,"pnl":-36.77353111111111,"timestamp":1771315246009}
{"symbol":"ADANIPOWER-EQ","action":"SELL","price":153.9,"quantity":1,"pnl":-11.814821428571491,"timestamp":1771315247010}
{"symbol":"ICICIGI-EQ","action":"SELL","price":334.95,"quantity":1,"pnl":-275.7925643298916,"timestamp":1771315247018}
{"symbol":"BAJAJHFL-EQ","action":"SELL","price":172,"quantity":1,"pnl":-12.370000000000005,"timestamp":1771315248024}
{"symbol":"BPCL-EQ","action":"SELL","price":361.15,"quantity":1,"pnl":-119.29333333333341,"timestamp":1771315249028}
{"symbol":"INDHOTEL-EQ","action":"SELL","price":785.96,"quantity":1,"pnl":84.79428395061723,"timestamp":1771315249035}
{"symbol":"LICI-EQ","action":"SELL","price":723.89,"quantity":1,"pnl":-55.92719999999997,"timestamp":1771315249048}
{"symbol":"SHREECEM-EQ","action":"SELL","price":26178.33,"quantity":1,"pnl":-4520.8497803472965,"timestamp":1771315250034}
{"symbol":"VEDL-EQ","action":"SELL","price":432.15,"quantity":1,"pnl":-35.81544444444444,"timestamp":1771315251036}
{"symbol":"HAVELLS-EQ","action":"SELL","price":1013.17,"quantity":1,"pnl":75.90784462499994,"timestamp":1771315251051}
{"symbol":"PFC-EQ","action":"SELL","price":338.93,"quantity":1,"pnl":-35.729558971640756,"timestamp":1771315252045}
{"symbol":"MOTHERSON-EQ","action":"SELL","price":112.32,"quantity":1,"pnl":-29.725475519097216,"timestamp":1771315253051}
{"symbol":"BAJAJHLDNG-EQ","action":"SELL","price":15571.95,"quantity":1,"pnl":-3120.209465,"timestamp":1771315254061}
{"symbol":"BOSCHLTD-EQ","action":"SELL","price":22215.61,"quantity":1,"pnl":4093.1532309895156,"timestamp":1771315254071}
{"symbol":"LODHA-EQ","action":"SELL","price":859.66,"quantity":1,"pnl":-110.60001371742123,"timestamp":1771315254076}
{"symbol":"HINDZINC-EQ","action":"SELL","price":381.28,"quantity":1,"pnl":83.71589427437641,"timestamp":1771315255066}
{"symbol":"TORNTPHARM-EQ","action":"SELL","price":3446.01,"quantity":1,"pnl":38.06393518518598,"timestamp":1771315256068}
{"symbol":"ADANIENSOL-EQ","action":"SELL","price":213.81,"quantity":1,"pnl":-35.105049390032036,"timestamp":1771315257077}
{"symbol":"RECLTD-EQ","action":"SELL","price":235.54,"quantity":1,"pnl":-24.51353111111112,"timestamp":1771315258082}
{"symbol":"SHREECEM-EQ","action":"SELL","price":27996.79,"quantity":1,"pnl":-2702.3897803472937,"timestamp":1771315258090}
{"symbol":"CHOLAFIN-EQ","action":"SELL","price":666.21,"quantity":1,"pnl":-197.65111219618052,"timestamp":1771315259089}
{"symbol":"DIVISLAB-EQ","action":"SELL","price":11955.91,"quantity":1,"pnl":-36.51000000000022,"timestamp":1771315260094}
{"symbol":"PFC-EQ","action":"SELL","price":357.07,"quantity":1,"pnl":-17.58955897164077,"timestamp":1771315260102}
{"symbol":"HAL-EQ","action":"BUY","price":5088.3,"quantity":1,"timestamp":1771315261105}
{"symbol":"PIDILITIND-EQ","action":"BUY","price":1601.84,"quantity":1,"timestamp":1771315261114}
{"symbol":"DMART-EQ","action":"SELL","price":6773.62,"quantity":1,"pnl":753.0085185185189,"timestamp":1771315262119}
{"symbol":"IRFC-EQ","action":"SELL","price":99.3,"quantity":1,"pnl":9.409999999999982,"timestamp":1771315262138}
{"symbol":"PNB-EQ","action":"SELL","price":204.49,"quantity":1,"pnl":-22.120000000000005,"timestamp":1771315264132}
{"symbol":"SHREECEM-EQ","action":"SELL","price":29507.39,"quantity":1,"pnl":-1191.7897803472952,"timestamp":1771315264141}
{"symbol":"UNITDSPR-EQ","action":"SELL","price":875.14,"quantity":1,"pnl":-86.64999999999998,"timestamp":1771315265146}
{"symbol":"HAVELLS-EQ","action":"SELL","price":1064.21,"quantity":1,"pnl":126.94784462500002,"timestamp":1771315267155}
{"symbol":"SHREECEM-EQ","action":"BUY","price":27907.98,"quantity":1,"timestamp":1771315268165}
{"symbol":"VEDL-EQ","action":"BUY","price":407.74,"quantity":1,"timestamp":1771315270155}
{"symbol":"DIVISLAB-EQ","action":"BUY","price":11315.09,"quantity":1,"timestamp":1771315270161}
{"symbol":"CANBK-EQ","action":"BUY","price":236.95,"quantity":1,"timestamp":1771315270167}
{"symbol":"PIDILITIND-EQ","action":"BUY","price":1518.8,"quantity":1,"timestamp":1771315270173}
{"symbol":"LICI-EQ","action":"BUY","price":643.65,"quantity":1,"timestamp":1771315271174}
{"symbol":"VBL-EQ","action":"BUY","price":732.56,"quantity":1,"timestamp":1771315272172}
{"symbol":"ENRIN-EQ","action":"BUY","price":1963.49,"quantity":1,"timestamp":1771315273194}
{"symbol":"VEDL-EQ","action":"BUY","price":385.75,"quantity":1,"timestamp":1771315275200}
{"symbol":"DIVISLAB-EQ","action":"BUY","price":10610.23,"quantity":1,"timestamp":1771315275206}
{"symbol":"DMART-EQ","action":"BUY","price":6434.06,"quantity":1,"timestamp":1771315276205}
{"symbol":"ABB-EQ","action":"BUY","price":4111.54,"quantity":1,"timestamp":1771315276220}
{"symbol":"TORNTPHARM-EQ","action":"BUY","price":3103.54,"quantity":1,"timestamp":1771315277222}
{"symbol":"HAVELLS-EQ","action":"BUY","price":998.57,"quantity":1,"timestamp":1771315277229}
{"symbol":"LICI-EQ","action":"BUY","price":601.64,"quantity":1,"timestamp":1771315278240}
{"symbol":"BAJAJHLDNG-EQ","action":"BUY","price":13005.99,"quantity":1,"timestamp":1771315279250}
{"symbol":"IRFC-EQ","action":"BUY","price":93.95,"quantity":1,"timestamp":1771315279268}
{"symbol":"VEDL-EQ","action":"BUY","price":364.77,"quantity":1,"timestamp":1771315281278}
{"symbol":"BPCL-EQ","action":"BUY","price":341.87,"quantity":1,"timestamp":1771315281290}
{"symbol":"ZYDUSLIFE-EQ","action":"BUY","price":1135.62,"quantity":1,"timestamp":1771315281306}
{"symbol":"TORNTPHARM-EQ","action":"BUY","price":2883.52,"quantity":1,"timestamp":1771315282293}
{"symbol":"DLF-EQ","action":"BUY","price":441.01,"quantity":1,"timestamp":1771315282298}
{"symbol":"HINDZINC-EQ","action":"BUY","price":359.66,"quantity":1,"timestamp":1771315282305}
{"symbol":"LTIM-EQ","action":"SELL","price":5161.26,"quantity":1,"pnl":564.3802040816336,"timestamp":1771315283299}
{"symbol":"ADANIGREEN-EQ","action":"SELL","price":1399.9,"quantity":1,"pnl":65.57142857142867,"timestamp":1771315284313}
{"symbol":"LICI-EQ","action":"SELL","price":632.32,"quantity":1,"pnl":-102.59085714285709,"timestamp":1771315285329}
{"symbol":"HYUNDAI-EQ","action":"SELL","price":6881.47,"quantity":1,"pnl":1344.2008984615404,"timestamp":1771315287340}
{"symbol":"MAZDOCK-EQ","action":"SELL","price":1503.47,"quantity":1,"pnl":86.81637045760021,"timestamp":1771315287349}
{"symbol":"BANKBARODA-EQ","action":"BUY","price":131.43,"quantity":1,"timestamp":1771315289355}
{"symbol":"INDHOTEL-EQ","action":"BUY","price":739.16,"quantity":1,"timestamp":1771315290356}
{"symbol":"BRITANNIA-EQ","action":"BUY","price":6606.93,"quantity":1,"timestamp":1771315291370}
{"symbol":"CGPOWER-EQ","action":"BUY","price":490.57,"quantity":1,"timestamp":1771315291383}
{"symbol":"PNB-EQ","action":"BUY","price":193.32,"quantity":1,"timestamp":1771315292391}
{"symbol":"BOSCHLTD-EQ","action":"BUY","price":20293.32,"quantity":1,"timestamp":1771315293393}
{"symbol":"VBL-EQ","action":"SELL","price":816.58,"quantity":1,"pnl":84.0200000000001,"timestamp":1771315294403}
{"symbol":"GODREJCP-EQ","action":"SELL","price":1658.97,"quantity":1,"pnl":397.1292788800704,"timestamp":1771315294411}
{"symbol":"SIEMENS-EQ","action":"SELL","price":1616.85,"quantity":1,"pnl":314.7255982886197,"timestamp":1771315294420}
{"symbol":"LTIM-EQ","action":"SELL","price":5421.28,"quantity":1,"pnl":824.4002040816331,"timestamp":1771315295412}
{"symbol":"NAUKRI-EQ","action":"SELL","price":802.25,"quantity":1,"pnl":-1.5304189979842704,"timestamp":1771315295417}
{"symbol":"LODHA-EQ","action":"SELL","price":913.19,"quantity":1,"pnl":-57.070013717421034,"timestamp":1771315295428}
{"symbol":"PIDILITIND-EQ","action":"SELL","price":1623.52,"quantity":1,"pnl":76.09207663553138,"timestamp":1771315296420}
{"symbol":"IRFC-EQ","action":"SELL","price":94.3,"quantity":1,"pnl":0.3499999999999943,"timestamp":1771315296432}
{"symbol":"DMART-EQ","action":"SELL","price":6444.9,"quantity":1,"pnl":217.56425925925942,"timestamp":1771315298440}
{"symbol":"VEDL-EQ","action":"SELL","price":366.2,"quantity":1,"pnl":-66.67453968253972,"timestamp":1771315299443}
{"symbol":"UNITDSPR-EQ","action":"SELL","price":920.95,"quantity":1,"pnl":-40.83999999999992,"timestamp":1771315299454}
{"symbol":"ZYDUSLIFE-EQ","action":"SELL","price":1206.02,"quantity":1,"pnl":-459.4846537821395,"timestamp":1771315299462}
{"symbol":"LICI-EQ","action":"SELL","price":664.48,"quantity":1,"pnl":-70.43085714285723,"timestamp":1771315301463}
{"symbol":"INDHOTEL-EQ","action":"SELL","price":739.88,"quantity":1,"pnl":31.115427160493823,"timestamp":1771315302466}
{"symbol":"IOC-EQ","action":"SELL","price":175.74,"quantity":1,"pnl":-84.70080729166665,"timestamp":1771315302470}
{"symbol":"HYUNDAI-EQ","action":"SELL","price":7315.92,"quantity":1,"pnl":1778.6508984615393,"timestamp":1771315302481}
{"symbol":"ABB-EQ","action":"SELL","price":4346.41,"quantity":1,"pnl":-227.15004694543768,"timestamp":1771315302486}
{"symbol":"PIDILITIND-EQ","action":"SELL","price":1708.11,"quantity":1,"pnl":160.6820766355313,"timestamp":1771315303478}
{"symbol":"TORNTPHARM-EQ","action":"SELL","price":3237.84,"quantity":1,"pnl":-51.701474867724755,"timestamp":1771315303483}
{"symbol":"SOLARINDS-EQ","action":"SELL","price":9390.72,"quantity":1,"pnl":-4364.869583333339,"timestamp":1771315304493}
{"symbol":"MOTHERSON-EQ","action":"SELL","price":109.61,"quantity":1,"pnl":-32.43547551909724,"timestamp":1771315305501}
{"symbol":"INDHOTEL-EQ","action":"SELL","price":787.23,"quantity":1,"pnl":78.46542716049385,"timestamp":1771315306507}
{"symbol":"HINDZINC-EQ","action":"SELL","price":361.37,"quantity":1,"pnl":32.75794713718824,"timestamp":1771315306521}
{"symbol":"DLF-EQ","action":"SELL","price":466.85,"quantity":1,"pnl":-59.78777777777782,"timestamp":1771315307513}
{"symbol":"IOC-EQ","action":"SELL","price":185.44,"quantity":1,"pnl":-75.00080729166666,"timestamp":1771315308512}
{"symbol":"UNITDSPR-EQ","action":"SELL","price":982.86,"quantity":1,"pnl":21.07000000000005,"timestamp":1771315308521}
{"symbol":"HAVELLS-EQ","action":"SELL","price":1053.57,"quantity":1,"pnl":95.87189641666657,"timestamp":1771315308526}
{"symbol":"BANKBARODA-EQ","action":"SELL","price":140.12,"quantity":1,"pnl":8.689999999999998,"timestamp":1771315309525}
{"symbol":"TORNTPHARM-EQ","action":"SELL","price":3417.13,"quantity":1,"pnl":127.58852513227521,"timestamp":1771315309536}
{"symbol":"ADANIGREEN-EQ","action":"SELL","price":1478.29,"quantity":1,"pnl":143.96142857142854,"timestamp":1771315309544}
{"symbol":"JINDALSTEL-EQ","action":"SELL","price":631.14,"quantity":1,"pnl":-157.45227268518533,"timestamp":1771315310539}
{"symbol":"ABB-EQ","action":"SELL","price":4328.04,"quantity":1,"pnl":-245.52004694543757,"timestamp":1771315310548}
{"symbol":"INDHOTEL-EQ","action":"SELL","price":838.33,"quantity":1,"pnl":129.56542716049398,"timestamp":1771315311541}
{"symbol":"SHREECEM-EQ","action":"SELL","price":31625.7,"quantity":1,"pnl":1624.3201647395326,"timestamp":1771315311553}
{"symbol":"ICICIGI-EQ","action":"BUY","price":281.94,"quantity":1,"timestamp":1771315312544}
{"symbol":"DIVISLAB-EQ","action":"BUY","price":10604.84,"quantity":1,"timestamp":1771315313543}
{"symbol":"TORNTPHARM-EQ","action":"BUY","price":3207.15,"quantity":1,"timestamp":1771315313553}
{"symbol":"AMBUJACEM-EQ","action":"BUY","price":341.22,"quantity":1,"timestamp":1771315313560}
{"symbol":"BOSCHLTD-EQ","action":"BUY","price":18237.63,"quantity":1,"timestamp":1771315313564}
{"symbol":"ZYDUSLIFE-EQ","action":"BUY","price":1129.74,"quantity":1,"timestamp":1771315313570}
{"symbol":"LICI-EQ","action":"BUY","price":620.82,"quantity":1,"timestamp":1771315313574}
{"symbol":"VBL-EQ","action":"BUY","price":818.45,"quantity":1,"timestamp":1771315317573}
{"symbol":"RECLTD-EQ","action":"BUY","price":194.29,"quantity":1,"timestamp":1771315318585}
{"symbol":"JINDALSTEL-EQ","action":"BUY","price":592.56,"quantity":1,"timestamp":1771315318593}
{"symbol":"LODHA-EQ","action":"BUY","price":856.93,"quantity":1,"timestamp":1771315318600}
{"symbol":"TATAPOWER-EQ","action":"BUY","price":360.17,"quantity":1,"timestamp":1771315319586}
{"symbol":"SOLARINDS-EQ","action":"BUY","price":8801.58,"quantity":1,"timestamp":1771315321606}
{"symbol":"BAJAJHLDNG-EQ","action":"BUY","price":12242.49,"quantity":1,"timestamp":1771315322611}
{"symbol":"AMBUJACEM-EQ","action":"BUY","price":321.18,"quantity":1,"timestamp":1771315322621}
{"symbol":"BOSCHLTD-EQ","action":"BUY","price":17159.48,"quantity":1,"timestamp":1771315322626}
{"symbol":"INDHOTEL-EQ","action":"BUY","price":794.2,"quantity":1,"timestamp":1771315323618}
{"symbol":"NAUKRI-EQ","action":"BUY","price":747.02,"quantity":1,"timestamp":1771315323628}
{"symbol":"TORNTPHARM-EQ","action":"BUY","price":3035.95,"quantity":1,"timestamp":1771315323634}
{"symbol":"JINDALSTEL-EQ","action":"BUY","price":559.18,"quantity":1,"timestamp":1771315323638}
{"symbol":"BRITANNIA-EQ","action":"SELL","price":7007.73,"quantity":1,"pnl":-242.6954795918382,"timestamp":1771315325634}
{"symbol":"PFC-EQ","action":"SELL","price":372.02,"quantity":1,"pnl":-2.6395589716407812,"timestamp":1771315325642}
{"symbol":"HAL-EQ","action":"SELL","price":5718.33,"quantity":1,"pnl":-216.81611428571432,"timestamp":1771315326641}
{"symbol":"TORNTPHARM-EQ","action":"SELL","price":3226.39,"quantity":1,"pnl":-15.15391061980381,"timestamp":1771315328658}
{"symbol":"ADANIENSOL-EQ","action":"SELL","price":225.7,"quantity":1,"pnl":-23.21504939003205,"timestamp":1771315328666}
{"symbol":"SIEMENS-EQ","action":"SELL","price":1519.05,"quantity":1,"pnl":216.92559828861977,"timestamp":1771315328671}
{"symbol":"BRITANNIA-EQ","action":"SELL","price":7401.64,"quantity":1,"pnl":151.21452040816348,"timestamp":1771315330655}
{"symbol":"BAJAJHLDNG-EQ","action":"SELL","price":12935.29,"quantity":1,"pnl":-2722.9097324999966,"timestamp":1771315330663}
{"symbol":"HYUNDAI-EQ","action":"SELL","price":7713.6,"quantity":1,"pnl":2176.3308984615396,"timestamp":1771315332679}
{"symbol":"LTIM-EQ","action":"SELL","price":5396.77,"quantity":1,"pnl":799.8902040816338,"timestamp":1771315333675}
{"symbol":"AMBUJACEM-EQ","action":"SELL","price":339.93,"quantity":1,"pnl":-26.622748190476216,"timestamp":1771315333685}
{"symbol":"SOLARINDS-EQ","action":"SELL","price":8762.03,"quantity":1,"pnl":-4663.2922777777785,"timestamp":1771315334680}
{"symbol":"SIEMENS-EQ","action":"SELL","price":1617.55,"quantity":1,"pnl":315.42559828861977,"timestamp":1771315335691}
{"symbol":"LICI-EQ","action":"SELL","price":657.31,"quantity":1,"pnl":-58.5857142857144,"timestamp":1771315335698}
{"symbol":"BPCL-EQ","action":"SELL","price":336.08,"quantity":1,"pnl":-98.17222222222222,"timestamp":1771315336690}
{"symbol":"IOC-EQ","action":"SELL","price":207.2,"quantity":1,"pnl":-53.24080729166667,"timestamp":1771315336697}
{"symbol":"VEDL-EQ","action":"SELL","price":384.7,"quantity":1,"pnl":-48.17453968253972,"timestamp":1771315337691}
{"symbol":"TVSMOTOR-EQ","action":"SELL","price":2178.3,"quantity":1,"pnl":196.36321026803512,"timestamp":1771315337696}
{"symbol":"ENRIN-EQ","action":"SELL","price":1660.73,"quantity":1,"pnl":-359.99850000000015,"timestamp":1771315337710}
{"symbol":"LICI-EQ","action":"BUY","price":613.18,"quantity":1,"timestamp":1771315339716}
{"symbol":"ADANIGREEN-EQ","action":"BUY","price":1467.46,"quantity":1,"timestamp":1771315341730}
{"symbol":"VEDL-EQ","action":"BUY","price":362.2,"quantity":1,"timestamp":1771315342728}
{"symbol":"ADANIPOWER-EQ","action":"BUY","price":129.63,"quantity":1,"timestamp":1771315343740}
{"symbol":"NAUKRI-EQ","action":"BUY","price":665.33,"quantity":1,"timestamp":1771315343747}
{"symbol":"GAIL-EQ","action":"BUY","price":213.67,"quantity":1,"timestamp":1771315343753}
{"symbol":"MAZDOCK-EQ","action":"BUY","price":1419,"quantity":1,"timestamp":1771315343762}
{"symbol":"LICI-EQ","action":"BUY","price":578.77,"quantity":1,"timestamp":1771315343765}
{"symbol":"TVSMOTOR-EQ","action":"SELL","price":2290.81,"quantity":1,"pnl":308.8732102680349,"timestamp":1771315347780}
{"symbol":"UNITDSPR-EQ","action":"SELL","price":1036.55,"quantity":1,"pnl":74.75999999999999,"timestamp":1771315347792}
{"symbol":"BPCL-EQ","action":"SELL","price":357.45,"quantity":1,"pnl":-76.80222222222227,"timestamp":1771315348786}
{"symbol":"CANBK-EQ","action":"SELL","price":279.2,"quantity":1,"pnl":42.25,"timestamp":1771315349793}
{"symbol":"MAZDOCK-EQ","action":"SELL","price":1507.14,"quantity":1,"pnl":88.1400000000001,"timestamp":1771315351810}
{"symbol":"DLF-EQ","action":"SELL","price":523.56,"quantity":1,"pnl":-3.077777777777783,"timestamp":1771315353833}
{"symbol":"DMART-EQ","action":"SELL","price":5979.04,"quantity":1,"pnl":-248.29574074074026,"timestamp":1771315354835}
{"symbol":"ICICIGI-EQ","action":"SELL","price":280.12,"quantity":1,"pnl":-312.35575520045313,"timestamp":1771315354844}
{"symbol":"SIEMENS-EQ","action":"BUY","price":1513.65,"quantity":1,"timestamp":1771315355845}
{"symbol":"DIVISLAB-EQ","action":"BUY","price":8912.26,"quantity":1,"timestamp":1771315356842}
{"symbol":"LODHA-EQ","action":"BUY","price":851.39,"quantity":1,"timestamp":1771315356853}
{"symbol":"BPCL-EQ","action":"BUY","price":314.14,"quantity":1,"timestamp":1771315357857}
{"symbol":"INDHOTEL-EQ","action":"BUY","price":676.31,"quantity":1,"timestamp":1771315357863}
{"symbol":"ADANIENSOL-EQ","action":"BUY","price":214.48,"quantity":1,"timestamp":1771315357873}
{"symbol":"JINDALSTEL-EQ","action":"BUY","price":529.32,"quantity":1,"timestamp":1771315358867}
{"symbol":"SHREECEM-EQ","action":"BUY","price":29737.42,"quantity":1,"timestamp":1771315358873}
{"symbol":"JSWENERGY-EQ","action":"BUY","price":685.37,"quantity":1,"timestamp":1771315359879}
{"symbol":"DIVISLAB-EQ","action":"BUY","price":8466.37,"quantity":1,"timestamp":1771315360875}
{"symbol":"HYUNDAI-EQ","action":"BUY","price":7653.28,"quantity":1,"timestamp":1771315360890}
{"symbol":"AMBUJACEM-EQ","action":"SELL","price":379.96,"quantity":1,"pnl":13.407251809523757,"timestamp":1771315361889}
{"symbol":"ADANIGREEN-EQ","action":"SELL","price":1544.45,"quantity":1,"pnl":165.74428571428552,"timestamp":1771315362888}
{"symbol":"TVSMOTOR-EQ","action":"BUY","price":2149.43,"quantity":1,"timestamp":1771315363891}
{"symbol":"LTIM-EQ","action":"BUY","price":5446.31,"quantity":1,"timestamp":1771315363899}
{"symbol":"PNB-EQ","action":"BUY","price":171.08,"quantity":1,"timestamp":1771315365906}
{"symbol":"LICI-EQ","action":"BUY","price":512.81,"quantity":1,"timestamp":1771315365915}
{"symbol":"LODHA-EQ","action":"BUY","price":754.61,"quantity":1,"timestamp":1771315366910}
{"symbol":"HAL-EQ","action":"BUY","price":4824.63,"quantity":1,"timestamp":1771315367913}
{"symbol":"TATAPOWER-EQ","action":"BUY","price":280.86,"quantity":1,"timestamp":1771315368918}
{"symbol":"MOTHERSON-EQ","action":"BUY","price":103.76,"quantity":1,"timestamp":1771315368925}
{"symbol":"ICICIGI-EQ","action":"SELL","price":294.48,"quantity":1,"pnl":-297.995755200453,"timestamp":1771315370921}
{"symbol":"LICI-EQ","action":"SELL","price":539.73,"quantity":1,"pnl":-120.79982142857148,"timestamp":1771315370934}
{"symbol":"IOC-EQ","action":"SELL","price":205.97,"quantity":1,"pnl":-54.4708072916666,"timestamp":1771315371934}
{"symbol":"GAIL-EQ","action":"SELL","price":226.68,"quantity":1,"pnl":-19.533835390946564,"timestamp":1771315371941}
{"symbol":"ADANIENSOL-EQ","action":"SELL","price":239.19,"quantity":1,"pnl":-5.420668216278045,"timestamp":1771315372949}
{"symbol":"TORNTPHARM-EQ","action":"SELL","price":3607.78,"quantity":1,"pnl":366.23608938019606,"timestamp":1771315373959}
{"symbol":"DLF-EQ","action":"SELL","price":522.91,"quantity":1,"pnl":-3.72777777777776,"timestamp":1771315373963}
{"symbol":"AMBUJACEM-EQ","action":"SELL","price":399.99,"quantity":1,"pnl":33.43725180952379,"timestamp":1771315373969}
{"symbol":"TATAPOWER-EQ","action":"SELL","price":297.05,"quantity":1,"pnl":-23.464999999999975,"timestamp":1771315374964}
{"symbol":"BAJAJHLDNG-EQ","action":"SELL","price":14383.93,"quantity":1,"pnl":-1274.2697324999972,"timestamp":1771315374971}
{"symbol":"ICICIGI-EQ","action":"SELL","price":309.92,"quantity":1,"pnl":-282.555755200453,"timestamp":1771315374976}
{"symbol":"SOLARINDS-EQ","action":"SELL","price":9774.34,"quantity":1,"pnl":-3650.982277777781,"timestamp":1771315374985}
{"symbol":"JSWENERGY-EQ","action":"SELL","price":767.7,"quantity":1,"pnl":82.33000000000004,"timestamp":1771315374989}
{"symbol":"BPCL-EQ","action":"BUY","price":297.55,"quantity":1,"timestamp":1771315375965}
{"symbol":"BANKBARODA-EQ","action":"BUY","price":154.08,"quantity":1,"timestamp":1771315375972}
{"symbol":"MOTHERSON-EQ","action":"BUY","price":97.81,"quantity":1,"timestamp":1771315375979}
{"symbol":"NAUKRI-EQ","action":"BUY","price":629.74,"quantity":1,"timestamp":1771315376971}
{"symbol":"GODREJCP-EQ","action":"SELL","price":1836.39,"quantity":1,"pnl":574.5492788800705,"timestamp":1771315377982}
{"symbol":"SHREECEM-EQ","action":"SELL","price":29505.17,"quantity":1,"pnl":-430.2198764453533,"timestamp":1771315377991}
{"symbol":"ADANIENSOL-EQ","action":"SELL","price":251.72,"quantity":1,"pnl":7.109331783721956,"timestamp":1771315377997}
{"symbol":"VEDL-EQ","action":"SELL","price":376.28,"quantity":1,"pnl":-44.815449735449704,"timestamp":1771315378988}
{"symbol":"DIVISLAB-EQ","action":"SELL","price":9062.64,"quantity":1,"pnl":-919.1180000000004,"timestamp":1771315378995}
{"symbol":"LTIM-EQ","action":"SELL","price":5741.48,"quantity":1,"pnl":719.8851020408165,"timestamp":1771315379004}
{"symbol":"TORNTPHARM-EQ","action":"SELL","price":3795.83,"quantity":1,"pnl":554.2860893801962,"timestamp":1771315379011}
{"symbol":"NAUKRI-EQ","action":"SELL","price":672.41,"quantity":1,"pnl":-69.82854283232552,"timestamp":1771315379995}
{"symbol":"SIEMENS-EQ","action":"SELL","price":1788.03,"quantity":1,"pnl":464.7530384597578,"timestamp":1771315382025}
{"symbol":"VEDL-EQ","action":"SELL","price":395.74,"quantity":1,"pnl":-25.355449735449724,"timestamp":1771315383011}
{"symbol":"CGPOWER-EQ","action":"SELL","price":438.85,"quantity":1,"pnl":-145.91266403749432,"timestamp":1771315384026}
{"symbol":"BOSCHLTD-EQ","action":"SELL","price":21250.3,"quantity":1,"pnl":2980.8365984374504,"timestamp":1771315384035}
{"symbol":"MOTHERSON-EQ","action":"SELL","price":103.24,"quantity":1,"pnl":-25.051983679398163,"timestamp":1771315386031}
{"symbol":"JINDALSTEL-EQ","action":"SELL","price":563.11,"quantity":1,"pnl":-163.23528922558933,"timestamp":1771315386044}
{"symbol":"INDHOTEL-EQ","action":"SELL","price":710.43,"quantity":1,"pnl":-11.57978641975319,"timestamp":1771315387033}
{"symbol":"LICI-EQ","action":"SELL","price":573.38,"quantity":1,"pnl":-87.1498214285715,"timestamp":1771315387051}
{"symbol":"ICICIGI-EQ","action":"SELL","price":304.93,"quantity":1,"pnl":-287.54575520045313,"timestamp":1771315388043}
{"symbol":"SHREECEM-EQ","action":"SELL","price":31281.26,"quantity":1,"pnl":1345.8701235546469,"timestamp":1771315389050}
{"symbol":"SOLARINDS-EQ","action":"SELL","price":9804.85,"quantity":1,"pnl":-3620.4722777777806,"timestamp":1771315389057}
{"symbol":"CHOLAFIN-EQ","action":"SELL","price":688.8,"quantity":1,"pnl":-175.0611121961806,"timestamp":1771315390055}
{"symbol":"BPCL-EQ","action":"SELL","price":296,"quantity":1,"pnl":-52.6474074074074,"timestamp":1771315391059}
{"symbol":"TORNTPHARM-EQ","action":"SELL","price":3985.97,"quantity":1,"pnl":744.4260893801961,"timestamp":1771315392076}
{"symbol":"JINDALSTEL-EQ","action":"SELL","price":593.52,"quantity":1,"pnl":-132.82528922558936,"timestamp":1771315392082}
{"symbol":"LODHA-EQ","action":"SELL","price":794.11,"quantity":1,"pnl":-64.18750342935527,"timestamp":1771315392088}
{"symbol":"TATAPOWER-EQ","action":"SELL","price":297.65,"quantity":1,"pnl":-22.86500000000001,"timestamp":1771315393078}
{"symbol":"INDHOTEL-EQ","action":"SELL","price":748.89,"quantity":1,"pnl":26.880213580246846,"timestamp":1771315394089}
{"symbol":"LODHA-EQ","action":"SELL","price":834.85,"quantity":1,"pnl":-23.447503429355265,"timestamp":1771315395102}
{"symbol":"TVSMOTOR-EQ","action":"SELL","price":2038.85,"quantity":1,"pnl":40.16388924123112,"timestamp":1771315396102}
{"symbol":"BANKBARODA-EQ","action":"SELL","price":162.44,"quantity":1,"pnl":8.359999999999985,"timestamp":1771315396111}
{"symbol":"VEDL-EQ","action":"SELL","price":394.12,"quantity":1,"pnl":-26.97544973544973,"timestamp":1771315397109}
{"symbol":"INDHOTEL-EQ","action":"SELL","price":786.56,"quantity":1,"pnl":64.55021358024692,"timestamp":1771315399127}
{"symbol":"PFC-EQ","action":"SELL","price":323.4,"quantity":1,"pnl":-51.259558971640786,"timestamp":1771315399134}
{"symbol":"PNB-EQ","action":"SELL","price":180.36,"quantity":1,"pnl":-1.839999999999975,"timestamp":1771315399142}
{"symbol":"SOLARINDS-EQ","action":"SELL","price":9760.13,"quantity":1,"pnl":-3665.1922777777836,"timestamp":1771315399149}
{"symbol":"ENRIN-EQ","action":"SELL","price":1616.78,"quantity":1,"pnl":-403.9485000000002,"timestamp":1771315401162}
{"symbol":"TATAPOWER-EQ","action":"BUY","price":278.69,"quantity":1,"timestamp":1771315404168}
{"symbol":"ADANIPOWER-EQ","action":"BUY","price":129.98,"quantity":1,"timestamp":1771315404174}
{"symbol":"RECLTD-EQ","action":"BUY","price":182.38,"quantity":1,"timestamp":1771315404179}
{"symbol":"BOSCHLTD-EQ","action":"BUY","price":18886.02,"quantity":1,"timestamp":1771315404185}
{"symbol":"GAIL-EQ","action":"BUY","price":211.81,"quantity":1,"timestamp":1771315405178}
{"symbol":"HYUNDAI-EQ","action":"BUY","price":6818.1,"quantity":1,"timestamp":1771315405184}
{"symbol":"DLF-EQ","action":"BUY","price":413.07,"quantity":1,"timestamp":1771315406186}
{"symbol":"SIEMENS-EQ","action":"BUY","price":1666.99,"quantity":1,"timestamp":1771315406194}
{"symbol":"DMART-EQ","action":"BUY","price":5643.15,"quantity":1,"timestamp":1771315407187}
{"symbol":"LTIM-EQ","action":"BUY","price":5373.38,"quantity":1,"timestamp":1771315407193}
{"symbol":"UNITDSPR-EQ","action":"BUY","price":1035.81,"quantity":1,"timestamp":1771315407201}
{"symbol":"JINDALSTEL-EQ","action":"BUY","price":556.44,"quantity":1,"timestamp":1771315407204}
{"symbol":"ADANIGREEN-EQ","action":"BUY","price":1305.34,"quantity":1,"timestamp":1771315407210}
{"symbol":"HINDZINC-EQ","action":"BUY","price":342.78,"quantity":1,"timestamp":1771315407213}
{"symbol":"LICI-EQ","action":"BUY","price":540.28,"quantity":1,"timestamp":1771315407218}
{"symbol":"PNB-EQ","action":"BUY","price":167.71,"quantity":1,"timestamp":1771315408204}
{"symbol":"SHREECEM-EQ","action":"BUY","price":29246.7,"quantity":1,"timestamp":1771315409210}
{"symbol":"AMBUJACEM-EQ","action":"BUY","price":355.91,"quantity":1,"timestamp":1771315409216}
{"symbol":"GAIL-EQ","action":"BUY","price":201.09,"quantity":1,"timestamp":1771315410211}
{"symbol":"PIDILITIND-EQ","action":"BUY","price":1310.62,"quantity":1,"timestamp":1771315411217}
{"symbol":"GODREJCP-EQ","action":"BUY","price":1575.75,"quantity":1,"timestamp":1771315412224}
{"symbol":"ADANIGREEN-EQ","action":"BUY","price":1235.36,"quantity":1,"timestamp":1771315412238}
{"symbol":"VEDL-EQ","action":"BUY","price":370.69,"quantity":1,"timestamp":1771315414245}
{"symbol":"CGPOWER-EQ","action":"BUY","price":413.72,"quantity":1,"timestamp":1771315414335}
{"symbol":"IOC-EQ","action":"BUY","price":204.73,"quantity":1,"timestamp":1771315415261}
{"symbol":"ICICIGI-EQ","action":"BUY","price":268.94,"quantity":1,"timestamp":1771315415270}
{"symbol":"BAJAJHFL-EQ","action":"BUY","price":145.29,"quantity":1,"timestamp":1771315415280}
{"symbol":"DIVISLAB-EQ","action":"BUY","price":8586.95,"quantity":1,"timestamp":1771315416269}
{"symbol":"ADANIGREEN-EQ","action":"BUY","price":1162.3,"quantity":1,"timestamp":1771315416282}
{"symbol":"PFC-EQ","action":"BUY","price":304.02,"quantity":1,"timestamp":1771315417289}
{"symbol":"BAJAJHFL-EQ","action":"BUY","price":137.04,"quantity":1,"timestamp":1771315418296}
{"symbol":"AMBUJACEM-EQ","action":"BUY","price":337.8,"quantity":1,"timestamp":1771315419300}
{"symbol":"HINDZINC-EQ","action":"BUY","price":325.16,"quantity":1,"timestamp":1771315419305}
{"symbol":"ENRIN-EQ","action":"BUY","price":1627.6,"quantity":1,"timestamp":1771315419309}
{"symbol":"GAIL-EQ","action":"BUY","price":188.95,"quantity":1,"timestamp":1771315420303}
{"symbol":"JINDALSTEL-EQ","action":"BUY","price":528.08,"quantity":1,"timestamp":1771315420309}
{"symbol":"BOSCHLTD-EQ","action":"BUY","price":17732.36,"quantity":1,"timestamp":1771315420314}
{"symbol":"TATAPOWER-EQ","action":"SELL","price":313.21,"quantity":1,"pnl":34.51999999999998,"timestamp":1771315423341}
{"symbol":"HYUNDAI-EQ","action":"SELL","price":7221.88,"quantity":1,"pnl":-13.8100000000004,"timestamp":1771315423355}
{"symbol":"BAJAJHLDNG-EQ","action":"BUY","price":13665.92,"quantity":1,"timestamp":1771315424355}
{"symbol":"JINDALSTEL-EQ","action":"BUY","price":501.36,"quantity":1,"timestamp":1771315424363}
{"symbol":"DIVISLAB-EQ","action":"BUY","price":8099.98,"quantity":1,"timestamp":1771315425363}
{"symbol":"INDHOTEL-EQ","action":"BUY","price":734.72,"quantity":1,"timestamp":1771315425371}
{"symbol":"PFC-EQ","action":"BUY","price":286.14,"quantity":1,"timestamp":1771315425378}
{"symbol":"DLF-EQ","action":"BUY","price":440.18,"quantity":1,"timestamp":1771315425385}
{"symbol":"GODREJCP-EQ","action":"BUY","price":1486.09,"quantity":1,"timestamp":1771315426376}
{"symbol":"HINDZINC-EQ","action":"BUY","price":308.61,"quantity":1,"timestamp":1771315426387}
{"symbol":"SIEMENS-EQ","action":"BUY","price":1679.04,"quantity":1,"timestamp":1771315426392}
{"symbol":"TVSMOTOR-EQ","action":"BUY","price":1936.56,"quantity":1,"timestamp":1771315427378}
{"symbol":"LICI-EQ","action":"BUY","price":511.3,"quantity":1,"timestamp":1771315427393}
{"symbol":"VEDL-EQ","action":"BUY","price":328.65,"quantity":1,"timestamp":1771315429391}
{"symbol":"HAL-EQ","action":"BUY","price":4500.77,"quantity":1,"timestamp":1771315429396}
{"symbol":"ABB-EQ","action":"BUY","price":4287.13,"quantity":1,"timestamp":1771315429409}
{"symbol":"NAUKRI-EQ","action":"BUY","price":637.89,"quantity":1,"timestamp":1771315430404}
{"symbol":"PFC-EQ","action":"BUY","price":270.94,"quantity":1,"timestamp":1771315432411}
{"symbol":"PIDILITIND-EQ","action":"SELL","price":1459.89,"quantity":1,"pnl":-63.85713102802151,"timestamp":1771315433418}
{"symbol":"ENRIN-EQ","action":"SELL","price":1706.43,"quantity":1,"pnl":-183.2556666666669,"timestamp":1771315434440}
{"symbol":"VBL-EQ","action":"SELL","price":914.97,"quantity":1,"pnl":96.51999999999998,"timestamp":1771315435438}
{"symbol":"HINDZINC-EQ","action":"SELL","price":324.99,"quantity":1,"pnl":-1.3005132157029493,"timestamp":1771315435450}
{"symbol":"BAJAJHFL-EQ","action":"SELL","price":152.89,"quantity":1,"pnl":11.724999999999994,"timestamp":1771315435457}
{"symbol":"IOC-EQ","action":"SELL","price":228.22,"quantity":1,"pnl":-21.078645833333297,"timestamp":1771315436445}
{"symbol":"UNITDSPR-EQ","action":"SELL","price":1169.62,"quantity":1,"pnl":133.80999999999995,"timestamp":1771315437453}
{"symbol":"ABB-EQ","action":"SELL","price":4556.01,"quantity":1,"pnl":14.275513826278257,"timestamp":1771315438465}
{"symbol":"BPCL-EQ","action":"SELL","price":290.86,"quantity":1,"pnl":-57.787407407407386,"timestamp":1771315439459}
{"symbol":"CHOLAFIN-EQ","action":"SELL","price":774.43,"quantity":1,"pnl":-89.43111219618072,"timestamp":1771315440468}
{"symbol":"DMART-EQ","action":"SELL","price":6348.14,"quantity":1,"pnl":704.9900000000007,"timestamp":1771315440475}
{"symbol":"BAJAJHLDNG-EQ","action":"SELL","price":14456.54,"quantity":1,"pnl":-537.5664883333302,"timestamp":1771315440481}
{"symbol":"PNB-EQ","action":"SELL","price":177.63,"quantity":1,"pnl":2.6750000000000114,"timestamp":1771315440485}
{"symbol":"CANBK-EQ","action":"BUY","price":295.31,"quantity":1,"timestamp":1771315441479}
{"symbol":"GAIL-EQ","action":"BUY","price":188.79,"quantity":1,"timestamp":1771315442485}
{"symbol":"JSWENERGY-EQ","action":"BUY","price":754.31,"quantity":1,"timestamp":1771315442495}
{"symbol":"SOLARINDS-EQ","action":"BUY","price":8656.67,"quantity":1,"timestamp":1771315443492}
{"symbol":"HINDZINC-EQ","action":"SELL","price":347.01,"quantity":1,"pnl":20.719486784297033,"timestamp":1771315444504}
{"symbol":"BPCL-EQ","action":"SELL","price":310.43,"quantity":1,"pnl":-38.21740740740739,"timestamp":1771315445500}
{"symbol":"PIDILITIND-EQ","action":"SELL","price":1538.11,"quantity":1,"pnl":14.362868971978287,"timestamp":1771315446520}
{"symbol":"RECLTD-EQ","action":"SELL","price":230.4,"quantity":1,"pnl":-11.723898333333324,"timestamp":1771315447527}
{"symbol":"LICI-EQ","action":"SELL","price":537.11,"quantity":1,"pnl":-89.73486607142866,"timestamp":1771315447545}
{"symbol":"SHREECEM-EQ","action":"SELL","price":29597.34,"quantity":1,"pnl":-108.48658429690113,"timestamp":1771315448546}
{"symbol":"NAUKRI-EQ","action":"SELL","price":675.8,"quantity":1,"pnl":-49.047119026937935,"timestamp":1771315449545}
{"symbol":"CGPOWER-EQ","action":"SELL","price":391.5,"quantity":1,"pnl":-164.75555336457865,"timestamp":1771315449553}
{"symbol":"SOLARINDS-EQ","action":"SELL","price":9201.14,"quantity":1,"pnl":-3826.7945879629697,"timestamp":1771315450565}
{"symbol":"ABB-EQ","action":"SELL","price":4805.77,"quantity":1,"pnl":264.0355138262785,"timestamp":1771315450586}
{"symbol":"BOSCHLTD-EQ","action":"BUY","price":17849.8,"quantity":1,"timestamp":1771315452565}
{"symbol":"HINDZINC-EQ","action":"BUY","price":307.92,"quantity":1,"timestamp":1771315452571}
{"symbol":"PFC-EQ","action":"BUY","price":241.51,"quantity":1,"timestamp":1771315453579}
{"symbol":"MOTHERSON-EQ","action":"BUY","price":121.11,"quantity":1,"timestamp":1771315453587}
{"symbol":"INDHOTEL-EQ","action":"SELL","price":830.72,"quantity":1,"pnl":102.3551067901235,"timestamp":1771315455592}
{"symbol":"BAJAJHLDNG-EQ","action":"SELL","price":15501.36,"quantity":1,"pnl":507.2535116666695,"timestamp":1771315455606}
{"symbol":"LODHA-EQ","action":"SELL","price":785.96,"quantity":1,"pnl":-72.33750342935514,"timestamp":1771315455613}
{"symbol":"BAJAJHFL-EQ","action":"SELL","price":152.78,"quantity":1,"pnl":11.615000000000009,"timestamp":1771315456606}
{"symbol":"CHOLAFIN-EQ","action":"SELL","price":779.72,"quantity":1,"pnl":-84.14111219618064,"timestamp":1771315457598}
{"symbol":"PIDILITIND-EQ","action":"SELL","price":1623.04,"quantity":1,"pnl":99.29286897197835,"timestamp":1771315457608}
{"symbol":"JSWENERGY-EQ","action":"SELL","price":801.61,"quantity":1,"pnl":47.30000000000007,"timestamp":1771315457618}
{"symbol":"VEDL-EQ","action":"SELL","price":327.29,"quantity":1,"pnl":-65.23526984126988,"timestamp":1771315458599}
{"symbol":"HAL-EQ","action":"SELL","price":4530.94,"quantity":1,"pnl":-980.0574095238098,"timestamp":1771315458605}
{"symbol":"INDHOTEL-EQ","action":"SELL","price":880.92,"quantity":1,"pnl":152.55510679012343,"timestamp":1771315458612}
{"symbol":"ADANIPOWER-EQ","action":"SELL","price":152.57,"quantity":1,"pnl":22.764999999999986,"timestamp":1771315458618}
{"symbol":"HINDZINC-EQ","action":"SELL","price":325.66,"quantity":1,"pnl":5.492991189531381,"timestamp":1771315458628}
{"symbol":"MAZDOCK-EQ","action":"BUY","price":1509.26,"quantity":1,"timestamp":1771315459627}
{"symbol":"SOLARINDS-EQ","action":"SELL","price":9703.69,"quantity":1,"pnl":-3324.2445879629668,"timestamp":1771315461649}
{"symbol":"BRITANNIA-EQ","action":"SELL","price":8696.24,"quantity":1,"pnl":1445.814520408163,"timestamp":1771315463691}
{"symbol":"GODREJCP-EQ","action":"SELL","price":1478.83,"quantity":1,"pnl":-52.090000000000146,"timestamp":1771315463703}
{"symbol":"CGPOWER-EQ","action":"SELL","price":416.56,"quantity":1,"pnl":-139.69555336457864,"timestamp":1771315463711}
{"symbol":"IOC-EQ","action":"BUY","price":216.66,"quantity":1,"timestamp":1771315464703}
{"symbol":"LODHA-EQ","action":"BUY","price":740.75,"quantity":1,"timestamp":1771315464715}
{"symbol":"INDHOTEL-EQ","action":"BUY","price":819.05,"quantity":1,"timestamp":1771315465710}
{"symbol":"HYUNDAI-EQ","action":"BUY","price":6833.14,"quantity":1,"timestamp":1771315465730}
{"symbol":"HAL-EQ","action":"BUY","price":4267.36,"quantity":1,"timestamp":1771315466722}
{"symbol":"PFC-EQ","action":"BUY","price":243.47,"quantity":1,"timestamp":1771315466741}
{"symbol":"CHOLAFIN-EQ","action":"SELL","price":822.11,"quantity":1,"pnl":-41.75111219618066,"timestamp":1771315467736}
{"symbol":"NAUKRI-EQ","action":"SELL","price":760.74,"quantity":1,"pnl":35.89288097306212,"timestamp":1771315467749}
{"symbol":"BRITANNIA-EQ","action":"SELL","price":9148.73,"quantity":1,"pnl":1898.3045204081636,"timestamp":1771315468739}
{"symbol":"HYUNDAI-EQ","action":"SELL","price":7186.53,"quantity":1,"pnl":152.11499999999887,"timestamp":1771315468751}
{"symbol":"SOLARINDS-EQ","action":"SELL","price":10193.54,"quantity":1,"pnl":-2834.3945879629664,"timestamp":1771315468756}
{"symbol":"MAZDOCK-EQ","action":"SELL","price":1691.94,"quantity":1,"pnl":182.68000000000006,"timestamp":1771315470766}
{"symbol":"ADANIPOWER-EQ","action":"SELL","price":153.07,"quantity":1,"pnl":23.264999999999986,"timestamp":1771315471767}
{"symbol":"ZYDUSLIFE-EQ","action":"SELL","price":1318.22,"quantity":1,"pnl":-287.75524780634623,"timestamp":1771315471787}
{"symbol":"ENRIN-EQ","action":"SELL","price":1938.55,"quantity":1,"pnl":48.86433333333321,"timestamp":1771315472784}
{"symbol":"LICI-EQ","action":"SELL","price":534.45,"quantity":1,"pnl":-92.39486607142862,"timestamp":1771315473783}
{"symbol":"HYUNDAI-EQ","action":"BUY","price":6789.53,"quantity":1,"timestamp":1771315474784}
{"symbol":"DLF-EQ","action":"BUY","price":416.38,"quantity":1,"timestamp":1771315476796}
{"symbol":"NAUKRI-EQ","action":"SELL","price":800.22,"quantity":1,"pnl":75.37288097306214,"timestamp":1771315481842}
{"symbol":"PIDILITIND-EQ","action":"SELL","price":1805.32,"quantity":1,"pnl":281.5728689719783,"timestamp":1771315482857}
{"symbol":"ICICIGI-EQ","action":"SELL","price":265.72,"quantity":1,"pnl":-305.18670485375617,"timestamp":1771315482863}
{"symbol":"GAIL-EQ","action":"SELL","price":209.88,"quantity":1,"pnl":-20.149223593964393,"timestamp":1771315483859}
{"symbol":"BAJAJHLDNG-EQ","action":"SELL","price":16312.22,"quantity":1,"pnl":1318.1135116666683,"timestamp":1771315484876}
{"symbol":"CGPOWER-EQ","action":"SELL","price":415.4,"quantity":1,"pnl":-140.85555336457867,"timestamp":1771315484883}
{"symbol":"HYUNDAI-EQ","action":"SELL","price":7147.11,"quantity":1,"pnl":235.13749999999982,"timestamp":1771315484888}
{"symbol":"CANBK-EQ","action":"SELL","price":313.72,"quantity":1,"pnl":18.410000000000025,"timestamp":1771315485875}
{"symbol":"TORNTPHARM-EQ","action":"SELL","price":4396.02,"quantity":1,"pnl":1154.4760893801963,"timestamp":1771315486885}
{"symbol":"HINDZINC-EQ","action":"SELL","price":345.01,"quantity":1,"pnl":24.84299118953129,"timestamp":1771315486892}
{"symbol":"ENRIN-EQ","action":"SELL","price":2066.98,"quantity":1,"pnl":177.29433333333327,"timestamp":1771315487899}
{"symbol":"VEDL-EQ","action":"SELL","price":325.86,"quantity":1,"pnl":-66.66526984126989,"timestamp":1771315488896}
{"symbol":"GAIL-EQ","action":"SELL","price":223.18,"quantity":1,"pnl":-6.84922359396441,"timestamp":1771315488905}
{"symbol":"ZYDUSLIFE-EQ","action":"SELL","price":1390.84,"quantity":1,"pnl":-215.13524780634634,"timestamp":1771315491932}
{"symbol":"ADANIENSOL-EQ","action":"SELL","price":314.03,"quantity":1,"pnl":69.41933178372196,"timestamp":1771315492923}
{"symbol":"ABB-EQ","action":"SELL","price":4512.73,"quantity":1,"pnl":-29.0044861737224,"timestamp":1771315492932}
{"symbol":"HAVELLS-EQ","action":"SELL","price":1242.94,"quantity":1,"pnl":285.2418964166666,"timestamp":1771315494935}
{"symbol":"ZYDUSLIFE-EQ","action":"SELL","price":1462.02,"quantity":1,"pnl":-143.95524780634628,"timestamp":1771315495945}
{"symbol":"JINDALSTEL-EQ","action":"SELL","price":452.78,"quantity":1,"pnl":-224.13563358585873,"timestamp":1771315496956}
{"symbol":"BOSCHLTD-EQ","action":"SELL","price":19213.81,"quantity":1,"pnl":975.2747988636038,"timestamp":1771315496962}
{"symbol":"DLF-EQ","action":"SELL","price":417.14,"quantity":1,"pnl":-57.78388888888884,"timestamp":1771315497952}
{"symbol":"LICI-EQ","action":"SELL","price":574.8,"quantity":1,"pnl":-52.04486607142883,"timestamp":1771315497964}
{"symbol":"VEDL-EQ","action":"SELL","price":342.52,"quantity":1,"pnl":-50.00526984126992,"timestamp":1771315498949}
{"symbol":"SHREECEM-EQ","action":"SELL","price":29288.48,"quantity":1,"pnl":-417.34658429690535,"timestamp":1771315498964}
{"symbol":"ADANIENSOL-EQ","action":"SELL","price":333.25,"quantity":1,"pnl":88.63933178372199,"timestamp":1771315498970}
{"symbol":"LTIM-EQ","action":"SELL","price":5720.59,"quantity":1,"pnl":523.102551020409,"timestamp":1771315500958}
{"symbol":"AMBUJACEM-EQ","action":"SELL","price":283.52,"quantity":1,"pnl":-78.65547081481486,"timestamp":1771315500985}
{"symbol":"MOTHERSON-EQ","action":"SELL","price":113.98,"quantity":1,"pnl":-13.114986399498449,"timestamp":1771315501976}
{"symbol":"IOC-EQ","action":"SELL","price":213.19,"quantity":1,"pnl":-29.580916666666667,"timestamp":1771315503981}
{"symbol":"CGPOWER-EQ","action":"SELL","price":390.66,"quantity":1,"pnl":-165.59555336457862,"timestamp":1771315504993}
{"symbol":"VEDL-EQ","action":"BUY","price":322.38,"quantity":1,"timestamp":1771315507002}
{"symbol":"TVSMOTOR-EQ","action":"BUY","price":1525.77,"quantity":1,"timestamp":1771315507008}
{"symbol":"VBL-EQ","action":"BUY","price":868.11,"quantity":1,"timestamp":1771315507014}
{"symbol":"ADANIENSOL-EQ","action":"BUY","price":316.48,"quantity":1,"timestamp":1771315507026}
{"symbol":"SOLARINDS-EQ","action":"BUY","price":9653.72,"quantity":1,"timestamp":1771315507030}
{"symbol":"HYUNDAI-EQ","action":"BUY","price":6727.14,"quantity":1,"timestamp":1771315508016}
{"symbol":"ABB-EQ","action":"BUY","price":4214.46,"quantity":1,"timestamp":1771315508027}
{"symbol":"ZYDUSLIFE-EQ","action":"BUY","price":1383.03,"quantity":1,"timestamp":1771315509025}
{"symbol":"HAVELLS-EQ","action":"SELL","price":1239.64,"quantity":1,"pnl":281.9418964166666,"timestamp":1771315510052}
{"symbol":"VEDL-EQ","action":"SELL","price":339.29,"quantity":1,"pnl":-29.853513227513247,"timestamp":1771315511045}
{"symbol":"TORNTPHARM-EQ","action":"BUY","price":4432.85,"quantity":1,"timestamp":1771315512069}
{"symbol":"CHOLAFIN-EQ","action":"SELL","price":879.2,"quantity":1,"pnl":15.338887803819375,"timestamp":1771315515088}
{"symbol":"GODREJCP-EQ","action":"SELL","price":1558.83,"quantity":1,"pnl":27.909999999999854,"timestamp":1771315519122}
{"symbol":"LODHA-EQ","action":"SELL","price":739.99,"quantity":1,"pnl":-59.53375171467758,"timestamp":1771315520137}
{"symbol":"BRITANNIA-EQ","action":"SELL","price":8580.14,"quantity":1,"pnl":1329.7145204081626,"timestamp":1771315522170}
{"symbol":"GAIL-EQ","action":"SELL","price":236.36,"quantity":1,"pnl":6.330776406035625,"timestamp":1771315522191}
{"symbol":"ABB-EQ","action":"SELL","price":4495.97,"quantity":1,"pnl":0.9890118510957109,"timestamp":1771315522213}
{"symbol":"DLF-EQ","action":"SELL","price":413.81,"quantity":1,"pnl":-61.11388888888882,"timestamp":1771315524196}
{"symbol":"LICI-EQ","action":"SELL","price":604.11,"quantity":1,"pnl":-22.734866071428655,"timestamp":1771315524208}
{"symbol":"VBL-EQ","action":"SELL","price":882.1,"quantity":1,"pnl":13.990000000000009,"timestamp":1771315525195}
{"symbol":"PFC-EQ","action":"SELL","price":212.01,"quantity":1,"pnl":-114.72066852998586,"timestamp":1771315527239}
{"symbol":"VEDL-EQ","action":"SELL","price":336.01,"quantity":1,"pnl":-33.133513227513276,"timestamp":1771315528223}
{"symbol":"ABB-EQ","action":"SELL","price":4732.88,"quantity":1,"pnl":237.89901185109557,"timestamp":1771315528243}
{"symbol":"RECLTD-EQ","action":"SELL","price":245.73,"quantity":1,"pnl":3.6061016666666603,"timestamp":1771315529251}
{"symbol":"ZYDUSLIFE-EQ","action":"SELL","price":1364.37,"quantity":1,"pnl":-209.7559266911544,"timestamp":1771315529272}
{"symbol":"IOC-EQ","action":"SELL","price":215.78,"quantity":1,"pnl":-26.990916666666664,"timestamp":1771315530237}
{"symbol":"ADANIENSOL-EQ","action":"SELL","price":333.73,"quantity":1,"pnl":74.7454654269776,"timestamp":1771315530265}
{"symbol":"HYUNDAI-EQ","action":"SELL","price":7217.07,"quantity":1,"pnl":397.5137500000001,"timestamp":1771315531253}
{"symbol":"LODHA-EQ","action":"SELL","price":779.02,"quantity":1,"pnl":-20.503751714677605,"timestamp":1771315532285}
{"symbol":"VEDL-EQ","action":"SELL","price":355.23,"quantity":1,"pnl":-13.91351322751325,"timestamp":1771315533268}
{"symbol":"BPCL-EQ","action":"BUY","price":361.79,"quantity":1,"timestamp":1771315534273}
{"symbol":"ADANIENSOL-EQ","action":"SELL","price":356.12,"quantity":1,"pnl":97.13546542697759,"timestamp":1771315537299}
{"symbol":"CGPOWER-EQ","action":"BUY","price":370.24,"quantity":1,"timestamp":1771315538299}
{"symbol":"TATAPOWER-EQ","action":"BUY","price":270.02,"quantity":1,"timestamp":1771315539296}
{"symbol":"LICI-EQ","action":"BUY","price":568.69,"quantity":1,"timestamp":1771315539313}
{"symbol":"CANBK-EQ","action":"BUY","price":329.54,"quantity":1,"timestamp":1771315540311}
{"symbol":"ADANIPOWER-EQ","action":"BUY","price":130.24,"quantity":1,"timestamp":1771315541318}
{"symbol":"UNITDSPR-EQ","action":"BUY","price":915.63,"quantity":1,"timestamp":1771315541326}
{"symbol":"SHREECEM-EQ","action":"BUY","price":24811.9,"quantity":1,"timestamp":1771315541329}
{"symbol":"ICICIGI-EQ","action":"BUY","price":194.98,"quantity":1,"timestamp":1771315543330}
{"symbol":"ABB-EQ","action":"BUY","price":4413.1,"quantity":1,"timestamp":1771315543339}
{"symbol":"TORNTPHARM-EQ","action":"BUY","price":4229.29,"quantity":1,"timestamp":1771315544344}
{"symbol":"RECLTD-EQ","action":"BUY","price":246.43,"quantity":1,"timestamp":1771315545356}
{"symbol":"ZYDUSLIFE-EQ","action":"BUY","price":1207.38,"quantity":1,"timestamp":1771315545365}
{"symbol":"SOLARINDS-EQ","action":"BUY","price":7589.81,"quantity":1,"timestamp":1771315547384}
{"symbol":"VEDL-EQ","action":"BUY","price":334.14,"quantity":1,"timestamp":1771315548381}
{"symbol":"CANBK-EQ","action":"BUY","price":311.61,"quantity":1,"timestamp":1771315548389}
{"symbol":"HINDZINC-EQ","action":"BUY","price":324.84,"quantity":1,"timestamp":1771315548400}
{"symbol":"JSWENERGY-EQ","action":"BUY","price":661.15,"quantity":1,"timestamp":1771315548404}
{"symbol":"CHOLAFIN-EQ","action":"SELL","price":934.69,"quantity":1,"pnl":70.8288878038195,"timestamp":1771315549386}
{"symbol":"BRITANNIA-EQ","action":"SELL","price":9016.14,"quantity":1,"pnl":1765.7145204081626,"timestamp":1771315549392}
{"symbol":"PNB-EQ","action":"SELL","price":189.89,"quantity":1,"pnl":14.935000000000002,"timestamp":1771315549401}
{"symbol":"UNITDSPR-EQ","action":"SELL","price":1025.23,"quantity":1,"pnl":109.60000000000002,"timestamp":1771315550411}
{"symbol":"HYUNDAI-EQ","action":"SELL","price":7608.99,"quantity":1,"pnl":789.4337500000001,"timestamp":1771315550416}
{"symbol":"ABB-EQ","action":"SELL","price":4664.24,"quantity":1,"pnl":182.905843209247,"timestamp":1771315550423}
{"symbol":"PIDILITIND-EQ","action":"SELL","price":1936.41,"quantity":1,"pnl":412.66286897197847,"timestamp":1771315551408}
{"symbol":"SOLARINDS-EQ","action":"SELL","price":7974.6,"quantity":1,"pnl":-4252.212844696973,"timestamp":1771315552418}
{"symbol":"TVSMOTOR-EQ","action":"SELL","price":1437.4,"quantity":1,"pnl":-512.645908802629,"timestamp":1771315553417}
{"symbol":"CHOLAFIN-EQ","action":"SELL","price":993.42,"quantity":1,"pnl":129.5588878038194,"timestamp":1771315553423}
{"symbol":"RECLTD-EQ","action":"SELL","price":260.33,"quantity":1,"pnl":17.590944285714244,"timestamp":1771315553430}
{"symbol":"DLF-EQ","action":"SELL","price":463.4,"quantity":1,"pnl":-11.523888888888848,"timestamp":1771315553435}
{"symbol":"IOC-EQ","action":"SELL","price":242.99,"quantity":1,"pnl":0.21908333333331598,"timestamp":1771315554423}
{"symbol":"SHREECEM-EQ","action":"BUY","price":23532.04,"quantity":1,"timestamp":1771315555437}
{"symbol":"BPCL-EQ","action":"BUY","price":342.55,"quantity":1,"timestamp":1771315556442}
{"symbol":"TATAPOWER-EQ","action":"BUY","price":239.98,"quantity":1,"timestamp":1771315556449}
{"symbol":"LTIM-EQ","action":"BUY","price":5121.8,"quantity":1,"timestamp":1771315556454}
{"symbol":"HAVELLS-EQ","action":"BUY","price":1236.23,"quantity":1,"timestamp":1771315556461}
{"symbol":"MAZDOCK-EQ","action":"BUY","price":1394.76,"quantity":1,"timestamp":1771315556468}
{"symbol":"HAL-EQ","action":"SELL","price":4608.91,"quantity":1,"pnl":-694.8145079365077,"timestamp":1771315557450}
{"symbol":"PFC-EQ","action":"SELL","price":210.62,"quantity":1,"pnl":-116.11066852998579,"timestamp":1771315557458}
{"symbol":"VEDL-EQ","action":"SELL","price":351.99,"quantity":1,"pnl":17.850000000000023,"timestamp":1771315558455}
{"symbol":"IOC-EQ","action":"SELL","price":255.53,"quantity":1,"pnl":12.759083333333336,"timestamp":1771315558464}
{"symbol":"TVSMOTOR-EQ","action":"SELL","price":1531.58,"quantity":1,"pnl":-418.4659088026292,"timestamp":1771315559456}
{"symbol":"HAL-EQ","action":"SELL","price":4868.66,"quantity":1,"pnl":-435.06450793650765,"timestamp":1771315560457}
{"symbol":"JINDALSTEL-EQ","action":"SELL","price":427.48,"quantity":1,"pnl":-249.43563358585868,"timestamp":1771315560469}
{"symbol":"SHREECEM-EQ","action":"SELL","price":24878.6,"quantity":1,"pnl":-1137.9888614323063,"timestamp":1771315560473}
{"symbol":"LICI-EQ","action":"SELL","price":601.04,"quantity":1,"pnl":-14.17389285714296,"timestamp":1771315560481}
{"symbol":"ICICIGI-EQ","action":"SELL","price":193.86,"quantity":1,"pnl":-351.9849245301724,"timestamp":1771315561467}
{"symbol":"LTIM-EQ","action":"SELL","price":5443.16,"quantity":1,"pnl":283.51627551020465,"timestamp":1771315562470}
{"symbol":"CGPOWER-EQ","action":"SELL","price":393.85,"quantity":1,"pnl":-100.40036890971908,"timestamp":1771315562479}
{"symbol":"JINDALSTEL-EQ","action":"SELL","price":454.05,"quantity":1,"pnl":-222.8656335858587,"timestamp":1771315564498}
{"symbol":"MAZDOCK-EQ","action":"SELL","price":1468.55,"quantity":1,"pnl":73.78999999999996,"timestamp":1771315564521}
{"symbol":"PFC-EQ","action":"SELL","price":225.18,"quantity":1,"pnl":-101.55066852998578,"timestamp":1771315567518}
{"symbol":"DLF-EQ","action":"SELL","price":458.99,"quantity":1,"pnl":-15.933888888888816,"timestamp":1771315567531}
{"symbol":"ABB-EQ","action":"SELL","price":4677.59,"quantity":1,"pnl":196.25584320924645,"timestamp":1771315567543}
{"symbol":"LTIM-EQ","action":"SELL","price":5822.59,"quantity":1,"pnl":662.9462755102049,"timestamp":1771315568530}
{"symbol":"MOTHERSON-EQ","action":"SELL","price":111.34,"quantity":1,"pnl":-15.75498639949845,"timestamp":1771315568537}
{"symbol":"GODREJCP-EQ","action":"BUY","price":1462.51,"quantity":1,"timestamp":1771315570538}
{"symbol":"ENRIN-EQ","action":"BUY","price":1759.13,"quantity":1,"timestamp":1771315570548}
{"symbol":"MOTHERSON-EQ","action":"BUY","price":105.18,"quantity":1,"timestamp":1771315571538}
{"symbol":"DLF-EQ","action":"BUY","price":431.75,"quantity":1,"timestamp":1771315571546}
{"symbol":"AMBUJACEM-EQ","action":"BUY","price":237.28,"quantity":1,"timestamp":1771315571551}
{"symbol":"SOLARINDS-EQ","action":"BUY","price":7561.65,"quantity":1,"timestamp":1771315571555}
{"symbol":"BPCL-EQ","action":"SELL","price":348.38,"quantity":1,"pnl":-3.7900000000000205,"timestamp":1771315572552}
{"symbol":"ABB-EQ","action":"SELL","price":4913.02,"quantity":1,"pnl":431.68584320924674,"timestamp":1771315572567}
{"symbol":"GODREJCP-EQ","action":"BUY","price":1384.94,"quantity":1,"timestamp":1771315574581}
{"symbol":"BANKBARODA-EQ","action":"BUY","price":172.88,"quantity":1,"timestamp":1771315575589}
{"symbol":"DMART-EQ","action":"BUY","price":7820.37,"quantity":1,"timestamp":1771315575594}
{"symbol":"ENRIN-EQ","action":"BUY","price":1655.71,"quantity":1,"timestamp":1771315575608}
{"symbol":"BAJAJHFL-EQ","action":"BUY","price":168.54,"quantity":1,"timestamp":1771315577607}
{"symbol":"BRITANNIA-EQ","action":"BUY","price":8079.61,"quantity":1,"timestamp":1771315578601}
{"symbol":"LICI-EQ","action":"BUY","price":599.19,"quantity":1,"timestamp":1771315578619}
{"symbol":"PFC-EQ","action":"BUY","price":210.75,"quantity":1,"timestamp":1771315579612}
{"symbol":"DIVISLAB-EQ","action":"BUY","price":7977.19,"quantity":1,"timestamp":1771315580618}
{"symbol":"LODHA-EQ","action":"BUY","price":697.76,"quantity":1,"timestamp":1771315580643}
{"symbol":"GAIL-EQ","action":"BUY","price":237.13,"quantity":1,"timestamp":1771315581630}
{"symbol":"SHREECEM-EQ","action":"BUY","price":23294.35,"quantity":1,"timestamp":1771315581638}
{"symbol":"ENRIN-EQ","action":"BUY","price":1563.65,"quantity":1,"timestamp":1771315581645}
{"symbol":"PNB-EQ","action":"BUY","price":189.39,"quantity":1,"timestamp":1771315583666}
{"symbol":"BANKBARODA-EQ","action":"SELL","price":184.53,"quantity":1,"pnl":11.650000000000006,"timestamp":1771315584662}
{"symbol":"NAUKRI-EQ","action":"SELL","price":848.18,"quantity":1,"pnl":123.33288097306206,"timestamp":1771315584669}
{"symbol":"TORNTPHARM-EQ","action":"SELL","price":4735.64,"quantity":1,"pnl":949.3330446900982,"timestamp":1771315584676}
{"symbol":"AMBUJACEM-EQ","action":"SELL","price":249.98,"quantity":1,"pnl":-98.31819627983546,"timestamp":1771315585685}
{"symbol":"DMART-EQ","action":"SELL","price":8230.31,"quantity":1,"pnl":409.9399999999996,"timestamp":1771315586677}
{"symbol":"PFC-EQ","action":"SELL","price":221.52,"quantity":1,"pnl":-92.32392758220956,"timestamp":1771315586684}
{"symbol":"ADANIGREEN-EQ","action":"SELL","price":822.03,"quantity":1,"pnl":-470.05228571428574,"timestamp":1771315586694}
{"symbol":"NAUKRI-EQ","action":"BUY","price":799.92,"quantity":1,"timestamp":1771315588682}
{"symbol":"ADANIGREEN-EQ","action":"SELL","price":864.19,"quantity":1,"pnl":-427.89228571428566,"timestamp":1771315589708}
{"symbol":"TORNTPHARM-EQ","action":"SELL","price":4727.98,"quantity":1,"pnl":941.673044690097,"timestamp":1771315592721}
{"symbol":"JSWENERGY-EQ","action":"SELL","price":700.93,"quantity":1,"pnl":39.77999999999997,"timestamp":1771315592729}
{"symbol":"CANBK-EQ","action":"BUY","price":295.94,"quantity":1,"timestamp":1771315594726}
{"symbol":"INDHOTEL-EQ","action":"SELL","price":872.17,"quantity":1,"pnl":53.120000000000005,"timestamp":1771315596728}
{"symbol":"TATAPOWER-EQ","action":"BUY","price":226.72,"quantity":1,"timestamp":1771315597741}
{"symbol":"AMBUJACEM-EQ","action":"BUY","price":235.01,"quantity":1,"timestamp":1771315597762}
{"symbol":"ENRIN-EQ","action":"BUY","price":1481.49,"quantity":1,"timestamp":1771315597768}
{"symbol":"PFC-EQ","action":"BUY","price":196.54,"quantity":1,"timestamp":1771315598757}
{"symbol":"NAUKRI-EQ","action":"BUY","price":756.6,"quantity":1,"timestamp":1771315598763}
{"symbol":"CHOLAFIN-EQ","action":"BUY","price":974.74,"quantity":1,"timestamp":1771315599756}
{"symbol":"ADANIPOWER-EQ","action":"BUY","price":125.17,"quantity":1,"timestamp":1771315599763}
{"symbol":"PIDILITIND-EQ","action":"BUY","price":1595.85,"quantity":1,"timestamp":1771315599771}
{"symbol":"SIEMENS-EQ","action":"BUY","price":1482.2,"quantity":1,"timestamp":1771315599779}
{"symbol":"DIVISLAB-EQ","action":"BUY","price":7528.5,"quantity":1,"timestamp":1771315600766}
{"symbol":"ADANIENSOL-EQ","action":"BUY","price":315.95,"quantity":1,"timestamp":1771315601791}
{"symbol":"SHREECEM-EQ","action":"BUY","price":21708.83,"quantity":1,"timestamp":1771315602793}
{"symbol":"ADANIPOWER-EQ","action":"BUY","price":118.05,"quantity":1,"timestamp":1771315603802}
{"symbol":"IOC-EQ","action":"SELL","price":269.03,"quantity":1,"pnl":26.259083333333308,"timestamp":1771315604809}
{"symbol":"HAVELLS-EQ","action":"SELL","price":1392.15,"quantity":1,"pnl":155.92000000000007,"timestamp":1771315604821}
{"symbol":"HAL-EQ","action":"SELL","price":5664.97,"quantity":1,"pnl":361.24549206349275,"timestamp":1771315605811}
{"symbol":"TATAPOWER-EQ","action":"SELL","price":241.41,"quantity":1,"pnl":-4.163333333333355,"timestamp":1771315605818}
{"symbol":"PIDILITIND-EQ","action":"SELL","price":1678.88,"quantity":1,"pnl":143.11572414331545,"timestamp":1771315605827}
{"symbol":"BOSCHLTD-EQ","action":"SELL","price":20194.51,"quantity":1,"pnl":1955.9747988636009,"timestamp":1771315605833}
{"symbol":"ENRIN-EQ","action":"SELL","price":1568.07,"quantity":1,"pnl":-46.924999999999955,"timestamp":1771315605838}
{"symbol":"TVSMOTOR-EQ","action":"BUY","price":1429.25,"quantity":1,"timestamp":1771315606819}
{"symbol":"ICICIGI-EQ","action":"BUY","price":171.7,"quantity":1,"timestamp":1771315606831}
{"symbol":"DMART-EQ","action":"BUY","price":7807.47,"quantity":1,"timestamp":1771315608844}
{"symbol":"ADANIPOWER-EQ","action":"BUY","price":110.6,"quantity":1,"timestamp":1771315608851}
{"symbol":"MOTHERSON-EQ","action":"BUY","price":93.07,"quantity":1,"timestamp":1771315608857}
{"symbol":"TATAPOWER-EQ","action":"SELL","price":256.41,"quantity":1,"pnl":10.836666666666702,"timestamp":1771315610848}
{"symbol":"CANBK-EQ","action":"SELL","price":314.42,"quantity":1,"pnl":2.056666666666615,"timestamp":1771315610856}
{"symbol":"BAJAJHFL-EQ","action":"SELL","price":200.11,"quantity":1,"pnl":31.57000000000002,"timestamp":1771315611857}
{"symbol":"SIEMENS-EQ","action":"SELL","price":1475.02,"quantity":1,"pnl":80.2097788448184,"timestamp":1771315612857}
{"symbol":"CHOLAFIN-EQ","action":"SELL","price":1036.48,"quantity":1,"pnl":61.74000000000001,"timestamp":1771315613853}
{"symbol":"TVSMOTOR-EQ","action":"SELL","price":1507.33,"quantity":1,"pnl":-390.6363179223663,"timestamp":1771315614866}
{"symbol":"HINDZINC-EQ","action":"SELL","price":325.4,"quantity":1,"pnl":2.896495594765611,"timestamp":1771315614885}
{"symbol":"PFC-EQ","action":"SELL","price":209.16,"quantity":1,"pnl":-91.65015785085293,"timestamp":1771315616884}
{"symbol":"TVSMOTOR-EQ","action":"SELL","price":1589.89,"quantity":1,"pnl":-308.0763179223659,"timestamp":1771315617887}
{"symbol":"PNB-EQ","action":"SELL","price":200,"quantity":1,"pnl":10.610000000000014,"timestamp":1771315619900}
{"symbol":"HAL-EQ","action":"BUY","price":5349.58,"quantity":1,"timestamp":1771315620898}
{"symbol":"DMART-EQ","action":"BUY","price":7389.09,"quantity":1,"timestamp":1771315620907}
{"symbol":"DLF-EQ","action":"BUY","price":453.64,"quantity":1,"timestamp":1771315621908}
{"symbol":"CGPOWER-EQ","action":"BUY","price":375.07,"quantity":1,"timestamp":1771315621912}
{"symbol":"SOLARINDS-EQ","action":"BUY","price":6691.03,"quantity":1,"timestamp":1771315621918}
{"symbol":"PFC-EQ","action":"BUY","price":198.14,"quantity":1,"timestamp":1771315622918}
{"symbol":"MOTHERSON-EQ","action":"BUY","price":82.57,"quantity":1,"timestamp":1771315623920}
{"symbol":"LTIM-EQ","action":"BUY","price":5478.52,"quantity":1,"timestamp":1771315624921}
{"symbol":"BAJAJHLDNG-EQ","action":"BUY","price":18756.43,"quantity":1,"timestamp":1771315624927}
{"symbol":"HYUNDAI-EQ","action":"BUY","price":7623.68,"quantity":1,"timestamp":1771315624935}
{"symbol":"BOSCHLTD-EQ","action":"BUY","price":19069.45,"quantity":1,"timestamp":1771315624938}
{"symbol":"VBL-EQ","action":"BUY","price":982.35,"quantity":1,"timestamp":1771315625934}
{"symbol":"NAUKRI-EQ","action":"BUY","price":674.16,"quantity":1,"timestamp":1771315625946}
{"symbol":"JSWENERGY-EQ","action":"BUY","price":744.06,"quantity":1,"timestamp":1771315626956}
{"symbol":"BAJAJHFL-EQ","action":"BUY","price":189.6,"quantity":1,"timestamp":1771315626963}
{"symbol":"SIEMENS-EQ","action":"BUY","price":1378.81,"quantity":1,"timestamp":1771315628970}
{"symbol":"BPCL-EQ","action":"SELL","price":370.88,"quantity":1,"pnl":18.70999999999998,"timestamp":1771315629970}
{"symbol":"GODREJCP-EQ","action":"SELL","price":1558.83,"quantity":1,"pnl":135.10500000000002,"timestamp":1771315629979}
{"symbol":"CGPOWER-EQ","action":"SELL","price":400.2,"quantity":1,"pnl":-54.32357927314604,"timestamp":1771315630988}
{"symbol":"AMBUJACEM-EQ","action":"SELL","price":262.9,"quantity":1,"pnl":-72.81061891540935,"timestamp":1771315630994}
{"symbol":"PIDILITIND-EQ","action":"SELL","price":1885.37,"quantity":1,"pnl":349.605724143315,"timestamp":1771315631988}
{"symbol":"DIVISLAB-EQ","action":"SELL","price":7467.88,"quantity":1,"pnl":-1547.0765000000001,"timestamp":1771315633995}
{"symbol":"VBL-EQ","action":"BUY","price":916.49,"quantity":1,"timestamp":1771315636004}
{"symbol":"ADANIPOWER-EQ","action":"BUY","price":103.32,"quantity":1,"timestamp":1771315636013}
{"symbol":"ADANIGREEN-EQ","action":"BUY","price":904.67,"quantity":1,"timestamp":1771315637026}
{"symbol":"GAIL-EQ","action":"BUY","price":238.27,"quantity":1,"timestamp":1771315638023}
{"symbol":"ICICIGI-EQ","action":"BUY","price":160.94,"quantity":1,"timestamp":1771315639038}
{"symbol":"ABB-EQ","action":"BUY","price":4636.69,"quantity":1,"timestamp":1771315640043}
{"symbol":"VBL-EQ","action":"BUY","price":858.07,"quantity":1,"timestamp":1771315641041}
{"symbol":"TATAPOWER-EQ","action":"BUY","price":222.58,"quantity":1,"timestamp":1771315641047}
{"symbol":"TORNTPHARM-EQ","action":"BUY","price":4445.25,"quantity":1,"timestamp":1771315641055}
{"symbol":"BAJAJHLDNG-EQ","action":"BUY","price":17802.5,"quantity":1,"timestamp":1771315642056}
{"symbol":"DLF-EQ","action":"BUY","price":428.84,"quantity":1,"timestamp":1771315642064}
{"symbol":"ENRIN-EQ","action":"BUY","price":1472.33,"quantity":1,"timestamp":1771315642075}
{"symbol":"MAZDOCK-EQ","action":"BUY","price":1555.03,"quantity":1,"timestamp":1771315643069}
{"symbol":"PIDILITIND-EQ","action":"BUY","price":1766.34,"quantity":1,"timestamp":1771315644066}
{"symbol":"HAVELLS-EQ","action":"BUY","price":1321.06,"quantity":1,"timestamp":1771315644075}
{"symbol":"CANBK-EQ","action":"BUY","price":277.82,"quantity":1,"timestamp":1771315645068}
{"symbol":"ABB-EQ","action":"BUY","price":4368,"quantity":1,"timestamp":1771315646093}
{"symbol":"BPCL-EQ","action":"BUY","price":366.12,"quantity":1,"timestamp":1771315649109}
{"symbol":"BANKBARODA-EQ","action":"BUY","price":204.97,"quantity":1,"timestamp":1771315649124}
{"symbol":"TVSMOTOR-EQ","action":"BUY","price":1506.09,"quantity":1,"timestamp":1771315651132}
{"symbol":"GAIL-EQ","action":"BUY","price":223.9,"quantity":1,"timestamp":1771315651149}
{"symbol":"LICI-EQ","action":"BUY","price":540.41,"quantity":1,"timestamp":1771315652150}
{"symbol":"MOTHERSON-EQ","action":"BUY","price":77.29,"quantity":1,"timestamp":1771315653158}
{"symbol":"ADANIPOWER-EQ","action":"BUY","price":100.93,"quantity":1,"timestamp":1771315654157}
{"symbol":"UNITDSPR-EQ","action":"BUY","price":1086,"quantity":1,"timestamp":1771315654168}
{"symbol":"CHOLAFIN-EQ","action":"BUY","price":922.55,"quantity":1,"timestamp":1771315655160}
{"symbol":"ICICIGI-EQ","action":"BUY","price":151.88,"quantity":1,"timestamp":1771315656178}
{"symbol":"LODHA-EQ","action":"BUY","price":720.73,"quantity":1,"timestamp":1771315657186}
{"symbol":"PIDILITIND-EQ","action":"SELL","price":1857.06,"quantity":1,"pnl":275.18057931465205,"timestamp":1771315658172}
{"symbol":"SOLARINDS-EQ","action":"SELL","price":7459.1,"quantity":1,"pnl":-3917.634037247477,"timestamp":1771315658181}
{"symbol":"TATAPOWER-EQ","action":"BUY","price":210.81,"quantity":1,"timestamp":1771315660173}
{"symbol":"TVSMOTOR-EQ","action":"BUY","price":1416.75,"quantity":1,"timestamp":1771315661183}
{"symbol":"ZYDUSLIFE-EQ","action":"BUY","price":1072.23,"quantity":1,"timestamp":1771315662203}
{"symbol":"PFC-EQ","action":"BUY","price":195.75,"quantity":1,"timestamp":1771315663209}
{"symbol":"BOSCHLTD-EQ","action":"BUY","price":16783.59,"quantity":1,"timestamp":1771315663226}
{"symbol":"BAJAJHFL-EQ","action":"BUY","price":187.06,"quantity":1,"timestamp":1771315663238}
{"symbol":"ABB-EQ","action":"BUY","price":4358.72,"quantity":1,"timestamp":1771315664229}
{"symbol":"PNB-EQ","action":"BUY","price":214.11,"quantity":1,"timestamp":1771315665236}
{"symbol":"NAUKRI-EQ","action":"BUY","price":632.03,"quantity":1,"timestamp":1771315667248}
{"symbol":"AMBUJACEM-EQ","action":"BUY","price":258.73,"quantity":1,"timestamp":1771315667260}
{"symbol":"SOLARINDS-EQ","action":"BUY","price":6959.99,"quantity":1,"timestamp":1771315667265}
{"symbol":"CHOLAFIN-EQ","action":"BUY","price":864.07,"quantity":1,"timestamp":1771315669265}
{"symbol":"SHREECEM-EQ","action":"BUY","price":21360.06,"quantity":1,"timestamp":1771315671277}
{"symbol":"AMBUJACEM-EQ","action":"BUY","price":242.1,"quantity":1,"timestamp":1771315671283}
{"symbol":"VBL-EQ","action":"BUY","price":846.28,"quantity":1,"timestamp":1771315672277}
{"symbol":"ABB-EQ","action":"BUY","price":4129.27,"quantity":1,"timestamp":1771315672293}
{"symbol":"TVSMOTOR-EQ","action":"SELL","price":1566.53,"quantity":1,"pnl":-244.12705433789256,"timestamp":1771315674301}
{"symbol":"NAUKRI-EQ","action":"SELL","price":666.87,"quantity":1,"pnl":-51.86403967564593,"timestamp":1771315674319}
{"symbol":"PNB-EQ","action":"SELL","price":227.21,"quantity":1,"pnl":13.099999999999994,"timestamp":1771315675322}
{"symbol":"BOSCHLTD-EQ","action":"SELL","price":17827.85,"quantity":1,"pnl":-353.95516456614496,"timestamp":1771315675335}
{"symbol":"HAL-EQ","action":"SELL","price":5997.18,"quantity":1,"pnl":681.9916190476197,"timestamp":1771315676329}
{"symbol":"SIEMENS-EQ","action":"SELL","price":1560.07,"quantity":1,"pnl":166.59313060775003,"timestamp":1771315676346}
{"symbol":"DMART-EQ","action":"SELL","price":8017.57,"quantity":1,"pnl":419.28999999999905,"timestamp":1771315677331}
{"symbol":"HYUNDAI-EQ","action":"SELL","price":8973.56,"quantity":1,"pnl":1349.8799999999992,"timestamp":1771315678342}
{"symbol":"TATAPOWER-EQ","action":"BUY","price":213.34,"quantity":1,"timestamp":1771315679343}
{"symbol":"UNITDSPR-EQ","action":"BUY","price":1012.84,"quantity":1,"timestamp":1771315680359}
{"symbol":"PNB-EQ","action":"BUY","price":213.95,"quantity":1,"timestamp":1771315681362}
{"symbol":"ADANIENSOL-EQ","action":"BUY","price":315.96,"quantity":1,"timestamp":1771315681371}
{"symbol":"SIEMENS-EQ","action":"BUY","price":1470.85,"quantity":1,"timestamp":1771315681376}
{"symbol":"ICICIGI-EQ","action":"BUY","price":135.37,"quantity":1,"timestamp":1771315682369}
{"symbol":"TORNTPHARM-EQ","action":"SELL","price":4974.92,"quantity":1,"pnl":968.965363126732,"timestamp":1771315683379}
{"symbol":"BAJAJHFL-EQ","action":"SELL","price":186.95,"quantity":1,"pnl":-1.3799999999999955,"timestamp":1771315684399}
{"symbol":"CHOLAFIN-EQ","action":"SELL","price":913.19,"quantity":1,"pnl":19.88000000000011,"timestamp":1771315685386}
{"symbol":"PFC-EQ","action":"SELL","price":205.86,"quantity":1,"pnl":-74.17712628068233,"timestamp":1771315686390}
{"symbol":"HINDZINC-EQ","action":"SELL","price":406.59,"quantity":1,"pnl":84.08649559476561,"timestamp":1771315686403}
{"symbol":"JINDALSTEL-EQ","action":"BUY","price":465.71,"quantity":1,"timestamp":1771315688416}
{"symbol":"JSWENERGY-EQ","action":"BUY","price":610.09,"quantity":1,"timestamp":1771315688423}
{"symbol":"SIEMENS-EQ","action":"BUY","price":1379.96,"quantity":1,"timestamp":1771315688427}
{"symbol":"IRFC-EQ","action":"BUY","price":110.04,"quantity":1,"timestamp":1771315689439}
{"symbol":"ENRIN-EQ","action":"BUY","price":1464.73,"quantity":1,"timestamp":1771315689454}
{"symbol":"AMBUJACEM-EQ","action":"BUY","price":229.04,"quantity":1,"timestamp":1771315690430}
{"symbol":"BOSCHLTD-EQ","action":"BUY","price":17852.04,"quantity":1,"timestamp":1771315690434}
{"symbol":"ABB-EQ","action":"BUY","price":3895.53,"quantity":1,"timestamp":1771315690442}
{"symbol":"PNB-EQ","action":"BUY","price":200.82,"quantity":1,"timestamp":1771315691430}
{"symbol":"LODHA-EQ","action":"BUY","price":681.08,"quantity":1,"timestamp":1771315691440}
{"symbol":"HINDZINC-EQ","action":"BUY","price":385.63,"quantity":1,"timestamp":1771315691445}
{"symbol":"RECLTD-EQ","action":"SELL","price":329.47,"quantity":1,"pnl":86.73094428571429,"timestamp":1771315692442}
{"symbol":"ADANIENSOL-EQ","action":"SELL","price":337.63,"quantity":1,"pnl":55.85727925618653,"timestamp":1771315693462}
{"symbol":"BPCL-EQ","action":"SELL","price":362.13,"quantity":1,"pnl":-3.990000000000009,"timestamp":1771315694452}
{"symbol":"MOTHERSON-EQ","action":"SELL","price":76.96,"quantity":1,"pnl":-31.35124319974922,"timestamp":1771315695462}
{"symbol":"PIDILITIND-EQ","action":"SELL","price":1957.1,"quantity":1,"pnl":375.220579314652,"timestamp":1771315695470}
{"symbol":"JSWENERGY-EQ","action":"SELL","price":640.69,"quantity":1,"pnl":-36.38499999999999,"timestamp":1771315695489}
{"symbol":"ZYDUSLIFE-EQ","action":"SELL","price":1300.95,"quantity":1,"pnl":-164.59569501836563,"timestamp":1771315695494}
{"symbol":"MAZDOCK-EQ","action":"SELL","price":1843.67,"quantity":1,"pnl":288.6400000000001,"timestamp":1771315695506}
{"symbol":"TATAPOWER-EQ","action":"SELL","price":214.77,"quantity":1,"pnl":-8.30583333333334,"timestamp":1771315698484}
{"symbol":"CHOLAFIN-EQ","action":"SELL","price":904.57,"quantity":1,"pnl":11.260000000000105,"timestamp":1771315700499}
{"symbol":"TORNTPHARM-EQ","action":"SELL","price":5227.47,"quantity":1,"pnl":1221.5153631267322,"timestamp":1771315700512}
{"symbol":"LODHA-EQ","action":"SELL","price":721.13,"quantity":1,"pnl":21.273333333333312,"timestamp":1771315700519}
{"symbol":"IRFC-EQ","action":"SELL","price":116.21,"quantity":1,"pnl":6.1699999999999875,"timestamp":1771315701525}
{"symbol":"ADANIPOWER-EQ","action":"SELL","price":100.78,"quantity":1,"pnl":-13.938333333333361,"timestamp":1771315702518}
{"symbol":"HAVELLS-EQ","action":"SELL","price":1481.35,"quantity":1,"pnl":160.28999999999996,"timestamp":1771315702528}
{"symbol":"PFC-EQ","action":"SELL","price":195.87,"quantity":1,"pnl":-84.16712628068228,"timestamp":1771315704548}
{"symbol":"HINDZINC-EQ","action":"SELL","price":412.39,"quantity":1,"pnl":26.75999999999999,"timestamp":1771315705552}
{"symbol":"DIVISLAB-EQ","action":"SELL","price":7916.31,"quantity":1,"pnl":-1098.6464999999998,"timestamp":1771315706553}
{"symbol":"TATAPOWER-EQ","action":"SELL","price":229.73,"quantity":1,"pnl":6.65416666666664,"timestamp":1771315707559}
{"symbol":"JINDALSTEL-EQ","action":"SELL","price":499.1,"quantity":1,"pnl":-156.69507022727282,"timestamp":1771315707573}
{"symbol":"AMBUJACEM-EQ","action":"SELL","price":243.65,"quantity":1,"pnl":-66.85499557484312,"timestamp":1771315707578}
{"symbol":"ZYDUSLIFE-EQ","action":"SELL","price":1382.7,"quantity":1,"pnl":-82.84569501836563,"timestamp":1771315707584}
{"symbol":"ICICIGI-EQ","action":"SELL","price":142.21,"quantity":1,"pnl":-316.77438574568964,"timestamp":1771315709581}
{"symbol":"ADANIGREEN-EQ","action":"SELL","price":1084.27,"quantity":1,"pnl":-110.95921428571432,"timestamp":1771315709593}
{"symbol":"JSWENERGY-EQ","action":"SELL","price":680.47,"quantity":1,"pnl":3.394999999999982,"timestamp":1771315709597}
{"symbol":"LTIM-EQ","action":"SELL","price":6422.04,"quantity":1,"pnl":943.5199999999995,"timestamp":1771315710585}
{"symbol":"ADANIENSOL-EQ","action":"SELL","price":355.08,"quantity":1,"pnl":73.30727925618652,"timestamp":1771315710599}
{"symbol":"DIVISLAB-EQ","action":"SELL","price":8353.78,"quantity":1,"pnl":-661.1764999999996,"timestamp":1771315711593}
{"symbol":"BRITANNIA-EQ","action":"SELL","price":10138.13,"quantity":1,"pnl":2058.5199999999995,"timestamp":1771315711611}
{"symbol":"AMBUJACEM-EQ","action":"SELL","price":256.43,"quantity":1,"pnl":-54.074995574843115,"timestamp":1771315711635}
{"symbol":"ZYDUSLIFE-EQ","action":"SELL","price":1480.29,"quantity":1,"pnl":14.744304981634059,"timestamp":1771315711645}
{"symbol":"CANBK-EQ","action":"SELL","price":274.88,"quantity":1,"pnl":-25.9688888888889,"timestamp":1771315712629}
{"symbol":"HAL-EQ","action":"SELL","price":6698.97,"quantity":1,"pnl":1383.7816190476196,"timestamp":1771315715641}
{"symbol":"PFC-EQ","action":"SELL","price":207.2,"quantity":1,"pnl":-72.8371262806823,"timestamp":1771315716662}
{"symbol":"PNB-EQ","action":"SELL","price":211.49,"quantity":1,"pnl":4.105000000000018,"timestamp":1771315717672}
{"symbol":"ABB-EQ","action":"SELL","price":3872.61,"quantity":1,"pnl":-481.4165587965331,"timestamp":1771315717678}
{"symbol":"BAJAJHFL-EQ","action":"SELL","price":188.86,"quantity":1,"pnl":0.5300000000000296,"timestamp":1771315717684}
{"symbol":"SIEMENS-EQ","action":"SELL","price":1350.77,"quantity":1,"pnl":-47.61888948574983,"timestamp":1771315718732}
{"symbol":"ICICIGI-EQ","action":"SELL","price":152.39,"quantity":1,"pnl":-306.5943857456896,"timestamp":1771315719691}
{"symbol":"BANKBARODA-EQ","action":"BUY","price":194.6,"quantity":1,"timestamp":1771315720703}
{"symbol":"ADANIENSOL-EQ","action":"BUY","price":335.52,"quantity":1,"timestamp":1771315720718}
{"symbol":"ABB-EQ","action":"BUY","price":3675.52,"quantity":1,"timestamp":1771315720724}
{"symbol":"CHOLAFIN-EQ","action":"BUY","price":858.14,"quantity":1,"timestamp":1771315721714}
{"symbol":"HAL-EQ","action":"BUY","price":6324.41,"quantity":1,"timestamp":1771315722717}
{"symbol":"IOC-EQ","action":"BUY","price":295.9,"quantity":1,"timestamp":1771315722727}
{"symbol":"CGPOWER-EQ","action":"BUY","price":371.78,"quantity":1,"timestamp":1771315722739}
{"symbol":"SHREECEM-EQ","action":"BUY","price":19775.93,"quantity":1,"timestamp":1771315722744}
{"symbol":"LODHA-EQ","action":"BUY","price":678.66,"quantity":1,"timestamp":1771315722751}
{"symbol":"PIDILITIND-EQ","action":"BUY","price":1856.59,"quantity":1,"timestamp":1771315723736}
{"symbol":"ICICIGI-EQ","action":"BUY","price":144.04,"quantity":1,"timestamp":1771315724744}
{"symbol":"TORNTPHARM-EQ","action":"BUY","price":4899.82,"quantity":1,"timestamp":1771315725745}
{"symbol":"ADANIENSOL-EQ","action":"BUY","price":317.26,"quantity":1,"timestamp":1771315725759}
{"symbol":"INDHOTEL-EQ","action":"BUY","price":917.83,"quantity":1,"timestamp":1771315726749}
{"symbol":"DLF-EQ","action":"BUY","price":448.34,"quantity":1,"timestamp":1771315727773}
{"symbol":"ADANIGREEN-EQ","action":"BUY","price":1026.89,"quantity":1,"timestamp":1771315727783}
{"symbol":"BANKBARODA-EQ","action":"BUY","price":184.49,"quantity":1,"timestamp":1771315728766}
{"symbol":"GODREJCP-EQ","action":"BUY","price":1447.82,"quantity":1,"timestamp":1771315728776}
{"symbol":"SOLARINDS-EQ","action":"BUY","price":5851.92,"quantity":1,"timestamp":1771315728789}
{"symbol":"MOTHERSON-EQ","action":"BUY","price":72.6,"quantity":1,"timestamp":1771315731793}
{"symbol":"JINDALSTEL-EQ","action":"BUY","price":470.7,"quantity":1,"timestamp":1771315731803}
{"symbol":"DLF-EQ","action":"BUY","price":424.01,"quantity":1,"timestamp":1771315732796}
{"symbol":"TATAPOWER-EQ","action":"SELL","price":245.15,"quantity":1,"pnl":22.074166666666628,"timestamp":1771315733803}
{"symbol":"CHOLAFIN-EQ","action":"BUY","price":813.52,"quantity":1,"timestamp":1771315734803}
{"symbol":"LTIM-EQ","action":"BUY","price":6073.3,"quantity":1,"timestamp":1771315734812}
{"symbol":"PNB-EQ","action":"BUY","price":199.63,"quantity":1,"timestamp":1771315734820}
{"symbol":"VEDL-EQ","action":"BUY","price":395.15,"quantity":1,"timestamp":1771315735804}
{"symbol":"TVSMOTOR-EQ","action":"BUY","price":1465.83,"quantity":1,"timestamp":1771315735808}
{"symbol":"AMBUJACEM-EQ","action":"BUY","price":254.22,"quantity":1,"timestamp":1771315735820}
{"symbol":"MAZDOCK-EQ","action":"BUY","price":1733.03,"quantity":1,"timestamp":1771315736832}
{"symbol":"PNB-EQ","action":"BUY","price":186.82,"quantity":1,"timestamp":1771315737844}
{"symbol":"LICI-EQ","action":"BUY","price":537.01,"quantity":1,"timestamp":1771315737865}
{"symbol":"BANKBARODA-EQ","action":"BUY","price":173.74,"quantity":1,"timestamp":1771315738841}
{"symbol":"HAVELLS-EQ","action":"BUY","price":1330.71,"quantity":1,"timestamp":1771315738886}
{"symbol":"HAL-EQ","action":"BUY","price":5997.46,"quantity":1,"timestamp":1771315740854}
{"symbol":"LODHA-EQ","action":"BUY","price":642.9,"quantity":1,"timestamp":1771315740873}
{"symbol":"IOC-EQ","action":"BUY","price":278.32,"quantity":1,"timestamp":1771315741859}
{"symbol":"DMART-EQ","action":"BUY","price":7271.11,"quantity":1,"timestamp":1771315741865}
{"symbol":"INDHOTEL-EQ","action":"BUY","price":868.01,"quantity":1,"timestamp":1771315742867}
{"symbol":"IRFC-EQ","action":"BUY","price":110.17,"quantity":1,"timestamp":1771315742883}
{"symbol":"ICICIGI-EQ","action":"BUY","price":143.36,"quantity":1,"timestamp":1771315743879}
{"symbol":"TATAPOWER-EQ","action":"BUY","price":248.29,"quantity":1,"timestamp":1771315745888}
{"symbol":"CANBK-EQ","action":"BUY","price":275.93,"quantity":1,"timestamp":1771315746895}
{"symbol":"BPCL-EQ","action":"BUY","price":358.28,"quantity":1,"timestamp":1771315747903}
{"symbol":"VEDL-EQ","action":"BUY","price":373.26,"quantity":1,"timestamp":1771315748911}
{"symbol":"NAUKRI-EQ","action":"BUY","price":710.17,"quantity":1,"timestamp":1771315748921}
{"symbol":"PNB-EQ","action":"BUY","price":177.21,"quantity":1,"timestamp":1771315748928}
{"symbol":"AMBUJACEM-EQ","action":"BUY","price":238.66,"quantity":1,"timestamp":1771315748933}
{"symbol":"BAJAJHLDNG-EQ","action":"BUY","price":17200.43,"quantity":1,"timestamp":1771315751937}
{"symbol":"PIDILITIND-EQ","action":"BUY","price":1833.34,"quantity":1,"timestamp":1771315752936}
{"symbol":"RECLTD-EQ","action":"BUY","price":309.27,"quantity":1,"timestamp":1771315752940}
{"symbol":"HAL-EQ","action":"BUY","price":5665.67,"quantity":1,"timestamp":1771315753931}
{"symbol":"DIVISLAB-EQ","action":"BUY","price":8942.96,"quantity":1,"timestamp":1771315754942}
{"symbol":"IRFC-EQ","action":"BUY","price":103.29,"quantity":1,"timestamp":1771315754960}
{"symbol":"BPCL-EQ","action":"BUY","price":338.6,"quantity":1,"timestamp":1771315755947}
{"symbol":"ABB-EQ","action":"BUY","price":4112.09,"quantity":1,"timestamp":1771315755961}
{"symbol":"ZYDUSLIFE-EQ","action":"BUY","price":1541.65,"quantity":1,"timestamp":1771315755964}
{"symbol":"SHREECEM-EQ","action":"BUY","price":20597.61,"quantity":1,"timestamp":1771315756951}
{"symbol":"UNITDSPR-EQ","action":"BUY","price":1070.83,"quantity":1,"timestamp":1771315757953}
{"symbol":"JSWENERGY-EQ","action":"BUY","price":678.86,"quantity":1,"timestamp":1771315757960}
{"symbol":"BRITANNIA-EQ","action":"BUY","price":11833.49,"quantity":1,"timestamp":1771315758950}
{"symbol":"VBL-EQ","action":"BUY","price":842.01,"quantity":1,"timestamp":1771315758957}
{"symbol":"TATAPOWER-EQ","action":"BUY","price":233.34,"quantity":1,"timestamp":1771315758960}
{"symbol":"PNB-EQ","action":"BUY","price":166.98,"quantity":1,"timestamp":1771315758968}
{"symbol":"SOLARINDS-EQ","action":"BUY","price":6506.74,"quantity":1,"timestamp":1771315758975}
{"symbol":"ICICIGI-EQ","action":"BUY","price":136.15,"quantity":1,"timestamp":1771315759955}
{"symbol":"INDHOTEL-EQ","action":"BUY","price":895.28,"quantity":1,"timestamp":1771315760963}
{"symbol":"PIDILITIND-EQ","action":"BUY","price":1705.95,"quantity":1,"timestamp":1771315760972}
{"symbol":"SHREECEM-EQ","action":"BUY","price":19485.93,"quantity":1,"timestamp":1771315760979}
{"symbol":"SIEMENS-EQ","action":"SELL","price":1604.34,"quantity":1,"pnl":205.95111051424988,"timestamp":1771315761986}
{"symbol":"PNB-EQ","action":"SELL","price":175.39,"quantity":1,"pnl":-12.215000000000032,"timestamp":1771315762995}
{"symbol":"ADANIPOWER-EQ","action":"BUY","price":106.2,"quantity":1,"timestamp":1771315764000}
{"symbol":"GAIL-EQ","action":"BUY","price":240.45,"quantity":1,"timestamp":1771315764010}
{"symbol":"HAL-EQ","action":"BUY","price":5351.06,"quantity":1,"timestamp":1771315766013}
{"symbol":"VBL-EQ","action":"BUY","price":797.08,"quantity":1,"timestamp":1771315766025}
{"symbol":"CHOLAFIN-EQ","action":"SELL","price":915.61,"quantity":1,"pnl":79.78000000000009,"timestamp":1771315767020}
{"symbol":"AMBUJACEM-EQ","action":"SELL","price":253.42,"quantity":1,"pnl":-45.43681456123525,"timestamp":1771315767033}
{"symbol":"ZYDUSLIFE-EQ","action":"SELL","price":1633.95,"quantity":1,"pnl":155.72025415136181,"timestamp":1771315768031}
{"symbol":"PFC-EQ","action":"SELL","price":259.57,"quantity":1,"pnl":-20.467126280682294,"timestamp":1771315769034}
{"symbol":"ADANIGREEN-EQ","action":"SELL","price":1146.66,"quantity":1,"pnl":-6.4844107142857865,"timestamp":1771315770042}
{"symbol":"CHOLAFIN-EQ","action":"SELL","price":965.7,"quantity":1,"pnl":129.87000000000012,"timestamp":1771315771052}
{"symbol":"DMART-EQ","action":"SELL","price":8709.46,"quantity":1,"pnl":1274.7649999999994,"timestamp":1771315771061}
{"symbol":"CANBK-EQ","action":"SELL","price":311.82,"quantity":1,"pnl":19.277407407407395,"timestamp":1771315771066}
{"symbol":"RECLTD-EQ","action":"SELL","price":346.11,"quantity":1,"pnl":92.28245357142859,"timestamp":1771315771074}
{"symbol":"ADANIPOWER-EQ","action":"SELL","price":112.89,"quantity":1,"pnl":-0.4086111111111421,"timestamp":1771315772054}
{"symbol":"GAIL-EQ","action":"SELL","price":254.54,"quantity":1,"pnl":23.000537511870817,"timestamp":1771315773061}
{"symbol":"DIVISLAB-EQ","action":"SELL","price":8914.92,"quantity":1,"pnl":-88.0370833333327,"timestamp":1771315774066}
{"symbol":"IOC-EQ","action":"SELL","price":335.01,"quantity":1,"pnl":47.89999999999998,"timestamp":1771315774082}
{"symbol":"GODREJCP-EQ","action":"SELL","price":1446.33,"quantity":1,"pnl":10.55749999999989,"timestamp":1771315774089}
{"symbol":"PNB-EQ","action":"BUY","price":165.86,"quantity":1,"timestamp":1771315776096}
{"symbol":"HAL-EQ","action":"SELL","price":5293.12,"quantity":1,"pnl":-368.37612698412613,"timestamp":1771315777100}
{"symbol":"MOTHERSON-EQ","action":"SELL","price":75.95,"quantity":1,"pnl":-27.89733779978056,"timestamp":1771315778111}
{"symbol":"SIEMENS-EQ","action":"SELL","price":1686.14,"quantity":1,"pnl":287.75111051425006,"timestamp":1771315779129}
{"symbol":"VEDL-EQ","action":"SELL","price":368.4,"quantity":1,"pnl":-15.805000000000007,"timestamp":1771315780118}
{"symbol":"INDHOTEL-EQ","action":"SELL","price":1000.93,"quantity":1,"pnl":107.22333333333336,"timestamp":1771315781126}
{"symbol":"LTIM-EQ","action":"SELL","price":6419.77,"quantity":1,"pnl":346.47000000000025,"timestamp":1771315781135}
{"symbol":"JINDALSTEL-EQ","action":"SELL","price":529.09,"quantity":1,"pnl":-108.19556320454546,"timestamp":1771315781144}
{"symbol":"ADANIGREEN-EQ","action":"SELL","price":1132.11,"quantity":1,"pnl":-21.03441071428597,"timestamp":1771315781150}
{"symbol":"LICI-EQ","action":"SELL","price":598.54,"quantity":1,"pnl":7.473489795918226,"timestamp":1771315782159}
{"symbol":"VEDL-EQ","action":"SELL","price":389.4,"quantity":1,"pnl":5.194999999999993,"timestamp":1771315783151}
{"symbol":"BPCL-EQ","action":"SELL","price":341.35,"quantity":1,"pnl":-7.089999999999975,"timestamp":1771315783172}
{"symbol":"CANBK-EQ","action":"SELL","price":333.75,"quantity":1,"pnl":41.20740740740746,"timestamp":1771315783188}
{"symbol":"NAUKRI-EQ","action":"SELL","price":793.53,"quantity":1,"pnl":76.223300270295,"timestamp":1771315784164}
{"symbol":"TORNTPHARM-EQ","action":"SELL","price":5905.99,"quantity":1,"pnl":1453.1026815633659,"timestamp":1771315784180}
{"symbol":"UNITDSPR-EQ","action":"SELL","price":1079.69,"quantity":1,"pnl":23.13333333333344,"timestamp":1771315784188}
{"symbol":"HAL-EQ","action":"SELL","price":5610.36,"quantity":1,"pnl":-51.13612698412635,"timestamp":1771315785174}
{"symbol":"GODREJCP-EQ","action":"SELL","price":1524.42,"quantity":1,"pnl":88.64750000000004,"timestamp":1771315785197}
{"symbol":"ZYDUSLIFE-EQ","action":"SELL","price":1734.76,"quantity":1,"pnl":256.53025415136176,"timestamp":1771315785252}
{"symbol":"ADANIPOWER-EQ","action":"SELL","price":112.7,"quantity":1,"pnl":-0.5986111111111256,"timestamp":1771315786179}
{"symbol":"ICICIGI-EQ","action":"SELL","price":133.28,"quantity":1,"pnl":-275.5252722068965,"timestamp":1771315789198}
{"symbol":"TVSMOTOR-EQ","action":"BUY","price":1484.79,"quantity":1,"timestamp":1771315790194}
{"symbol":"DMART-EQ","action":"BUY","price":8266.78,"quantity":1,"timestamp":1771315790202}
{"symbol":"HAVELLS-EQ","action":"BUY","price":1338.59,"quantity":1,"timestamp":1771315790213}
{"symbol":"SIEMENS-EQ","action":"BUY","price":1598.82,"quantity":1,"timestamp":1771315790219}
{"symbol":"SHREECEM-EQ","action":"BUY","price":18329.78,"quantity":1,"timestamp":1771315791216}
{"symbol":"JSWENERGY-EQ","action":"BUY","price":639.94,"quantity":1,"timestamp":1771315791226}
{"symbol":"LODHA-EQ","action":"BUY","price":637.03,"quantity":1,"timestamp":1771315792236}
{"symbol":"ADANIGREEN-EQ","action":"BUY","price":1073.93,"quantity":1,"timestamp":1771315792240}
{"symbol":"HAL-EQ","action":"SELL","price":5983.9,"quantity":1,"pnl":322.4038730158736,"timestamp":1771315793223}
{"symbol":"RECLTD-EQ","action":"SELL","price":348.07,"quantity":1,"pnl":94.24245357142854,"timestamp":1771315793234}
{"symbol":"TVSMOTOR-EQ","action":"SELL","price":1587,"quantity":1,"pnl":-162.68486264009402,"timestamp":1771315795250}
{"symbol":"DIVISLAB-EQ","action":"SELL","price":9399.39,"quantity":1,"pnl":396.43291666666664,"timestamp":1771315795257}
{"symbol":"BAJAJHLDNG-EQ","action":"SELL","price":18134.77,"quantity":1,"pnl":214.98333333333358,"timestamp":1771315796258}
{"symbol":"DMART-EQ","action":"SELL","price":8739.18,"quantity":1,"pnl":888.4425000000001,"timestamp":1771315797265}
{"symbol":"PIDILITIND-EQ","action":"SELL","price":1703.33,"quantity":1,"pnl":13.07695632399259,"timestamp":1771315797276}
{"symbol":"IOC-EQ","action":"SELL","price":334.63,"quantity":1,"pnl":47.51999999999998,"timestamp":1771315799279}
{"symbol":"LICI-EQ","action":"SELL","price":593.96,"quantity":1,"pnl":2.893489795918299,"timestamp":1771315799297}
{"symbol":"HAVELLS-EQ","action":"SELL","price":1421.88,"quantity":1,"pnl":87.23000000000002,"timestamp":1771315800295}
{"symbol":"GAIL-EQ","action":"SELL","price":269.81,"quantity":1,"pnl":38.27053751187083,"timestamp":1771315802309}
{"symbol":"BRITANNIA-EQ","action":"SELL","price":11914.08,"quantity":1,"pnl":80.59000000000015,"timestamp":1771315803306}
{"symbol":"BAJAJHLDNG-EQ","action":"SELL","price":19278.35,"quantity":1,"pnl":1358.5633333333317,"timestamp":1771315803318}
{"symbol":"CANBK-EQ","action":"SELL","price":328.52,"quantity":1,"pnl":35.97740740740744,"timestamp":1771315804314}
{"symbol":"PFC-EQ","action":"SELL","price":257.5,"quantity":1,"pnl":-22.537126280682287,"timestamp":1771315805316}
{"symbol":"BPCL-EQ","action":"BUY","price":323.91,"quantity":1,"timestamp":1771315810349}
{"symbol":"ICICIGI-EQ","action":"BUY","price":117.97,"quantity":1,"timestamp":1771315810360}
{"symbol":"SOLARINDS-EQ","action":"BUY","price":6179.62,"quantity":1,"timestamp":1771315810369}
{"symbol":"INDHOTEL-EQ","action":"BUY","price":839.17,"quantity":1,"timestamp":1771315811353}
{"symbol":"IOC-EQ","action":"BUY","price":298.85,"quantity":1,"timestamp":1771315811358}
{"symbol":"RECLTD-EQ","action":"BUY","price":307.31,"quantity":1,"timestamp":1771315811366}
{"symbol":"CGPOWER-EQ","action":"BUY","price":442.05,"quantity":1,"timestamp":1771315811372}
{"symbol":"ADANIENSOL-EQ","action":"BUY","price":316.48,"quantity":1,"timestamp":1771315811380}
{"symbol":"LODHA-EQ","action":"BUY","price":604.62,"quantity":1,"timestamp":1771315812379}
{"symbol":"LICI-EQ","action":"BUY","price":527.3,"quantity":1,"timestamp":1771315812400}
{"symbol":"GAIL-EQ","action":"BUY","price":254.74,"quantity":1,"timestamp":1771315813378}
{"symbol":"JINDALSTEL-EQ","action":"BUY","price":497.39,"quantity":1,"timestamp":1771315813387}
{"symbol":"BOSCHLTD-EQ","action":"BUY","price":15282.06,"quantity":1,"timestamp":1771315813392}
{"symbol":"DIVISLAB-EQ","action":"BUY","price":8906.58,"quantity":1,"timestamp":1771315814382}
{"symbol":"HINDZINC-EQ","action":"BUY","price":368.81,"quantity":1,"timestamp":1771315814399}
{"symbol":"CHOLAFIN-EQ","action":"BUY","price":1009.49,"quantity":1,"timestamp":1771315815398}
{"symbol":"ADANIGREEN-EQ","action":"BUY","price":948.96,"quantity":1,"timestamp":1771315815426}
{"symbol":"SHREECEM-EQ","action":"BUY","price":17322.01,"quantity":1,"timestamp":1771315817417}
{"symbol":"LODHA-EQ","action":"BUY","price":571.98,"quantity":1,"timestamp":1771315817424}
{"symbol":"VBL-EQ","action":"SELL","price":841.52,"quantity":1,"pnl":-32.1933333333335,"timestamp":1771315821445}
{"symbol":"RECLTD-EQ","action":"SELL","price":328.13,"quantity":1,"pnl":63.605962857142856,"timestamp":1771315821456}
{"symbol":"JINDALSTEL-EQ","action":"SELL","price":526.04,"quantity":1,"pnl":-97.256006884091,"timestamp":1771315821463}
{"symbol":"BOSCHLTD-EQ","action":"SELL","price":16213.31,"quantity":1,"pnl":-1699.3693038051224,"timestamp":1771315821471}
{"symbol":"ADANIGREEN-EQ","action":"BUY","price":901.02,"quantity":1,"timestamp":1771315823482}
{"symbol":"BPCL-EQ","action":"BUY","price":305.97,"quantity":1,"timestamp":1771315824472}
{"symbol":"INDHOTEL-EQ","action":"BUY","price":795,"quantity":1,"timestamp":1771315824480}
{"symbol":"JINDALSTEL-EQ","action":"BUY","price":497.37,"quantity":1,"timestamp":1771315824496}
{"symbol":"VEDL-EQ","action":"BUY","price":366.56,"quantity":1,"timestamp":1771315825471}
{"symbol":"ABB-EQ","action":"BUY","price":3665.33,"quantity":1,"timestamp":1771315825492}
{"symbol":"HAVELLS-EQ","action":"BUY","price":1280.39,"quantity":1,"timestamp":1771315827488}
{"symbol":"IRFC-EQ","action":"BUY","price":81.31,"quantity":1,"timestamp":1771315828495}
{"symbol":"GODREJCP-EQ","action":"BUY","price":1599.23,"quantity":1,"timestamp":1771315830496}
{"symbol":"JINDALSTEL-EQ","action":"BUY","price":471.18,"quantity":1,"timestamp":1771315831508}
{"symbol":"BPCL-EQ","action":"SELL","price":325.16,"quantity":1,"pnl":-0.9466666666666583,"timestamp":1771315832514}
{"symbol":"RECLTD-EQ","action":"SELL","price":346.75,"quantity":1,"pnl":82.22596285714286,"timestamp":1771315832567}
{"symbol":"HAL-EQ","action":"SELL","price":5974.17,"quantity":1,"pnl":312.67387301587405,"timestamp":1771315834538}
{"symbol":"BANKBARODA-EQ","action":"SELL","price":194.68,"quantity":1,"pnl":5.230000000000018,"timestamp":1771315834549}
{"symbol":"ADANIENSOL-EQ","action":"SELL","price":350.42,"quantity":1,"pnl":47.99030629475993,"timestamp":1771315834564}
{"symbol":"HINDZINC-EQ","action":"SELL","price":387.51,"quantity":1,"pnl":18.69999999999999,"timestamp":1771315834574}
{"symbol":"GODREJCP-EQ","action":"SELL","price":1690.07,"quantity":1,"pnl":90.83999999999992,"timestamp":1771315835546}
{"symbol":"DLF-EQ","action":"SELL","price":474.56,"quantity":1,"pnl":26.49888888888887,"timestamp":1771315835555}
{"symbol":"IRFC-EQ","action":"SELL","price":86.65,"quantity":1,"pnl":-11.606666666666655,"timestamp":1771315835563}
{"symbol":"BAJAJHFL-EQ","action":"BUY","price":246.34,"quantity":1,"timestamp":1771315836576}
{"symbol":"UNITDSPR-EQ","action":"BUY","price":1024.2,"quantity":1,"timestamp":1771315837564}
{"symbol":"ADANIGREEN-EQ","action":"BUY","price":853.58,"quantity":1,"timestamp":1771315837575}
{"symbol":"INDHOTEL-EQ","action":"BUY","price":754.06,"quantity":1,"timestamp":1771315838566}
{"symbol":"PIDILITIND-EQ","action":"BUY","price":1613.68,"quantity":1,"timestamp":1771315838576}
{"symbol":"PNB-EQ","action":"BUY","price":155.91,"quantity":1,"timestamp":1771315838581}
{"symbol":"JINDALSTEL-EQ","action":"BUY","price":441.86,"quantity":1,"timestamp":1771315838585}
{"symbol":"IOC-EQ","action":"BUY","price":282.88,"quantity":1,"timestamp":1771315840578}
{"symbol":"HAVELLS-EQ","action":"BUY","price":1197.2,"quantity":1,"timestamp":1771315840597}
{"symbol":"TORNTPHARM-EQ","action":"BUY","price":5522.34,"quantity":1,"timestamp":1771315843615}
{"symbol":"JINDALSTEL-EQ","action":"BUY","price":419.27,"quantity":1,"timestamp":1771315843620}
{"symbol":"PFC-EQ","action":"BUY","price":252.98,"quantity":1,"timestamp":1771315844611}
{"symbol":"ADANIENSOL-EQ","action":"SELL","price":395.35,"quantity":1,"pnl":92.92030629475994,"timestamp":1771315845637}
{"symbol":"TVSMOTOR-EQ","action":"SELL","price":1675.43,"quantity":1,"pnl":-74.25486264009396,"timestamp":1771315846624}
{"symbol":"IOC-EQ","action":"SELL","price":298.62,"quantity":1,"pnl":7.7549999999999955,"timestamp":1771315846632}
{"symbol":"NAUKRI-EQ","action":"SELL","price":747.95,"quantity":1,"pnl":30.643300270295185,"timestamp":1771315846637}
{"symbol":"RECLTD-EQ","action":"SELL","price":387.32,"quantity":1,"pnl":122.79596285714285,"timestamp":1771315848646}
{"symbol":"AMBUJACEM-EQ","action":"SELL","price":269.5,"quantity":1,"pnl":-29.35681456123524,"timestamp":1771315849654}
{"symbol":"JSWENERGY-EQ","action":"SELL","price":721.6,"quantity":1,"pnl":62.19999999999993,"timestamp":1771315849660}
{"symbol":"DLF-EQ","action":"SELL","price":501.93,"quantity":1,"pnl":53.868888888888875,"timestamp":1771315850650}
{"symbol":"BAJAJHFL-EQ","action":"SELL","price":275.24,"quantity":1,"pnl":28.900000000000006,"timestamp":1771315850662}
{"symbol":"HAL-EQ","action":"SELL","price":6685.47,"quantity":1,"pnl":1023.9738730158742,"timestamp":1771315851650}
{"symbol":"HAVELLS-EQ","action":"SELL","price":1264.42,"quantity":1,"pnl":-6.326666666666597,"timestamp":1771315851665}
{"symbol":"IRFC-EQ","action":"SELL","price":91.31,"quantity":1,"pnl":-6.946666666666658,"timestamp":1771315852669}
{"symbol":"BANKBARODA-EQ","action":"SELL","price":193.7,"quantity":1,"pnl":4.250000000000028,"timestamp":1771315854678}
{"symbol":"UNITDSPR-EQ","action":"SELL","price":1078.38,"quantity":1,"pnl":32.60888888888894,"timestamp":1771315854689}
{"symbol":"ZYDUSLIFE-EQ","action":"SELL","price":1630.95,"quantity":1,"pnl":152.72025415136181,"timestamp":1771315854695}
{"symbol":"HAVELLS-EQ","action":"SELL","price":1340.78,"quantity":1,"pnl":70.03333333333353,"timestamp":1771315855697}
{"symbol":"BAJAJHLDNG-EQ","action":"SELL","price":20523.42,"quantity":1,"pnl":2603.6333333333314,"timestamp":1771315856692}
{"symbol":"ICICIGI-EQ","action":"SELL","price":126.04,"quantity":1,"pnl":-267.45815261705974,"timestamp":1771315857703}
{"symbol":"CHOLAFIN-EQ","action":"BUY","price":990.47,"quantity":1,"timestamp":1771315858701}
{"symbol":"TORNTPHARM-EQ","action":"BUY","price":5178.84,"quantity":1,"timestamp":1771315858716}
{"symbol":"SOLARINDS-EQ","action":"BUY","price":5841.13,"quantity":1,"timestamp":1771315860730}
{"symbol":"BAJAJHFL-EQ","action":"BUY","price":260.28,"quantity":1,"timestamp":1771315860737}
{"symbol":"DIVISLAB-EQ","action":"BUY","price":7840.64,"quantity":1,"timestamp":1771315861723}
{"symbol":"TATAPOWER-EQ","action":"BUY","price":155.47,"quantity":1,"timestamp":1771315862729}
{"symbol":"ADANIENSOL-EQ","action":"BUY","price":374.59,"quantity":1,"timestamp":1771315862744}
{"symbol":"JSWENERGY-EQ","action":"BUY","price":680.07,"quantity":1,"timestamp":1771315862749}
{"symbol":"BPCL-EQ","action":"BUY","price":324.64,"quantity":1,"timestamp":1771315863731}
{"symbol":"CGPOWER-EQ","action":"BUY","price":441.24,"quantity":1,"timestamp":1771315863755}
{"symbol":"RECLTD-EQ","action":"BUY","price":366.65,"quantity":1,"timestamp":1771315864798}
{"symbol":"AMBUJACEM-EQ","action":"BUY","price":272.07,"quantity":1,"timestamp":1771315864870}
{"symbol":"LODHA-EQ","action":"BUY","price":529.23,"quantity":1,"timestamp":1771315864877}
{"symbol":"HAVELLS-EQ","action":"BUY","price":1331.81,"quantity":1,"timestamp":1771315865823}
{"symbol":"IOC-EQ","action":"SELL","price":301.01,"quantity":1,"pnl":10.144999999999982,"timestamp":1771315866813}
{"symbol":"MAZDOCK-EQ","action":"SELL","price":1935.55,"quantity":1,"pnl":202.51999999999998,"timestamp":1771315866850}
{"symbol":"JSWENERGY-EQ","action":"SELL","price":723.73,"quantity":1,"pnl":53.99499999999989,"timestamp":1771315868839}
{"symbol":"CHOLAFIN-EQ","action":"BUY","price":935.44,"quantity":1,"timestamp":1771315869823}
{"symbol":"HYUNDAI-EQ","action":"BUY","price":11118.92,"quantity":1,"timestamp":1771315869857}
{"symbol":"ICICIGI-EQ","action":"BUY","price":117.8,"quantity":1,"timestamp":1771315870846}
{"symbol":"AMBUJACEM-EQ","action":"BUY","price":257.2,"quantity":1,"timestamp":1771315870861}
{"symbol":"RECLTD-EQ","action":"SELL","price":385.19,"quantity":1,"pnl":86.62397523809528,"timestamp":1771315871839}
{"symbol":"GAIL-EQ","action":"SELL","price":269.95,"quantity":1,"pnl":36.477159385881606,"timestamp":1771315872849}
{"symbol":"TATAPOWER-EQ","action":"SELL","price":163.44,"quantity":1,"pnl":-51.60395833333337,"timestamp":1771315873846}
{"symbol":"PFC-EQ","action":"SELL","price":281.83,"quantity":1,"pnl":6.302394766098075,"timestamp":1771315873854}
{"symbol":"HYUNDAI-EQ","action":"SELL","price":11742.35,"quantity":1,"pnl":623.4300000000003,"timestamp":1771315875882}
{"symbol":"BAJAJHLDNG-EQ","action":"BUY","price":19453.19,"quantity":1,"timestamp":1771315876880}
{"symbol":"VBL-EQ","action":"BUY","price":844.6,"quantity":1,"timestamp":1771315877880}
{"symbol":"ADANIENSOL-EQ","action":"BUY","price":354.96,"quantity":1,"timestamp":1771315877899}
{"symbol":"HINDZINC-EQ","action":"BUY","price":366.14,"quantity":1,"timestamp":1771315877905}
{"symbol":"RECLTD-EQ","action":"BUY","price":346.92,"quantity":1,"timestamp":1771315879895}
{"symbol":"ADANIPOWER-EQ","action":"SELL","price":104.68,"quantity":1,"pnl":-8.618611111111122,"timestamp":1771315882925}
{"symbol":"BAJAJHLDNG-EQ","action":"SELL","price":20507.26,"quantity":1,"pnl":1054.0699999999997,"timestamp":1771315882933}
{"symbol":"CGPOWER-EQ","action":"SELL","price":464.32,"quantity":1,"pnl":31.49656829074155,"timestamp":1771315882941}
{"symbol":"AMBUJACEM-EQ","action":"SELL","price":271.77,"quantity":1,"pnl":-20.864666459192506,"timestamp":1771315883947}
{"symbol":"TATAPOWER-EQ","action":"SELL","price":171.72,"quantity":1,"pnl":-43.32395833333334,"timestamp":1771315884937}
{"symbol":"INDHOTEL-EQ","action":"SELL","price":798.67,"quantity":1,"pnl":-36.45866666666677,"timestamp":1771315885937}
{"symbol":"BANKBARODA-EQ","action":"SELL","price":214.91,"quantity":1,"pnl":25.460000000000008,"timestamp":1771315885945}
{"symbol":"JSWENERGY-EQ","action":"SELL","price":763.26,"quantity":1,"pnl":93.52499999999986,"timestamp":1771315886957}
{"symbol":"DMART-EQ","action":"SELL","price":9852.75,"quantity":1,"pnl":2002.0124999999998,"timestamp":1771315887957}
{"symbol":"PFC-EQ","action":"SELL","price":298.55,"quantity":1,"pnl":23.022394766098103,"timestamp":1771315887962}
{"symbol":"BPCL-EQ","action":"SELL","price":323.98,"quantity":1,"pnl":-1.637777777777785,"timestamp":1771315888960}
{"symbol":"ZYDUSLIFE-EQ","action":"SELL","price":1626.66,"quantity":1,"pnl":148.43025415136185,"timestamp":1771315888984}
{"symbol":"ADANIENSOL-EQ","action":"BUY","price":337.1,"quantity":1,"timestamp":1771315890992}
{"symbol":"HINDZINC-EQ","action":"BUY","price":326.65,"quantity":1,"timestamp":1771315890999}
{"symbol":"IRFC-EQ","action":"BUY","price":85.57,"quantity":1,"timestamp":1771315891003}
{"symbol":"MOTHERSON-EQ","action":"SELL","price":71.67,"quantity":1,"pnl":-32.17733779978056,"timestamp":1771315893008}
{"symbol":"TORNTPHARM-EQ","action":"SELL","price":5441.13,"quantity":1,"pnl":389.7742271877887,"timestamp":1771315893023}
{"symbol":"SHREECEM-EQ","action":"BUY","price":17291.13,"quantity":1,"timestamp":1771315895034}
{"symbol":"ADANIENSOL-EQ","action":"BUY","price":318.74,"quantity":1,"timestamp":1771315895039}
{"symbol":"HAL-EQ","action":"BUY","price":6345.96,"quantity":1,"timestamp":1771315896036}
{"symbol":"VBL-EQ","action":"BUY","price":798.27,"quantity":1,"timestamp":1771315896045}
{"symbol":"DMART-EQ","action":"BUY","price":9310.14,"quantity":1,"timestamp":1771315896052}
{"symbol":"ADANIPOWER-EQ","action":"BUY","price":98.03,"quantity":1,"timestamp":1771315896056}
{"symbol":"LICI-EQ","action":"BUY","price":419.52,"quantity":1,"timestamp":1771315896073}
{"symbol":"BANKBARODA-EQ","action":"BUY","price":203.51,"quantity":1,"timestamp":1771315897041}
{"symbol":"DLF-EQ","action":"BUY","price":507.61,"quantity":1,"timestamp":1771315897055}
{"symbol":"INDHOTEL-EQ","action":"BUY","price":707.89,"quantity":1,"timestamp":1771315898047}
{"symbol":"LODHA-EQ","action":"BUY","price":475.82,"quantity":1,"timestamp":1771315899064}
{"symbol":"HINDZINC-EQ","action":"BUY","price":308.78,"quantity":1,"timestamp":1771315899069}
{"symbol":"VEDL-EQ","action":"BUY","price":324.67,"quantity":1,"timestamp":1771315901053}
{"symbol":"BRITANNIA-EQ","action":"BUY","price":11267.43,"quantity":1,"timestamp":1771315901061}
{"symbol":"TVSMOTOR-EQ","action":"BUY","price":1877.05,"quantity":1,"timestamp":1771315902063}
{"symbol":"MOTHERSON-EQ","action":"BUY","price":67.34,"quantity":1,"timestamp":1771315902076}
{"symbol":"SOLARINDS-EQ","action":"BUY","price":5207.26,"quantity":1,"timestamp":1771315902084}
{"symbol":"CGPOWER-EQ","action":"BUY","price":436.96,"quantity":1,"timestamp":1771315903078}
{"symbol":"BOSCHLTD-EQ","action":"BUY","price":17047.37,"quantity":1,"timestamp":1771315904095}
{"symbol":"TATAPOWER-EQ","action":"BUY","price":162.13,"quantity":1,"timestamp":1771315905087}
{"symbol":"TORNTPHARM-EQ","action":"BUY","price":5160.88,"quantity":1,"timestamp":1771315905098}
{"symbol":"IOC-EQ","action":"BUY","price":328.85,"quantity":1,"timestamp":1771315906106}
{"symbol":"GODREJCP-EQ","action":"BUY","price":1910.05,"quantity":1,"timestamp":1771315906124}
{"symbol":"NAUKRI-EQ","action":"SELL","price":787.69,"quantity":1,"pnl":70.3833002702952,"timestamp":1771315907114}
{"symbol":"HAVELLS-EQ","action":"SELL","price":1334.93,"quantity":1,"pnl":33.65166666666687,"timestamp":1771315907129}
{"symbol":"BANKBARODA-EQ","action":"SELL","price":226.84,"quantity":1,"pnl":30.360000000000014,"timestamp":1771315909127}
{"symbol":"ADANIGREEN-EQ","action":"SELL","price":960.61,"quantity":1,"pnl":-53.35313690476198,"timestamp":1771315909140}
{"symbol":"BAJAJHFL-EQ","action":"SELL","price":275.7,"quantity":1,"pnl":15.420000000000016,"timestamp":1771315910146}
{"symbol":"LICI-EQ","action":"BUY","price":397.34,"quantity":1,"timestamp":1771315911147}
{"symbol":"ZYDUSLIFE-EQ","action":"BUY","price":1624.09,"quantity":1,"timestamp":1771315915170}
{"symbol":"DMART-EQ","action":"BUY","price":8820.8,"quantity":1,"timestamp":1771315916166}
{"symbol":"MAZDOCK-EQ","action":"BUY","price":1811.4,"quantity":1,"timestamp":1771315917181}
{"symbol":"TATAPOWER-EQ","action":"BUY","price":152.45,"quantity":1,"timestamp":1771315918176}
{"symbol":"ENRIN-EQ","action":"BUY","price":1532.34,"quantity":1,"timestamp":1771315918201}
{"symbol":"HAL-EQ","action":"BUY","price":6217.45,"quantity":1,"timestamp":1771315919186}
{"symbol":"BOSCHLTD-EQ","action":"BUY","price":16167.29,"quantity":1,"timestamp":1771315919208}
{"symbol":"ADANIGREEN-EQ","action":"BUY","price":904.26,"quantity":1,"timestamp":1771315919214}
{"symbol":"GODREJCP-EQ","action":"BUY","price":1814.06,"quantity":1,"timestamp":1771315920207}
{"symbol":"DIVISLAB-EQ","action":"BUY","price":7286.05,"quantity":1,"timestamp":1771315922208}
{"symbol":"UNITDSPR-EQ","action":"BUY","price":1191.48,"quantity":1,"timestamp":1771315922220}
{"symbol":"BAJAJHFL-EQ","action":"BUY","price":274.65,"quantity":1,"timestamp":1771315922231}
{"symbol":"TORNTPHARM-EQ","action":"BUY","price":5137.73,"quantity":1,"timestamp":1771315923222}
{"symbol":"VEDL-EQ","action":"BUY","price":302.17,"quantity":1,"timestamp":1771315924224}
{"symbol":"LTIM-EQ","action":"BUY","price":7928.66,"quantity":1,"timestamp":1771315924234}
{"symbol":"PFC-EQ","action":"BUY","price":280.79,"quantity":1,"timestamp":1771315924238}
{"symbol":"HINDZINC-EQ","action":"BUY","price":289.58,"quantity":1,"timestamp":1771315924249}
{"symbol":"CHOLAFIN-EQ","action":"BUY","price":918.62,"quantity":1,"timestamp":1771315925234}
{"symbol":"BANKBARODA-EQ","action":"BUY","price":212.72,"quantity":1,"timestamp":1771315925242}
{"symbol":"HAVELLS-EQ","action":"BUY","price":1259.87,"quantity":1,"timestamp":1771315925253}
{"symbol":"HYUNDAI-EQ","action":"BUY","price":11692.54,"quantity":1,"timestamp":1771315925257}
{"symbol":"LODHA-EQ","action":"BUY","price":474.95,"quantity":1,"timestamp":1771315925263}
{"symbol":"ADANIENSOL-EQ","action":"BUY","price":286,"quantity":1,"timestamp":1771315926247}
{"symbol":"BAJAJHFL-EQ","action":"BUY","price":258.52,"quantity":1,"timestamp":1771315927255}
{"symbol":"VEDL-EQ","action":"SELL","price":323.37,"quantity":1,"pnl":-7.763333333333378,"timestamp":1771315928242}
{"symbol":"PIDILITIND-EQ","action":"SELL","price":1801.67,"quantity":1,"pnl":124.17913026999395,"timestamp":1771315928255}
{"symbol":"DLF-EQ","action":"SELL","price":564,"quantity":1,"pnl":106.01407407407402,"timestamp":1771315928262}
{"symbol":"MOTHERSON-EQ","action":"SELL","price":71.27,"quantity":1,"pnl":-27.362003828383337,"timestamp":1771315929262}
{"symbol":"ICICIGI-EQ","action":"SELL","price":123.57,"quantity":1,"pnl":-255.41772353195137,"timestamp":1771315929269}
{"symbol":"HAVELLS-EQ","action":"SELL","price":1332.26,"quantity":1,"pnl":51.68583333333345,"timestamp":1771315929276}
{"symbol":"PFC-EQ","action":"SELL","price":295.45,"quantity":1,"pnl":18.869915812878446,"timestamp":1771315930268}
{"symbol":"VEDL-EQ","action":"SELL","price":340.1,"quantity":1,"pnl":8.966666666666697,"timestamp":1771315931265}
{"symbol":"INDHOTEL-EQ","action":"SELL","price":794.58,"quantity":1,"pnl":-15.100933333333273,"timestamp":1771315931286}
{"symbol":"SOLARINDS-EQ","action":"SELL","price":5898.34,"quantity":1,"pnl":-3612.8796711601335,"timestamp":1771315931306}
{"symbol":"TATAPOWER-EQ","action":"SELL","price":161.14,"quantity":1,"pnl":-25.026979166666706,"timestamp":1771315933290}
{"symbol":"LTIM-EQ","action":"SELL","price":8421.21,"quantity":1,"pnl":492.5499999999993,"timestamp":1771315933297}
{"symbol":"ADANIGREEN-EQ","action":"SELL","price":951.08,"quantity":1,"pnl":-44.59928075396829,"timestamp":1771315933310}
{"symbol":"ICICIGI-EQ","action":"SELL","price":130.36,"quantity":1,"pnl":-248.6277235319514,"timestamp":1771315936318}
{"symbol":"ENRIN-EQ","action":"SELL","price":1524.26,"quantity":1,"pnl":-28.137500000000045,"timestamp":1771315936329}
{"symbol":"ADANIPOWER-EQ","action":"SELL","price":116.8,"quantity":1,"pnl":7.318541666666661,"timestamp":1771315937325}
{"symbol":"BANKBARODA-EQ","action":"SELL","price":224.09,"quantity":1,"pnl":19.49000000000001,"timestamp":1771315939331}
{"symbol":"ENRIN-EQ","action":"SELL","price":1611.6,"quantity":1,"pnl":59.20249999999987,"timestamp":1771315940339}
{"symbol":"TATAPOWER-EQ","action":"SELL","price":171.27,"quantity":1,"pnl":-14.896979166666682,"timestamp":1771315941336}
{"symbol":"TORNTPHARM-EQ","action":"SELL","price":5423.92,"quantity":1,"pnl":323.5896135938938,"timestamp":1771315941345}
{"symbol":"DMART-EQ","action":"SELL","price":8801.78,"quantity":1,"pnl":-263.6899999999987,"timestamp":1771315942344}
{"symbol":"ADANIENSOL-EQ","action":"SELL","price":279.25,"quantity":1,"pnl":-40.873197202328925,"timestamp":1771315942361}
{"symbol":"IRFC-EQ","action":"SELL","price":84.85,"quantity":1,"pnl":-7.063333333333333,"timestamp":1771315942372}
{"symbol":"GODREJCP-EQ","action":"SELL","price":1685.03,"quantity":1,"pnl":-177.02499999999986,"timestamp":1771315943359}
{"symbol":"CHOLAFIN-EQ","action":"SELL","price":967.78,"quantity":1,"pnl":4.274999999999977,"timestamp":1771315944359}
{"symbol":"JSWENERGY-EQ","action":"BUY","price":722.36,"quantity":1,"timestamp":1771315945374}
{"symbol":"TVSMOTOR-EQ","action":"BUY","price":1659.44,"quantity":1,"timestamp":1771315946365}
{"symbol":"BRITANNIA-EQ","action":"BUY","price":10074.7,"quantity":1,"timestamp":1771315946377}
{"symbol":"PIDILITIND-EQ","action":"BUY","price":1705.12,"quantity":1,"timestamp":1771315946388}
{"symbol":"AMBUJACEM-EQ","action":"BUY","price":297.64,"quantity":1,"timestamp":1771315946399}
{"symbol":"ENRIN-EQ","action":"BUY","price":1520.29,"quantity":1,"timestamp":1771315948388}
{"symbol":"RECLTD-EQ","action":"BUY","price":271.98,"quantity":1,"timestamp":1771315949387}
{"symbol":"UNITDSPR-EQ","action":"BUY","price":1129.97,"quantity":1,"timestamp":1771315949396}
{"symbol":"LICI-EQ","action":"BUY","price":376.35,"quantity":1,"timestamp":1771315949404}
{"symbol":"BANKBARODA-EQ","action":"BUY","price":222.46,"quantity":1,"timestamp":1771315950389}
{"symbol":"BAJAJHLDNG-EQ","action":"BUY","price":19284.12,"quantity":1,"timestamp":1771315950400}
{"symbol":"HAVELLS-EQ","action":"BUY","price":1178.76,"quantity":1,"timestamp":1771315950407}
{"symbol":"CANBK-EQ","action":"BUY","price":335.19,"quantity":1,"timestamp":1771315951400}
{"symbol":"ZYDUSLIFE-EQ","action":"SELL","price":1728.69,"quantity":1,"pnl":201.84016943424126,"timestamp":1771315953423}
{"symbol":"CGPOWER-EQ","action":"SELL","price":456.55,"quantity":1,"pnl":22.899254632593227,"timestamp":1771315955432}
{"symbol":"LICI-EQ","action":"SELL","price":399.99,"quantity":1,"pnl":-119.54806122448986,"timestamp":1771315957438}
{"symbol":"PFC-EQ","action":"BUY","price":278.74,"quantity":1,"timestamp":1771315959447}
{"symbol":"IOC-EQ","action":"BUY","price":305.16,"quantity":1,"timestamp":1771315960455}
{"symbol":"BANKBARODA-EQ","action":"BUY","price":196.88,"quantity":1,"timestamp":1771315961455}
{"symbol":"SHREECEM-EQ","action":"BUY","price":17209.89,"quantity":1,"timestamp":1771315961468}
{"symbol":"AMBUJACEM-EQ","action":"BUY","price":281.42,"quantity":1,"timestamp":1771315961472}
{"symbol":"TORNTPHARM-EQ","action":"BUY","price":5370.39,"quantity":1,"timestamp":1771315962473}
{"symbol":"ADANIENSOL-EQ","action":"BUY","price":264.4,"quantity":1,"timestamp":1771315962483}
{"symbol":"PNB-EQ","action":"BUY","price":128.44,"quantity":1,"timestamp":1771315964481}
{"symbol":"INDHOTEL-EQ","action":"BUY","price":750.1,"quantity":1,"timestamp":1771315965483}
{"symbol":"TORNTPHARM-EQ","action":"BUY","price":5099.89,"quantity":1,"timestamp":1771315965498}
{"symbol":"CHOLAFIN-EQ","action":"BUY","price":965.31,"quantity":1,"timestamp":1771315966491}
{"symbol":"BPCL-EQ","action":"BUY","price":323.4,"quantity":1,"timestamp":1771315966500}
{"symbol":"LICI-EQ","action":"BUY","price":379.42,"quantity":1,"timestamp":1771315966513}
{"symbol":"TATAPOWER-EQ","action":"BUY","price":169.98,"quantity":1,"timestamp":1771315967504}
{"symbol":"HAVELLS-EQ","action":"BUY","price":1111.87,"quantity":1,"timestamp":1771315968519}
{"symbol":"ABB-EQ","action":"BUY","price":4093.33,"quantity":1,"timestamp":1771315968528}
{"symbol":"LTIM-EQ","action":"BUY","price":8305,"quantity":1,"timestamp":1771315969527}
{"symbol":"ADANIPOWER-EQ","action":"BUY","price":104.74,"quantity":1,"timestamp":1771315970534}
{"symbol":"GAIL-EQ","action":"BUY","price":227.11,"quantity":1,"timestamp":1771315970542}
{"symbol":"CGPOWER-EQ","action":"BUY","price":425.61,"quantity":1,"timestamp":1771315970547}
{"symbol":"BANKBARODA-EQ","action":"BUY","price":186.51,"quantity":1,"timestamp":1771315971535}
{"symbol":"JSWENERGY-EQ","action":"BUY","price":685.21,"quantity":1,"timestamp":1771315971550}
{"symbol":"TVSMOTOR-EQ","action":"BUY","price":1575.17,"quantity":1,"timestamp":1771315972541}
{"symbol":"PIDILITIND-EQ","action":"BUY","price":1616.85,"quantity":1,"timestamp":1771315972554}
{"symbol":"JINDALSTEL-EQ","action":"SELL","price":618.78,"quantity":1,"pnl":46.522764464860074,"timestamp":1771315974561}
{"symbol":"TATAPOWER-EQ","action":"SELL","price":179.39,"quantity":1,"pnl":-1.3813194444444719,"timestamp":1771315975564}
{"symbol":"PNB-EQ","action":"SELL","price":135.13,"quantity":1,"pnl":-36.38857142857145,"timestamp":1771315975578}
{"symbol":"BAJAJHFL-EQ","action":"SELL","price":286.14,"quantity":1,"pnl":19.555000000000007,"timestamp":1771315975589}
{"symbol":"INDHOTEL-EQ","action":"SELL","price":794.9,"quantity":1,"pnl":-2.8647466666666332,"timestamp":1771315977575}
{"symbol":"IOC-EQ","action":"SELL","price":338.55,"quantity":1,"pnl":21.545000000000016,"timestamp":1771315977580}
{"symbol":"NAUKRI-EQ","action":"SELL","price":871.09,"quantity":1,"pnl":153.78330027029506,"timestamp":1771315977589}
{"symbol":"SOLARINDS-EQ","action":"SELL","price":5947.55,"quantity":1,"pnl":-3563.6696711601335,"timestamp":1771315977598}
{"symbol":"BANKBARODA-EQ","action":"SELL","price":196.34,"quantity":1,"pnl":-6.272500000000008,"timestamp":1771315978582}
{"symbol":"ADANIPOWER-EQ","action":"SELL","price":110.1,"quantity":1,"pnl":1.803906249999983,"timestamp":1771315978590}
{"symbol":"ABB-EQ","action":"SELL","price":4302.58,"quantity":1,"pnl":118.53855349311561,"timestamp":1771315978606}
{"symbol":"UNITDSPR-EQ","action":"SELL","price":1188.96,"quantity":1,"pnl":85.7119444444445,"timestamp":1771315979599}
{"symbol":"IRFC-EQ","action":"SELL","price":94.65,"quantity":1,"pnl":2.736666666666679,"timestamp":1771315980605}
{"symbol":"PNB-EQ","action":"SELL","price":142.37,"quantity":1,"pnl":-29.148571428571444,"timestamp":1771315981608}
{"symbol":"DLF-EQ","action":"SELL","price":666.92,"quantity":1,"pnl":208.93407407407403,"timestamp":1771315981618}
{"symbol":"HINDZINC-EQ","action":"SELL","price":288.94,"quantity":1,"pnl":-33.84749999999997,"timestamp":1771315981625}
{"symbol":"RECLTD-EQ","action":"SELL","price":271.75,"quantity":1,"pnl":-32.25801238095238,"timestamp":1771315983626}
{"symbol":"HYUNDAI-EQ","action":"SELL","price":14005.5,"quantity":1,"pnl":2312.959999999999,"timestamp":1771315983634}
{"symbol":"ADANIGREEN-EQ","action":"SELL","price":1014.58,"quantity":1,"pnl":18.900719246031713,"timestamp":1771315985644}
{"symbol":"ABB-EQ","action":"SELL","price":4562.79,"quantity":1,"pnl":378.74855349311565,"timestamp":1771315985649}
{"symbol":"HAL-EQ","action":"BUY","price":5328.39,"quantity":1,"timestamp":1771315986639}
{"symbol":"DLF-EQ","action":"BUY","price":632.82,"quantity":1,"timestamp":1771315986653}
{"symbol":"MAZDOCK-EQ","action":"BUY","price":1605.9,"quantity":1,"timestamp":1771315986662}
{"symbol":"LTIM-EQ","action":"BUY","price":7873.05,"quantity":1,"timestamp":1771315987647}
{"symbol":"JINDALSTEL-EQ","action":"BUY","price":578.62,"quantity":1,"timestamp":1771315987656}
{"symbol":"IRFC-EQ","action":"BUY","price":89.66,"quantity":1,"timestamp":1771315987664}
{"symbol":"GODREJCP-EQ","action":"SELL","price":1580.86,"quantity":1,"pnl":-281.19499999999994,"timestamp":1771315988652}
{"symbol":"ENRIN-EQ","action":"SELL","price":1698.04,"quantity":1,"pnl":152.06399999999985,"timestamp":1771315988669}
{"symbol":"PIDILITIND-EQ","action":"SELL","price":1617.95,"quantity":1,"pnl":-54.824906950004106,"timestamp":1771315989655}
{"symbol":"ABB-EQ","action":"SELL","price":4839.47,"quantity":1,"pnl":655.428553493115,"timestamp":1771315989668}
{"symbol":"BRITANNIA-EQ","action":"SELL","price":9924.27,"quantity":1,"pnl":-746.7950000000001,"timestamp":1771315990663}
{"symbol":"RECLTD-EQ","action":"SELL","price":288.35,"quantity":1,"pnl":-15.658012380952357,"timestamp":1771315990676}
{"symbol":"ENRIN-EQ","action":"SELL","price":1787.5,"quantity":1,"pnl":241.5239999999999,"timestamp":1771315991680}
{"symbol":"ABB-EQ","action":"SELL","price":5107.25,"quantity":1,"pnl":923.2085534931148,"timestamp":1771315992683}
{"symbol":"TVSMOTOR-EQ","action":"SELL","price":1671.8,"quantity":1,"pnl":-66.43531364673731,"timestamp":1771315993678}
{"symbol":"HINDZINC-EQ","action":"SELL","price":310.18,"quantity":1,"pnl":-12.607499999999959,"timestamp":1771315993702}
{"symbol":"LICI-EQ","action":"SELL","price":405.99,"quantity":1,"pnl":-97.9793877551021,"timestamp":1771315993709}
{"symbol":"TATAPOWER-EQ","action":"SELL","price":189.48,"quantity":1,"pnl":8.708680555555503,"timestamp":1771315995690}
{"symbol":"BAJAJHFL-EQ","action":"SELL","price":285.3,"quantity":1,"pnl":18.715000000000032,"timestamp":1771315997705}
{"symbol":"JSWENERGY-EQ","action":"SELL","price":722.66,"quantity":1,"pnl":18.874999999999886,"timestamp":1771315998705}
{"symbol":"VEDL-EQ","action":"SELL","price":334.47,"quantity":1,"pnl":3.3366666666667015,"timestamp":1771315999696}
{"symbol":"LODHA-EQ","action":"SELL","price":448,"quantity":1,"pnl":-153.4903333333333,"timestamp":1771315999715}
{"symbol":"SOLARINDS-EQ","action":"SELL","price":6615.3,"quantity":1,"pnl":-2895.9196711601335,"timestamp":1771316000712}
{"symbol":"RECLTD-EQ","action":"SELL","price":303.67,"quantity":1,"pnl":-0.3380123809524207,"timestamp":1771316001710}
{"symbol":"LTIM-EQ","action":"SELL","price":8423.44,"quantity":1,"pnl":334.4150000000009,"timestamp":1771316003719}
{"symbol":"HAVELLS-EQ","action":"SELL","price":1109.67,"quantity":1,"pnl":-80.73138888888866,"timestamp":1771316003736}
{"symbol":"HINDZINC-EQ","action":"SELL","price":326.14,"quantity":1,"pnl":3.3524999999999636,"timestamp":1771316003742}
{"symbol":"DMART-EQ","action":"SELL","price":10561.03,"quantity":1,"pnl":1495.5600000000013,"timestamp":1771316004718}
{"symbol":"BAJAJHLDNG-EQ","action":"SELL","price":20508.86,"quantity":1,"pnl":1224.7400000000016,"timestamp":1771316004726}
{"symbol":"TORNTPHARM-EQ","action":"SELL","price":5444.18,"quantity":1,"pnl":289.92576815633674,"timestamp":1771316004734}
{"symbol":"ZYDUSLIFE-EQ","action":"SELL","price":1888.38,"quantity":1,"pnl":361.5301694342411,"timestamp":1771316004742}
{"symbol":"DIVISLAB-EQ","action":"SELL","price":6129.59,"quantity":1,"pnl":-2448.281190476191,"timestamp":1771316005728}
{"symbol":"ADANIPOWER-EQ","action":"SELL","price":116.31,"quantity":1,"pnl":8.013906249999991,"timestamp":1771316005737}
{"symbol":"IOC-EQ","action":"SELL","price":339.77,"quantity":1,"pnl":22.764999999999986,"timestamp":1771316006744}
{"symbol":"PIDILITIND-EQ","action":"SELL","price":1606.23,"quantity":1,"pnl":-66.54490695000413,"timestamp":1771316008755}
{"symbol":"TVSMOTOR-EQ","action":"SELL","price":1762.64,"quantity":1,"pnl":24.404686353262605,"timestamp":1771316009745}
{"symbol":"BPCL-EQ","action":"SELL","price":321.05,"quantity":1,"pnl":-3.8285185185184787,"timestamp":1771316010753}
{"symbol":"TORNTPHARM-EQ","action":"SELL","price":5779.95,"quantity":1,"pnl":625.6957681563363,"timestamp":1771316010765}
{"symbol":"SHREECEM-EQ","action":"SELL","price":17041.08,"quantity":1,"pnl":-3659.6448102387185,"timestamp":1771316010770}
{"symbol":"JSWENERGY-EQ","action":"SELL","price":761.51,"quantity":1,"pnl":57.72499999999991,"timestamp":1771316010776}
{"symbol":"ENRIN-EQ","action":"SELL","price":1917.82,"quantity":1,"pnl":371.84400000000005,"timestamp":1771316010782}
{"symbol":"ZYDUSLIFE-EQ","action":"BUY","price":1791.34,"quantity":1,"timestamp":1771316012777}
{"symbol":"RECLTD-EQ","action":"SELL","price":321.1,"quantity":1,"pnl":17.091987619047586,"timestamp":1771316014781}
{"symbol":"CGPOWER-EQ","action":"SELL","price":400.32,"quantity":1,"pnl":-31.72259629392545,"timestamp":1771316014793}
{"symbol":"TVSMOTOR-EQ","action":"BUY","price":1668.69,"quantity":1,"timestamp":1771316015779}
{"symbol":"NAUKRI-EQ","action":"BUY","price":776.31,"quantity":1,"timestamp":1771316015793}
{"symbol":"BOSCHLTD-EQ","action":"BUY","price":13419.79,"quantity":1,"timestamp":1771316016790}
{"symbol":"LICI-EQ","action":"BUY","price":384.14,"quantity":1,"timestamp":1771316017807}
{"symbol":"UNITDSPR-EQ","action":"BUY","price":1116.53,"quantity":1,"timestamp":1771316018808}
{"symbol":"IRFC-EQ","action":"BUY","price":80.27,"quantity":1,"timestamp":1771316018820}
{"symbol":"MAZDOCK-EQ","action":"BUY","price":1327.94,"quantity":1,"timestamp":1771316019817}
{"symbol":"TORNTPHARM-EQ","action":"BUY","price":5169.7,"quantity":1,"timestamp":1771316021822}
{"symbol":"ABB-EQ","action":"BUY","price":4814.78,"quantity":1,"timestamp":1771316021837}
{"symbol":"BPCL-EQ","action":"BUY","price":304.66,"quantity":1,"timestamp":1771316022832}
{"symbol":"LTIM-EQ","action":"BUY","price":7076.52,"quantity":1,"timestamp":1771316022841}
{"symbol":"MOTHERSON-EQ","action":"BUY","price":63.05,"quantity":1,"timestamp":1771316022849}
{"symbol":"CGPOWER-EQ","action":"BUY","price":377.17,"quantity":1,"timestamp":1771316022856}
{"symbol":"TVSMOTOR-EQ","action":"BUY","price":1581.14,"quantity":1,"timestamp":1771316023841}
{"symbol":"PFC-EQ","action":"BUY","price":219.49,"quantity":1,"timestamp":1771316023854}
{"symbol":"RECLTD-EQ","action":"BUY","price":301.47,"quantity":1,"timestamp":1771316023862}
{"symbol":"HAL-EQ","action":"SELL","price":5649.16,"quantity":1,"pnl":-239.16403174603147,"timestamp":1771316024857}
{"symbol":"VBL-EQ","action":"SELL","price":658.27,"quantity":1,"pnl":-200.5066666666669,"timestamp":1771316024865}
{"symbol":"TORNTPHARM-EQ","action":"SELL","price":5438.85,"quantity":1,"pnl":280.73432611725275,"timestamp":1771316024876}
{"symbol":"CHOLAFIN-EQ","action":"SELL","price":914.08,"quantity":1,"pnl":-49.876249999999914,"timestamp":1771316025876}
{"symbol":"JINDALSTEL-EQ","action":"SELL","price":644.08,"quantity":1,"pnl":71.3333210444863,"timestamp":1771316025891}
{"symbol":"LTIM-EQ","action":"SELL","price":7460.42,"quantity":1,"pnl":-122.35249999999996,"timestamp":1771316027901}
{"symbol":"CGPOWER-EQ","action":"SELL","price":400.26,"quantity":1,"pnl":-20.808077035140343,"timestamp":1771316028905}
{"symbol":"LICI-EQ","action":"SELL","price":381.34,"quantity":1,"pnl":-109.31501133786855,"timestamp":1771316029926}
{"symbol":"NAUKRI-EQ","action":"SELL","price":816.94,"quantity":1,"pnl":79.9655335135302,"timestamp":1771316030923}
{"symbol":"DIVISLAB-EQ","action":"SELL","price":6461.88,"quantity":1,"pnl":-2115.9911904761893,"timestamp":1771316031916}
{"symbol":"BRITANNIA-EQ","action":"SELL","price":9051.44,"quantity":1,"pnl":-1619.625,"timestamp":1771316034970}
{"symbol":"BANKBARODA-EQ","action":"SELL","price":196.08,"quantity":1,"pnl":-6.532500000000027,"timestamp":1771316034993}
{"symbol":"SIEMENS-EQ","action":"SELL","price":1576.29,"quantity":1,"pnl":159.68010046749987,"timestamp":1771316035043}
{"symbol":"IOC-EQ","action":"BUY","price":338.48,"quantity":1,"timestamp":1771316036993}
{"symbol":"ADANIPOWER-EQ","action":"BUY","price":103.37,"quantity":1,"timestamp":1771316037997}
{"symbol":"DLF-EQ","action":"BUY","price":631.94,"quantity":1,"timestamp":1771316038016}
{"symbol":"ADANIENSOL-EQ","action":"BUY","price":262.56,"quantity":1,"timestamp":1771316038027}
{"symbol":"ABB-EQ","action":"BUY","price":4515.37,"quantity":1,"timestamp":1771316038035}
{"symbol":"TATAPOWER-EQ","action":"BUY","price":150.39,"quantity":1,"timestamp":1771316039009}
{"symbol":"CANBK-EQ","action":"BUY","price":267.72,"quantity":1,"timestamp":1771316039025}
{"symbol":"VEDL-EQ","action":"BUY","price":266.71,"quantity":1,"timestamp":1771316040012}
{"symbol":"VBL-EQ","action":"BUY","price":614.86,"quantity":1,"timestamp":1771316041018}
{"symbol":"TVSMOTOR-EQ","action":"BUY","price":1501.33,"quantity":1,"timestamp":1771316043039}
{"symbol":"BAJAJHLDNG-EQ","action":"BUY","price":20125.79,"quantity":1,"timestamp":1771316043053}
{"symbol":"DMART-EQ","action":"BUY","price":9980.83,"quantity":1,"timestamp":1771316044045}
{"symbol":"MAZDOCK-EQ","action":"BUY","price":1250.05,"quantity":1,"timestamp":1771316044066}
{"symbol":"BPCL-EQ","action":"BUY","price":289,"quantity":1,"timestamp":1771316045050}
{"symbol":"CGPOWER-EQ","action":"BUY","price":377.63,"quantity":1,"timestamp":1771316046062}
{"symbol":"IRFC-EQ","action":"BUY","price":70.39,"quantity":1,"timestamp":1771316046079}
{"symbol":"TATAPOWER-EQ","action":"BUY","price":142.52,"quantity":1,"timestamp":1771316047069}
{"symbol":"INDHOTEL-EQ","action":"SELL","price":803.55,"quantity":1,"pnl":5.785253333333344,"timestamp":1771316048087}
{"symbol":"LODHA-EQ","action":"SELL","price":447.28,"quantity":1,"pnl":-154.21033333333332,"timestamp":1771316048135}
{"symbol":"VBL-EQ","action":"SELL","price":648.11,"quantity":1,"pnl":-175.82142857142878,"timestamp":1771316049101}
{"symbol":"TORNTPHARM-EQ","action":"SELL","price":5809.78,"quantity":1,"pnl":651.6643261172521,"timestamp":1771316049135}
{"symbol":"MOTHERSON-EQ","action":"SELL","price":66.68,"quantity":1,"pnl":-26.868860424328574,"timestamp":1771316050206}
{"symbol":"VEDL-EQ","action":"SELL","price":282.63,"quantity":1,"pnl":15.920000000000016,"timestamp":1771316051156}
{"symbol":"UNITDSPR-EQ","action":"BUY","price":1055.28,"quantity":1,"timestamp":1771316052180}
{"symbol":"JSWENERGY-EQ","action":"BUY","price":665.97,"quantity":1,"timestamp":1771316053189}
{"symbol":"BAJAJHLDNG-EQ","action":"SELL","price":21380.78,"quantity":1,"pnl":1254.989999999998,"timestamp":1771316055180}
{"symbol":"SHREECEM-EQ","action":"SELL","price":17914.27,"quantity":1,"pnl":-2786.45481023872,"timestamp":1771316055193}
{"symbol":"DIVISLAB-EQ","action":"SELL","price":6835.88,"quantity":1,"pnl":-1741.9911904761912,"timestamp":1771316056176}
{"symbol":"PNB-EQ","action":"SELL","price":141.6,"quantity":1,"pnl":-29.918571428571425,"timestamp":1771316057189}
{"symbol":"ABB-EQ","action":"SELL","price":4772.88,"quantity":1,"pnl":481.94220827242225,"timestamp":1771316057202}
{"symbol":"IOC-EQ","action":"SELL","price":335.51,"quantity":1,"pnl":-2.9700000000000273,"timestamp":1771316058188}
{"symbol":"ADANIPOWER-EQ","action":"SELL","price":108.97,"quantity":1,"pnl":2.3159374999999898,"timestamp":1771316058195}
{"symbol":"CANBK-EQ","action":"SELL","price":281.84,"quantity":1,"pnl":-19.615000000000066,"timestamp":1771316058201}
{"symbol":"ENRIN-EQ","action":"SELL","price":2380.54,"quantity":1,"pnl":834.5639999999999,"timestamp":1771316058212}
{"symbol":"LICI-EQ","action":"SELL","price":404.38,"quantity":1,"pnl":-86.27501133786853,"timestamp":1771316059200}
{"symbol":"SOLARINDS-EQ","action":"SELL","price":7345.15,"quantity":1,"pnl":-2166.069671160134,"timestamp":1771316060202}
{"symbol":"LTIM-EQ","action":"SELL","price":7954.33,"quantity":1,"pnl":371.5574999999999,"timestamp":1771316061202}
{"symbol":"JSWENERGY-EQ","action":"SELL","price":712.78,"quantity":1,"pnl":46.809999999999945,"timestamp":1771316061217}
{"symbol":"VBL-EQ","action":"SELL","price":724.68,"quantity":1,"pnl":-99.25142857142873,"timestamp":1771316062210}
{"symbol":"AMBUJACEM-EQ","action":"SELL","price":285.36,"quantity":1,"pnl":-6.7572220493270265,"timestamp":1771316062222}
{"symbol":"SIEMENS-EQ","action":"SELL","price":1667.41,"quantity":1,"pnl":250.80010046750022,"timestamp":1771316062229}
{"symbol":"IRFC-EQ","action":"SELL","price":75.38,"quantity":1,"pnl":-4.726666666666674,"timestamp":1771316062234}
{"symbol":"MAZDOCK-EQ","action":"SELL","price":1401.96,"quantity":1,"pnl":-96.86249999999995,"timestamp":1771316062238}
{"symbol":"TATAPOWER-EQ","action":"SELL","price":140.99,"quantity":1,"pnl":-16.90377314814816,"timestamp":1771316064231}
{"symbol":"ADANIENSOL-EQ","action":"SELL","price":279.01,"quantity":1,"pnl":-29.78455776186314,"timestamp":1771316064250}
{"symbol":"ZYDUSLIFE-EQ","action":"SELL","price":1898,"quantity":1,"pnl":238.90508471712064,"timestamp":1771316064256}
{"symbol":"HINDZINC-EQ","action":"SELL","price":343.46,"quantity":1,"pnl":20.672499999999957,"timestamp":1771316065249}
{"symbol":"CHOLAFIN-EQ","action":"SELL","price":864.21,"quantity":1,"pnl":-99.7462499999998,"timestamp":1771316066243}
{"symbol":"PNB-EQ","action":"SELL","price":149,"quantity":1,"pnl":-22.51857142857142,"timestamp":1771316066256}
{"symbol":"CGPOWER-EQ","action":"SELL","price":396.64,"quantity":1,"pnl":-15.740461628112257,"timestamp":1771316066260}
{"symbol":"MAZDOCK-EQ","action":"SELL","price":1472.42,"quantity":1,"pnl":-26.402499999999918,"timestamp":1771316066268}
{"symbol":"MOTHERSON-EQ","action":"SELL","price":71.02,"quantity":1,"pnl":-22.52886042432857,"timestamp":1771316067254}
{"symbol":"JINDALSTEL-EQ","action":"SELL","price":713.43,"quantity":1,"pnl":140.6833210444862,"timestamp":1771316068265}
{"symbol":"ADANIPOWER-EQ","action":"SELL","price":114.54,"quantity":1,"pnl":7.885937499999997,"timestamp":1771316069270}
{"symbol":"RECLTD-EQ","action":"BUY","price":235.86,"quantity":1,"timestamp":1771316070275}
{"symbol":"HYUNDAI-EQ","action":"BUY","price":11138.71,"quantity":1,"timestamp":1771316070286}
{"symbol":"ADANIENSOL-EQ","action":"BUY","price":261.66,"quantity":1,"timestamp":1771316070291}
{"symbol":"GAIL-EQ","action":"SELL","price":197.43,"quantity":1,"pnl":-35.51260389627518,"timestamp":1771316071284}
{"symbol":"TORNTPHARM-EQ","action":"SELL","price":6176.17,"quantity":1,"pnl":1018.0543261172534,"timestamp":1771316071290}
{"symbol":"LODHA-EQ","action":"SELL","price":493.8,"quantity":1,"pnl":-107.69033333333329,"timestamp":1771316071296}
{"symbol":"ADANIGREEN-EQ","action":"SELL","price":846.83,"quantity":1,"pnl":-148.8492807539683,"timestamp":1771316071300}
{"symbol":"SHREECEM-EQ","action":"SELL","price":18871.16,"quantity":1,"pnl":-1829.5648102387167,"timestamp":1771316072295}
{"symbol":"DIVISLAB-EQ","action":"SELL","price":7226.9,"quantity":1,"pnl":-1350.9711904761916,"timestamp":1771316073295}
{"symbol":"IRFC-EQ","action":"SELL","price":79.15,"quantity":1,"pnl":-0.9566666666666492,"timestamp":1771316073314}
{"symbol":"ADANIENSOL-EQ","action":"SELL","price":278.05,"quantity":1,"pnl":-26.0311019856768,"timestamp":1771316074314}
{"symbol":"LICI-EQ","action":"SELL","price":404.62,"quantity":1,"pnl":-86.03501133786853,"timestamp":1771316074320}
{"symbol":"PFC-EQ","action":"SELL","price":246.11,"quantity":1,"pnl":-21.315056124747684,"timestamp":1771316075320}
{"symbol":"ADANIPOWER-EQ","action":"SELL","price":121.13,"quantity":1,"pnl":14.475937499999986,"timestamp":1771316076329}
{"symbol":"ICICIGI-EQ","action":"SELL","price":108.65,"quantity":1,"pnl":-270.3377235319514,"timestamp":1771316076341}
{"symbol":"TATAPOWER-EQ","action":"BUY","price":131.46,"quantity":1,"timestamp":1771316078342}
{"symbol":"NAUKRI-EQ","action":"BUY","price":732.59,"quantity":1,"timestamp":1771316078353}
{"symbol":"DLF-EQ","action":"BUY","price":596.4,"quantity":1,"timestamp":1771316078360}
{"symbol":"GODREJCP-EQ","action":"BUY","price":1875.52,"quantity":1,"timestamp":1771316081362}
{"symbol":"ICICIGI-EQ","action":"BUY","price":102.2,"quantity":1,"timestamp":1771316081371}
{"symbol":"HAL-EQ","action":"BUY","price":5267.24,"quantity":1,"timestamp":1771316082357}
{"symbol":"CHOLAFIN-EQ","action":"BUY","price":763.05,"quantity":1,"timestamp":1771316083367}
{"symbol":"CANBK-EQ","action":"BUY","price":267.67,"quantity":1,"timestamp":1771316083385}
{"symbol":"BAJAJHLDNG-EQ","action":"BUY","price":21304.07,"quantity":1,"timestamp":1771316083390}
{"symbol":"GAIL-EQ","action":"BUY","price":186.94,"quantity":1,"timestamp":1771316083397}
{"symbol":"IRFC-EQ","action":"BUY","price":75.13,"quantity":1,"timestamp":1771316084391}
{"symbol":"ADANIPOWER-EQ","action":"BUY","price":113.03,"quantity":1,"timestamp":1771316085385}
{"symbol":"HYUNDAI-EQ","action":"BUY","price":10481.13,"quantity":1,"timestamp":1771316085404}
{"symbol":"VBL-EQ","action":"SELL","price":772.1,"quantity":1,"pnl":-51.83142857142866,"timestamp":1771316086390}
{"symbol":"ICICIGI-EQ","action":"SELL","price":107.86,"quantity":1,"pnl":-254.8460927359542,"timestamp":1771316086407}
{"symbol":"GAIL-EQ","action":"SELL","price":197.81,"quantity":1,"pnl":-31.299053571585603,"timestamp":1771316086411}
{"symbol":"SOLARINDS-EQ","action":"SELL","price":7739.76,"quantity":1,"pnl":-1771.4596711601353,"timestamp":1771316086421}
{"symbol":"ADANIENSOL-EQ","action":"SELL","price":310.41,"quantity":1,"pnl":6.328898014323215,"timestamp":1771316087413}
{"symbol":"IRFC-EQ","action":"SELL","price":79.52,"quantity":1,"pnl":1.9016666666666708,"timestamp":1771316087424}
{"symbol":"CHOLAFIN-EQ","action":"SELL","price":806.55,"quantity":1,"pnl":-90.43749999999989,"timestamp":1771316088405}
{"symbol":"NAUKRI-EQ","action":"SELL","price":811.97,"quantity":1,"pnl":76.4570223423533,"timestamp":1771316088415}
{"symbol":"TORNTPHARM-EQ","action":"SELL","price":6552.28,"quantity":1,"pnl":1394.164326117253,"timestamp":1771316091422}
{"symbol":"HAVELLS-EQ","action":"SELL","price":973.3,"quantity":1,"pnl":-217.101388888889,"timestamp":1771316092433}
{"symbol":"AMBUJACEM-EQ","action":"SELL","price":284.39,"quantity":1,"pnl":-7.727222049327054,"timestamp":1771316092440}
{"symbol":"BAJAJHLDNG-EQ","action":"SELL","price":22386.49,"quantity":1,"pnl":1082.420000000002,"timestamp":1771316093433}
{"symbol":"PNB-EQ","action":"SELL","price":150.75,"quantity":1,"pnl":-20.76857142857139,"timestamp":1771316093440}
{"symbol":"SOLARINDS-EQ","action":"SELL","price":8179.98,"quantity":1,"pnl":-1331.239671160136,"timestamp":1771316093448}
{"symbol":"ENRIN-EQ","action":"SELL","price":2519.66,"quantity":1,"pnl":973.6839999999997,"timestamp":1771316094445}
{"symbol":"HAL-EQ","action":"SELL","price":5541.94,"quantity":1,"pnl":-191.11302380952384,"timestamp":1771316095433}
{"symbol":"LICI-EQ","action":"SELL","price":431.9,"quantity":1,"pnl":-58.75501133786855,"timestamp":1771316096451}
{"symbol":"MAZDOCK-EQ","action":"BUY","price":1303.79,"quantity":1,"timestamp":1771316097456}
{"symbol":"UNITDSPR-EQ","action":"BUY","price":986.49,"quantity":1,"timestamp":1771316098458}
{"symbol":"BPCL-EQ","action":"BUY","price":310.58,"quantity":1,"timestamp":1771316099458}
{"symbol":"PIDILITIND-EQ","action":"BUY","price":1609.78,"quantity":1,"timestamp":1771316099471}
{"symbol":"AMBUJACEM-EQ","action":"BUY","price":264.96,"quantity":1,"timestamp":1771316102499}
{"symbol":"DIVISLAB-EQ","action":"BUY","price":6846.07,"quantity":1,"timestamp":1771316103488}
{"symbol":"BRITANNIA-EQ","action":"BUY","price":10081.71,"quantity":1,"timestamp":1771316103494}
{"symbol":"HINDZINC-EQ","action":"BUY","price":365.17,"quantity":1,"timestamp":1771316103509}
{"symbol":"BAJAJHLDNG-EQ","action":"BUY","price":21249.28,"quantity":1,"timestamp":1771316104500}
{"symbol":"BPCL-EQ","action":"BUY","price":293.55,"quantity":1,"timestamp":1771316105511}
{"symbol":"CANBK-EQ","action":"SELL","price":282.15,"quantity":1,"pnl":-2.4125000000000227,"timestamp":1771316106517}
{"symbol":"HYUNDAI-EQ","action":"BUY","price":9864.66,"quantity":1,"timestamp":1771316109533}
{"symbol":"HINDZINC-EQ","action":"BUY","price":343.73,"quantity":1,"timestamp":1771316109539}
{"symbol":"INDHOTEL-EQ","action":"BUY","price":716.16,"quantity":1,"timestamp":1771316110536}
{"symbol":"VEDL-EQ","action":"BUY","price":312.38,"quantity":1,"timestamp":1771316111554}
{"symbol":"BRITANNIA-EQ","action":"BUY","price":9564.42,"quantity":1,"timestamp":1771316111571}
{"symbol":"DLF-EQ","action":"SELL","price":707.32,"quantity":1,"pnl":179.73375661375667,"timestamp":1771316113587}
{"symbol":"LODHA-EQ","action":"SELL","price":496.61,"quantity":1,"pnl":-104.88033333333328,"timestamp":1771316114594}
{"symbol":"BOSCHLTD-EQ","action":"SELL","price":15156.77,"quantity":1,"pnl":-2248.5101672754536,"timestamp":1771316115616}
{"symbol":"BOSCHLTD-EQ","action":"BUY","price":14224.01,"quantity":1,"timestamp":1771316118626}
{"symbol":"ZYDUSLIFE-EQ","action":"BUY","price":1902.48,"quantity":1,"timestamp":1771316118636}
{"symbol":"ADANIGREEN-EQ","action":"BUY","price":847.77,"quantity":1,"timestamp":1771316119627}
{"symbol":"CHOLAFIN-EQ","action":"SELL","price":860.3,"quantity":1,"pnl":-36.6875,"timestamp":1771316121632}
{"symbol":"DMART-EQ","action":"SELL","price":9149.04,"quantity":1,"pnl":-831.789999999999,"timestamp":1771316121643}
{"symbol":"DLF-EQ","action":"SELL","price":755.91,"quantity":1,"pnl":228.3237566137566,"timestamp":1771316121653}
{"symbol":"CGPOWER-EQ","action":"SELL","price":397.47,"quantity":1,"pnl":-14.910461628112216,"timestamp":1771316121656}
{"symbol":"BANKBARODA-EQ","action":"SELL","price":196.95,"quantity":1,"pnl":-5.662500000000023,"timestamp":1771316122642}
{"symbol":"CANBK-EQ","action":"SELL","price":297.85,"quantity":1,"pnl":13.287500000000023,"timestamp":1771316122649}
{"symbol":"HAVELLS-EQ","action":"SELL","price":1137.51,"quantity":1,"pnl":-52.89138888888897,"timestamp":1771316122662}
{"symbol":"ADANIENSOL-EQ","action":"SELL","price":349.13,"quantity":1,"pnl":45.048898014323186,"timestamp":1771316122667}
{"symbol":"BRITANNIA-EQ","action":"SELL","price":10057.35,"quantity":1,"pnl":234.28500000000167,"timestamp":1771316123650}
{"symbol":"AMBUJACEM-EQ","action":"SELL","price":258.67,"quantity":1,"pnl":-30.978383681206367,"timestamp":1771316123669}
{"symbol":"TVSMOTOR-EQ","action":"BUY","price":1342.3,"quantity":1,"timestamp":1771316124661}
{"symbol":"DIVISLAB-EQ","action":"BUY","price":6422.62,"quantity":1,"timestamp":1771316124668}
{"symbol":"TORNTPHARM-EQ","action":"BUY","price":6174.47,"quantity":1,"timestamp":1771316124680}
{"symbol":"SHREECEM-EQ","action":"BUY","price":19677.15,"quantity":1,"timestamp":1771316124685}
{"symbol":"BOSCHLTD-EQ","action":"BUY","price":13509.43,"quantity":1,"timestamp":1771316124690}
{"symbol":"DMART-EQ","action":"BUY","price":8631.08,"quantity":1,"timestamp":1771316125669}
{"symbol":"VEDL-EQ","action":"BUY","price":295.06,"quantity":1,"timestamp":1771316126674}
{"symbol":"LODHA-EQ","action":"BUY","price":469.13,"quantity":1,"timestamp":1771316126694}
{"symbol":"BAJAJHFL-EQ","action":"BUY","price":298.18,"quantity":1,"timestamp":1771316126701}
{"symbol":"DLF-EQ","action":"SELL","price":801.49,"quantity":1,"pnl":273.9037566137566,"timestamp":1771316127694}
{"symbol":"DIVISLAB-EQ","action":"SELL","price":6767.15,"quantity":1,"pnl":-1033.3107142857152,"timestamp":1771316128693}
{"symbol":"UNITDSPR-EQ","action":"SELL","price":1104.16,"quantity":1,"pnl":26.152638888889214,"timestamp":1771316128711}
{"symbol":"ZYDUSLIFE-EQ","action":"SELL","price":2012.56,"quantity":1,"pnl":231.77254235856026,"timestamp":1771316128721}
{"symbol":"BANKBARODA-EQ","action":"SELL","price":207.77,"quantity":1,"pnl":5.157499999999999,"timestamp":1771316129698}
{"symbol":"TVSMOTOR-EQ","action":"SELL","price":1439.03,"quantity":1,"pnl":-237.81379546195512,"timestamp":1771316132750}
{"symbol":"VBL-EQ","action":"SELL","price":812.92,"quantity":1,"pnl":-11.011428571428723,"timestamp":1771316132770}
{"symbol":"ZYDUSLIFE-EQ","action":"SELL","price":2141.2,"quantity":1,"pnl":360.41254235856013,"timestamp":1771316133801}
{"symbol":"GODREJCP-EQ","action":"SELL","price":2109.6,"quantity":1,"pnl":234.07999999999993,"timestamp":1771316134819}
{"symbol":"BAJAJHLDNG-EQ","action":"SELL","price":20914.61,"quantity":1,"pnl":-334.66999999999825,"timestamp":1771316134933}
{"symbol":"SHREECEM-EQ","action":"SELL","price":19531.16,"quantity":1,"pnl":-1067.2073292148452,"timestamp":1771316134968}
{"symbol":"ADANIGREEN-EQ","action":"SELL","price":907.19,"quantity":1,"pnl":-51.511960565476215,"timestamp":1771316134986}
{"symbol":"IOC-EQ","action":"BUY","price":321.54,"quantity":1,"timestamp":1771316135835}
{"symbol":"RECLTD-EQ","action":"SELL","price":298.83,"quantity":1,"pnl":30.164999999999964,"timestamp":1771316136838}
{"symbol":"BPCL-EQ","action":"SELL","price":293.28,"quantity":1,"pnl":-14.644506172839499,"timestamp":1771316137823}
{"symbol":"GAIL-EQ","action":"SELL","price":207.75,"quantity":1,"pnl":-21.359053571585605,"timestamp":1771316137836}
{"symbol":"PIDILITIND-EQ","action":"SELL","price":1612.01,"quantity":1,"pnl":-50.265755791670244,"timestamp":1771316138852}
{"symbol":"PNB-EQ","action":"SELL","price":150.25,"quantity":1,"pnl":-21.26857142857142,"timestamp":1771316138869}
{"symbol":"BOSCHLTD-EQ","action":"SELL","price":14219.96,"quantity":1,"pnl":-2713.512144972061,"timestamp":1771316138878}
{"symbol":"HAL-EQ","action":"SELL","price":6248.98,"quantity":1,"pnl":515.9269761904761,"timestamp":1771316139844}
{"symbol":"BAJAJHFL-EQ","action":"SELL","price":315.21,"quantity":1,"pnl":17.029999999999973,"timestamp":1771316139873}
{"symbol":"TVSMOTOR-EQ","action":"SELL","price":1512.41,"quantity":1,"pnl":-164.43379546195501,"timestamp":1771316140853}
{"symbol":"DIVISLAB-EQ","action":"SELL","price":7131.18,"quantity":1,"pnl":-669.2807142857146,"timestamp":1771316141857}
{"symbol":"BPCL-EQ","action":"SELL","price":308.74,"quantity":1,"pnl":0.8154938271605374,"timestamp":1771316142861}
{"symbol":"MOTHERSON-EQ","action":"SELL","price":66.94,"quantity":1,"pnl":-26.608860424328583,"timestamp":1771316143864}
{"symbol":"SOLARINDS-EQ","action":"SELL","price":8621.02,"quantity":1,"pnl":-890.199671160135,"timestamp":1771316145887}
{"symbol":"SIEMENS-EQ","action":"SELL","price":1556.9,"quantity":1,"pnl":140.2901004675,"timestamp":1771316147908}
{"symbol":"PIDILITIND-EQ","action":"SELL","price":1695.11,"quantity":1,"pnl":32.834244208329665,"timestamp":1771316149935}
{"symbol":"DLF-EQ","action":"SELL","price":755.39,"quantity":1,"pnl":227.8037566137566,"timestamp":1771316149945}
{"symbol":"TVSMOTOR-EQ","action":"SELL","price":1603.2,"quantity":1,"pnl":-73.64379546195505,"timestamp":1771316152940}
{"symbol":"TORNTPHARM-EQ","action":"SELL","price":6486.04,"quantity":1,"pnl":311.5699999999997,"timestamp":1771316152965}
{"symbol":"BPCL-EQ","action":"SELL","price":325.03,"quantity":1,"pnl":17.1054938271605,"timestamp":1771316153953}
{"symbol":"PFC-EQ","action":"SELL","price":260.98,"quantity":1,"pnl":-6.44505612474768,"timestamp":1771316153964}
{"symbol":"TATAPOWER-EQ","action":"BUY","price":116.76,"quantity":1,"timestamp":1771316155975}
{"symbol":"BAJAJHLDNG-EQ","action":"BUY","price":18695.23,"quantity":1,"timestamp":1771316155987}
{"symbol":"AMBUJACEM-EQ","action":"BUY","price":227.95,"quantity":1,"timestamp":1771316155995}
{"symbol":"ADANIGREEN-EQ","action":"BUY","price":799.08,"quantity":1,"timestamp":1771316156002}
{"symbol":"CANBK-EQ","action":"BUY","price":297.74,"quantity":1,"timestamp":1771316156980}
{"symbol":"BOSCHLTD-EQ","action":"BUY","price":13449.99,"quantity":1,"timestamp":1771316157994}
{"symbol":"AMBUJACEM-EQ","action":"BUY","price":213.26,"quantity":1,"timestamp":1771316158999}
{"symbol":"LODHA-EQ","action":"BUY","price":444.35,"quantity":1,"timestamp":1771316159008}
{"symbol":"CANBK-EQ","action":"BUY","price":278.59,"quantity":1,"timestamp":1771316161014}
{"symbol":"GODREJCP-EQ","action":"BUY","price":1998.63,"quantity":1,"timestamp":1771316161024}
{"symbol":"UNITDSPR-EQ","action":"BUY","price":908.51,"quantity":1,"timestamp":1771316161030}
{"symbol":"TORNTPHARM-EQ","action":"BUY","price":6432.78,"quantity":1,"timestamp":1771316162022}
{"symbol":"ZYDUSLIFE-EQ","action":"BUY","price":1928.21,"quantity":1,"timestamp":1771316162033}
{"symbol":"LICI-EQ","action":"BUY","price":412.54,"quantity":1,"timestamp":1771316164046}
{"symbol":"CGPOWER-EQ","action":"SELL","price":399.18,"quantity":1,"pnl":-13.200461628112237,"timestamp":1771316165056}
{"symbol":"DLF-EQ","action":"SELL","price":806.6,"quantity":1,"pnl":279.01375661375664,"timestamp":1771316166052}
{"symbol":"VEDL-EQ","action":"SELL","price":345.68,"quantity":1,"pnl":41.95999999999998,"timestamp":1771316167050}
{"symbol":"BAJAJHLDNG-EQ","action":"SELL","price":19757.26,"quantity":1,"pnl":1062.0299999999988,"timestamp":1771316167064}
{"symbol":"CANBK-EQ","action":"SELL","price":293.88,"quantity":1,"pnl":5.715000000000032,"timestamp":1771316168062}
{"symbol":"PIDILITIND-EQ","action":"SELL","price":1788.22,"quantity":1,"pnl":125.94424420832979,"timestamp":1771316168070}
{"symbol":"RECLTD-EQ","action":"SELL","price":314.2,"quantity":1,"pnl":45.53499999999997,"timestamp":1771316168075}
{"symbol":"ADANIGREEN-EQ","action":"SELL","price":904.7,"quantity":1,"pnl":-14.09647042410711,"timestamp":1771316168084}
{"symbol":"SIEMENS-EQ","action":"BUY","price":1452.29,"quantity":1,"timestamp":1771316169082}
{"symbol":"TATAPOWER-EQ","action":"BUY","price":116.41,"quantity":1,"timestamp":1771316170079}
{"symbol":"TORNTPHARM-EQ","action":"SELL","price":6816.63,"quantity":1,"pnl":383.85000000000036,"timestamp":1771316171108}
{"symbol":"ZYDUSLIFE-EQ","action":"SELL","price":2064.37,"quantity":1,"pnl":136.15999999999985,"timestamp":1771316172119}
{"symbol":"CANBK-EQ","action":"SELL","price":308.59,"quantity":1,"pnl":20.42500000000001,"timestamp":1771316173114}
{"symbol":"CGPOWER-EQ","action":"SELL","price":421.6,"quantity":1,"pnl":9.21953837188778,"timestamp":1771316174120}
{"symbol":"SOLARINDS-EQ","action":"SELL","price":9095.85,"quantity":1,"pnl":-415.36967116013693,"timestamp":1771316174128}
{"symbol":"VEDL-EQ","action":"BUY","price":323.63,"quantity":1,"timestamp":1771316176119}
{"symbol":"TVSMOTOR-EQ","action":"BUY","price":1604.3,"quantity":1,"timestamp":1771316176126}
{"symbol":"PFC-EQ","action":"BUY","price":259.78,"quantity":1,"timestamp":1771316176138}
{"symbol":"ADANIPOWER-EQ","action":"BUY","price":104.92,"quantity":1,"timestamp":1771316177133}
{"symbol":"SHREECEM-EQ","action":"BUY","price":18738.93,"quantity":1,"timestamp":1771316177144}
{"symbol":"INDHOTEL-EQ","action":"BUY","price":679.34,"quantity":1,"timestamp":1771316178132}
{"symbol":"TORNTPHARM-EQ","action":"BUY","price":6758.72,"quantity":1,"timestamp":1771316178147}
{"symbol":"AMBUJACEM-EQ","action":"BUY","price":199.34,"quantity":1,"timestamp":1771316178153}
{"symbol":"GODREJCP-EQ","action":"BUY","price":1871.12,"quantity":1,"timestamp":1771316179149}
{"symbol":"BAJAJHLDNG-EQ","action":"BUY","price":18677.09,"quantity":1,"timestamp":1771316179155}
{"symbol":"PIDILITIND-EQ","action":"BUY","price":1577.89,"quantity":1,"timestamp":1771316179160}
{"symbol":"MOTHERSON-EQ","action":"BUY","price":63.11,"quantity":1,"timestamp":1771316180155}
{"symbol":"SIEMENS-EQ","action":"BUY","price":1372.81,"quantity":1,"timestamp":1771316181168}
{"symbol":"DMART-EQ","action":"BUY","price":8064.73,"quantity":1,"timestamp":1771316182162}
{"symbol":"ABB-EQ","action":"BUY","price":4258.68,"quantity":1,"timestamp":1771316182181}
{"symbol":"RECLTD-EQ","action":"BUY","price":277.75,"quantity":1,"timestamp":1771316183173}
{"symbol":"ADANIENSOL-EQ","action":"BUY","price":373.5,"quantity":1,"timestamp":1771316183182}
{"symbol":"BRITANNIA-EQ","action":"SELL","price":10613.56,"quantity":1,"pnl":790.4950000000008,"timestamp":1771316186190}
{"symbol":"PFC-EQ","action":"SELL","price":274.04,"quantity":1,"pnl":8.143955100201879,"timestamp":1771316187199}
{"symbol":"ADANIENSOL-EQ","action":"SELL","price":392.24,"quantity":1,"pnl":79.48153576253281,"timestamp":1771316187213}
{"symbol":"AMBUJACEM-EQ","action":"SELL","price":210.78,"quantity":1,"pnl":-61.29952590862027,"timestamp":1771316188215}
{"symbol":"MAZDOCK-EQ","action":"SELL","price":1166.71,"quantity":1,"pnl":-267.10166666666646,"timestamp":1771316188227}
{"symbol":"DIVISLAB-EQ","action":"SELL","price":7920.93,"quantity":1,"pnl":120.46928571428452,"timestamp":1771316191231}
{"symbol":"HYUNDAI-EQ","action":"SELL","price":9250.37,"quantity":1,"pnl":-1244.4633333333313,"timestamp":1771316192260}
{"symbol":"BPCL-EQ","action":"SELL","price":318.96,"quantity":1,"pnl":11.035493827160508,"timestamp":1771316193257}
{"symbol":"PFC-EQ","action":"SELL","price":288.88,"quantity":1,"pnl":22.983955100201854,"timestamp":1771316194265}
{"symbol":"RECLTD-EQ","action":"SELL","price":292.86,"quantity":1,"pnl":15.110000000000014,"timestamp":1771316195274}
{"symbol":"MOTHERSON-EQ","action":"SELL","price":67.19,"quantity":1,"pnl":-20.271088339462864,"timestamp":1771316196279}
{"symbol":"DIVISLAB-EQ","action":"SELL","price":8346.33,"quantity":1,"pnl":545.8692857142851,"timestamp":1771316197281}
{"symbol":"ABB-EQ","action":"SELL","price":4514.38,"quantity":1,"pnl":227.0264073532644,"timestamp":1771316197302}
{"symbol":"BRITANNIA-EQ","action":"BUY","price":9982.11,"quantity":1,"timestamp":1771316199295}
{"symbol":"ENRIN-EQ","action":"BUY","price":2254.74,"quantity":1,"timestamp":1771316199314}
{"symbol":"VEDL-EQ","action":"BUY","price":290.96,"quantity":1,"timestamp":1771316200298}
{"symbol":"DMART-EQ","action":"BUY","price":7647.72,"quantity":1,"timestamp":1771316200309}
{"symbol":"PFC-EQ","action":"BUY","price":273.58,"quantity":1,"timestamp":1771316200314}
{"symbol":"SIEMENS-EQ","action":"BUY","price":1281.72,"quantity":1,"timestamp":1771316200330}
{"symbol":"LTIM-EQ","action":"BUY","price":8983.1,"quantity":1,"timestamp":1771316202322}
{"symbol":"ABB-EQ","action":"BUY","price":4266.03,"quantity":1,"timestamp":1771316203347}
{"symbol":"CHOLAFIN-EQ","action":"BUY","price":675.56,"quantity":1,"timestamp":1771316204340}
{"symbol":"IOC-EQ","action":"BUY","price":300.44,"quantity":1,"timestamp":1771316204348}
{"symbol":"TVSMOTOR-EQ","action":"BUY","price":1495.41,"quantity":1,"timestamp":1771316206354}
{"symbol":"ICICIGI-EQ","action":"BUY","price":89,"quantity":1,"timestamp":1771316206371}
{"symbol":"VBL-EQ","action":"SELL","price":685.09,"quantity":1,"pnl":-138.84142857142865,"timestamp":1771316207370}
{"symbol":"PNB-EQ","action":"SELL","price":162.25,"quantity":1,"pnl":-9.26857142857142,"timestamp":1771316207384}
{"symbol":"UNITDSPR-EQ","action":"SELL","price":919.89,"quantity":1,"pnl":-129.86780092592574,"timestamp":1771316207389}
{"symbol":"GAIL-EQ","action":"SELL","price":254.39,"quantity":1,"pnl":25.28094642841441,"timestamp":1771316209387}
{"symbol":"HYUNDAI-EQ","action":"SELL","price":9285.55,"quantity":1,"pnl":-1209.2833333333328,"timestamp":1771316209397}
{"symbol":"SHREECEM-EQ","action":"SELL","price":20892.4,"quantity":1,"pnl":479.9764037066416,"timestamp":1771316210407}
{"symbol":"SOLARINDS-EQ","action":"SELL","price":9682.25,"quantity":1,"pnl":171.03032883986452,"timestamp":1771316210413}
{"symbol":"DLF-EQ","action":"SELL","price":851.36,"quantity":1,"pnl":323.77375661375675,"timestamp":1771316211402}
{"symbol":"VBL-EQ","action":"SELL","price":727.84,"quantity":1,"pnl":-96.09142857142876,"timestamp":1771316212403}
{"symbol":"CGPOWER-EQ","action":"SELL","price":504.7,"quantity":1,"pnl":92.31953837188775,"timestamp":1771316214437}
{"symbol":"IRFC-EQ","action":"SELL","price":83.42,"quantity":1,"pnl":5.8016666666666765,"timestamp":1771316214446}
{"symbol":"DIVISLAB-EQ","action":"SELL","price":9408.43,"quantity":1,"pnl":1607.9692857142854,"timestamp":1771316216428}
{"symbol":"VBL-EQ","action":"SELL","price":776,"quantity":1,"pnl":-47.931428571428796,"timestamp":1771316216435}
{"symbol":"ADANIPOWER-EQ","action":"SELL","price":112.53,"quantity":1,"pnl":3.555000000000007,"timestamp":1771316216442}
{"symbol":"LODHA-EQ","action":"SELL","price":443.72,"quantity":1,"pnl":-121.58275000000003,"timestamp":1771316216453}
{"symbol":"GODREJCP-EQ","action":"SELL","price":1968.94,"quantity":1,"pnl":34.065000000000055,"timestamp":1771316217437}
{"symbol":"DLF-EQ","action":"SELL","price":905.99,"quantity":1,"pnl":378.40375661375674,"timestamp":1771316218451}
{"symbol":"HYUNDAI-EQ","action":"SELL","price":9787.34,"quantity":1,"pnl":-707.493333333332,"timestamp":1771316218457}
{"symbol":"ICICIGI-EQ","action":"SELL","price":93.6,"quantity":1,"pnl":-253.0057343397216,"timestamp":1771316219456}
{"symbol":"LTIM-EQ","action":"SELL","price":10042.7,"quantity":1,"pnl":1059.6000000000004,"timestamp":1771316220462}
{"symbol":"PIDILITIND-EQ","action":"SELL","price":1664.36,"quantity":1,"pnl":23.18068315624714,"timestamp":1771316221476}
{"symbol":"HINDZINC-EQ","action":"SELL","price":338.29,"quantity":1,"pnl":-16.160000000000025,"timestamp":1771316221488}
{"symbol":"GODREJCP-EQ","action":"SELL","price":2091.13,"quantity":1,"pnl":156.2550000000001,"timestamp":1771316223495}
{"symbol":"HAL-EQ","action":"SELL","price":7420.55,"quantity":1,"pnl":1687.4969761904767,"timestamp":1771316224486}
{"symbol":"BPCL-EQ","action":"SELL","price":335.39,"quantity":1,"pnl":27.46549382716057,"timestamp":1771316227500}
{"symbol":"INDHOTEL-EQ","action":"SELL","price":717.22,"quantity":1,"pnl":-40.538847999999916,"timestamp":1771316227512}
{"symbol":"HAL-EQ","action":"SELL","price":7804.66,"quantity":1,"pnl":2071.6069761904764,"timestamp":1771316228504}
{"symbol":"TATAPOWER-EQ","action":"SELL","price":116.21,"quantity":1,"pnl":-19.87350925925928,"timestamp":1771316228569}
{"symbol":"SHREECEM-EQ","action":"SELL","price":20824.01,"quantity":1,"pnl":411.5864037066385,"timestamp":1771316228656}
{"symbol":"BAJAJHLDNG-EQ","action":"SELL","price":18441.75,"quantity":1,"pnl":-235.34000000000015,"timestamp":1771316229516}
{"symbol":"PFC-EQ","action":"BUY","price":245.41,"quantity":1,"timestamp":1771316230522}
{"symbol":"JSWENERGY-EQ","action":"BUY","price":782.38,"quantity":1,"timestamp":1771316230537}
{"symbol":"TATAPOWER-EQ","action":"BUY","price":109.93,"quantity":1,"timestamp":1771316231524}
{"symbol":"HINDZINC-EQ","action":"BUY","price":317.76,"quantity":1,"timestamp":1771316231545}
{"symbol":"BAJAJHLDNG-EQ","action":"BUY","price":17282.06,"quantity":1,"timestamp":1771316234550}
{"symbol":"AMBUJACEM-EQ","action":"BUY","price":188.59,"quantity":1,"timestamp":1771316234559}
{"symbol":"INDHOTEL-EQ","action":"BUY","price":677.49,"quantity":1,"timestamp":1771316235544}
{"symbol":"ABB-EQ","action":"BUY","price":3819.84,"quantity":1,"timestamp":1771316235563}
{"symbol":"ADANIPOWER-EQ","action":"SELL","price":119.38,"quantity":1,"pnl":10.405000000000001,"timestamp":1771316237548}
{"symbol":"VEDL-EQ","action":"SELL","price":306.22,"quantity":1,"pnl":0.11666666666673109,"timestamp":1771316238558}
{"symbol":"LODHA-EQ","action":"SELL","price":471.45,"quantity":1,"pnl":-93.85275000000007,"timestamp":1771316239583}
{"symbol":"AMBUJACEM-EQ","action":"SELL","price":198.65,"quantity":1,"pnl":-67.00725468488028,"timestamp":1771316240582}
{"symbol":"TVSMOTOR-EQ","action":"SELL","price":1477.37,"quantity":1,"pnl":-179.93705769857752,"timestamp":1771316241589}
{"symbol":"GAIL-EQ","action":"SELL","price":271.98,"quantity":1,"pnl":42.87094642841444,"timestamp":1771316241605}
{"symbol":"TATAPOWER-EQ","action":"SELL","price":116.98,"quantity":1,"pnl":-13.872807407407393,"timestamp":1771316242603}
{"symbol":"SHREECEM-EQ","action":"SELL","price":22145.33,"quantity":1,"pnl":1732.9064037066419,"timestamp":1771316243622}
{"symbol":"NAUKRI-EQ","action":"SELL","price":703.1,"quantity":1,"pnl":-32.41297765764659,"timestamp":1771316245637}
{"symbol":"TVSMOTOR-EQ","action":"SELL","price":1565.92,"quantity":1,"pnl":-91.38705769857734,"timestamp":1771316246638}
{"symbol":"NAUKRI-EQ","action":"BUY","price":661.53,"quantity":1,"timestamp":1771316248667}
{"symbol":"SOLARINDS-EQ","action":"BUY","price":8134.91,"quantity":1,"timestamp":1771316249675}
{"symbol":"ENRIN-EQ","action":"BUY","price":2249.33,"quantity":1,"timestamp":1771316249681}
{"symbol":"LODHA-EQ","action":"BUY","price":446.35,"quantity":1,"timestamp":1771316250687}
{"symbol":"JSWENERGY-EQ","action":"BUY","price":685.44,"quantity":1,"timestamp":1771316250696}
{"symbol":"IRFC-EQ","action":"BUY","price":89.3,"quantity":1,"timestamp":1771316250701}
{"symbol":"PNB-EQ","action":"BUY","price":159.26,"quantity":1,"timestamp":1771316252705}
{"symbol":"BAJAJHFL-EQ","action":"BUY","price":367.64,"quantity":1,"timestamp":1771316252719}
{"symbol":"INDHOTEL-EQ","action":"BUY","price":596.61,"quantity":1,"timestamp":1771316253710}
{"symbol":"DMART-EQ","action":"SELL","price":7225.79,"quantity":1,"pnl":-888.7199999999993,"timestamp":1771316255739}
{"symbol":"MOTHERSON-EQ","action":"SELL","price":63.59,"quantity":1,"pnl":-23.871088339462858,"timestamp":1771316255746}
{"symbol":"ADANIGREEN-EQ","action":"SELL","price":944.48,"quantity":1,"pnl":25.683529575892862,"timestamp":1771316255762}
{"symbol":"BAJAJHLDNG-EQ","action":"SELL","price":18163.22,"quantity":1,"pnl":881.1599999999999,"timestamp":1771316256749}
{"symbol":"TORNTPHARM-EQ","action":"BUY","price":6717.65,"quantity":1,"timestamp":1771316257757}
{"symbol":"ADANIENSOL-EQ","action":"BUY","price":330.97,"quantity":1,"timestamp":1771316257768}
{"symbol":"DLF-EQ","action":"BUY","price":850.96,"quantity":1,"timestamp":1771316259776}
{"symbol":"CANBK-EQ","action":"BUY","price":294.87,"quantity":1,"timestamp":1771316260785}
{"symbol":"RECLTD-EQ","action":"BUY","price":309.28,"quantity":1,"timestamp":1771316261792}
{"symbol":"ICICIGI-EQ","action":"SELL","price":87.2,"quantity":1,"pnl":-259.4057343397216,"timestamp":1771316262799}
{"symbol":"AMBUJACEM-EQ","action":"SELL","price":212.06,"quantity":1,"pnl":-53.59725468488028,"timestamp":1771316262808}
{"symbol":"PIDILITIND-EQ","action":"SELL","price":1661.65,"quantity":1,"pnl":20.470683156247333,"timestamp":1771316263804}
{"symbol":"BAJAJHLDNG-EQ","action":"BUY","price":17130.76,"quantity":1,"timestamp":1771316266823}
{"symbol":"HAVELLS-EQ","action":"BUY","price":956.15,"quantity":1,"timestamp":1771316267832}
{"symbol":"ICICIGI-EQ","action":"BUY","price":80.94,"quantity":1,"timestamp":1771316268838}
{"symbol":"JINDALSTEL-EQ","action":"BUY","price":635.26,"quantity":1,"timestamp":1771316268846}
{"symbol":"TORNTPHARM-EQ","action":"SELL","price":7086.91,"quantity":1,"pnl":348.72500000000036,"timestamp":1771316270853}
{"symbol":"IRFC-EQ","action":"SELL","price":94.25,"quantity":1,"pnl":4.950000000000003,"timestamp":1771316270864}
{"symbol":"MAZDOCK-EQ","action":"SELL","price":1104.79,"quantity":1,"pnl":-329.02166666666653,"timestamp":1771316270868}
{"symbol":"BOSCHLTD-EQ","action":"SELL","price":13063.27,"quantity":1,"pnl":-3637.970001973921,"timestamp":1771316272878}
{"symbol":"BAJAJHLDNG-EQ","action":"SELL","price":18061.79,"quantity":1,"pnl":931.0300000000025,"timestamp":1771316274891}
{"symbol":"ADANIGREEN-EQ","action":"SELL","price":995.14,"quantity":1,"pnl":76.34352957589283,"timestamp":1771316274904}
{"symbol":"LICI-EQ","action":"SELL","price":435.5,"quantity":1,"pnl":-42.13584278155713,"timestamp":1771316274911}
{"symbol":"AMBUJACEM-EQ","action":"SELL","price":223.54,"quantity":1,"pnl":-42.117254684880294,"timestamp":1771316276915}
{"symbol":"DLF-EQ","action":"SELL","price":843.48,"quantity":1,"pnl":-7.480000000000018,"timestamp":1771316278929}
{"symbol":"BPCL-EQ","action":"SELL","price":381.02,"quantity":1,"pnl":73.09549382716057,"timestamp":1771316279928}
{"symbol":"IOC-EQ","action":"SELL","price":358.27,"quantity":1,"pnl":47.27999999999997,"timestamp":1771316279935}
{"symbol":"SIEMENS-EQ","action":"SELL","price":1290.38,"quantity":1,"pnl":-113.22901784181818,"timestamp":1771316279959}
{"symbol":"ADANIPOWER-EQ","action":"BUY","price":112.23,"quantity":1,"timestamp":1771316280942}
{"symbol":"GODREJCP-EQ","action":"BUY","price":2310.83,"quantity":1,"timestamp":1771316280950}
{"symbol":"PNB-EQ","action":"BUY","price":150.55,"quantity":1,"timestamp":1771316280957}
{"symbol":"VBL-EQ","action":"BUY","price":617.91,"quantity":1,"timestamp":1771316284976}
{"symbol":"BANKBARODA-EQ","action":"BUY","price":225.97,"quantity":1,"timestamp":1771316284984}
{"symbol":"CANBK-EQ","action":"BUY","price":277.94,"quantity":1,"timestamp":1771316284991}
{"symbol":"VEDL-EQ","action":"BUY","price":272.08,"quantity":1,"timestamp":1771316285984}
{"symbol":"LODHA-EQ","action":"BUY","price":398.45,"quantity":1,"timestamp":1771316288017}
{"symbol":"VBL-EQ","action":"BUY","price":581.16,"quantity":1,"timestamp":1771316289010}
{"symbol":"PIDILITIND-EQ","action":"BUY","price":1666.06,"quantity":1,"timestamp":1771316289023}
{"symbol":"IRFC-EQ","action":"BUY","price":92.84,"quantity":1,"timestamp":1771316289034}
{"symbol":"IOC-EQ","action":"BUY","price":358.32,"quantity":1,"timestamp":1771316290016}
{"symbol":"ADANIPOWER-EQ","action":"BUY","price":104.93,"quantity":1,"timestamp":1771316290026}
{"symbol":"PFC-EQ","action":"BUY","price":199.58,"quantity":1,"timestamp":1771316291030}
{"symbol":"HAVELLS-EQ","action":"BUY","price":891.12,"quantity":1,"timestamp":1771316291057}
{"symbol":"ABB-EQ","action":"BUY","price":3388.47,"quantity":1,"timestamp":1771316292043}
{"symbol":"GODREJCP-EQ","action":"BUY","price":2161.54,"quantity":1,"timestamp":1771316293146}
{"symbol":"BOSCHLTD-EQ","action":"BUY","price":12303.73,"quantity":1,"timestamp":1771316293164}
{"symbol":"VBL-EQ","action":"SELL","price":614.9,"quantity":1,"pnl":15.365000000000009,"timestamp":1771316294112}
{"symbol":"MOTHERSON-EQ","action":"SELL","price":64.08,"quantity":1,"pnl":-23.38108833946285,"timestamp":1771316295161}
{"symbol":"JINDALSTEL-EQ","action":"SELL","price":672.47,"quantity":1,"pnl":94.51387762411241,"timestamp":1771316295225}
{"symbol":"LICI-EQ","action":"SELL","price":458.91,"quantity":1,"pnl":-18.725842781557105,"timestamp":1771316295326}
{"symbol":"LODHA-EQ","action":"SELL","price":421.53,"quantity":1,"pnl":-108.04706250000015,"timestamp":1771316297120}
{"symbol":"DIVISLAB-EQ","action":"BUY","price":9981.98,"quantity":1,"timestamp":1771316300112}
{"symbol":"LTIM-EQ","action":"BUY","price":8863.71,"quantity":1,"timestamp":1771316300130}
{"symbol":"VEDL-EQ","action":"SELL","price":304.19,"quantity":1,"pnl":9.427777777777806,"timestamp":1771316301126}
{"symbol":"JSWENERGY-EQ","action":"SELL","price":757.67,"quantity":1,"pnl":23.759999999999877,"timestamp":1771316301152}
{"symbol":"HINDZINC-EQ","action":"BUY","price":267.21,"quantity":1,"timestamp":1771316303149}
{"symbol":"BPCL-EQ","action":"BUY","price":359.02,"quantity":1,"timestamp":1771316304140}
{"symbol":"DMART-EQ","action":"BUY","price":6824.84,"quantity":1,"timestamp":1771316304149}
{"symbol":"JINDALSTEL-EQ","action":"BUY","price":635.25,"quantity":1,"timestamp":1771316304163}
{"symbol":"INDHOTEL-EQ","action":"BUY","price":595.35,"quantity":1,"timestamp":1771316305154}
{"symbol":"GAIL-EQ","action":"BUY","price":305.34,"quantity":1,"timestamp":1771316305173}
{"symbol":"PIDILITIND-EQ","action":"BUY","price":1482.58,"quantity":1,"timestamp":1771316306166}
{"symbol":"AMBUJACEM-EQ","action":"BUY","price":211.56,"quantity":1,"timestamp":1771316306177}
{"symbol":"MOTHERSON-EQ","action":"BUY","price":60.48,"quantity":1,"timestamp":1771316307176}
{"symbol":"ICICIGI-EQ","action":"BUY","price":75.74,"quantity":1,"timestamp":1771316307186}
{"symbol":"ADANIENSOL-EQ","action":"BUY","price":310.75,"quantity":1,"timestamp":1771316307195}
{"symbol":"DIVISLAB-EQ","action":"BUY","price":9368.77,"quantity":1,"timestamp":1771316309195}
{"symbol":"JSWENERGY-EQ","action":"BUY","price":718.91,"quantity":1,"timestamp":1771316309214}
{"symbol":"BAJAJHLDNG-EQ","action":"BUY","price":17157.4,"quantity":1,"timestamp":1771316310202}
{"symbol":"UNITDSPR-EQ","action":"BUY","price":640.4,"quantity":1,"timestamp":1771316310210}
{"symbol":"ZYDUSLIFE-EQ","action":"BUY","price":2343.89,"quantity":1,"timestamp":1771316310222}
{"symbol":"IRFC-EQ","action":"BUY","price":88.04,"quantity":1,"timestamp":1771316310226}
{"symbol":"DLF-EQ","action":"BUY","price":753.1,"quantity":1,"timestamp":1771316311214}
{"symbol":"ABB-EQ","action":"BUY","price":3201.93,"quantity":1,"timestamp":1771316311224}
{"symbol":"ADANIPOWER-EQ","action":"BUY","price":99.31,"quantity":1,"timestamp":1771316312211}
{"symbol":"HYUNDAI-EQ","action":"BUY","price":8674.41,"quantity":1,"timestamp":1771316312225}
{"symbol":"SIEMENS-EQ","action":"SELL","price":1370.48,"quantity":1,"pnl":-33.12901784181827,"timestamp":1771316313218}
{"symbol":"TATAPOWER-EQ","action":"BUY","price":102.78,"quantity":1,"timestamp":1771316315223}
{"symbol":"RECLTD-EQ","action":"BUY","price":293.72,"quantity":1,"timestamp":1771316315233}
{"symbol":"IRFC-EQ","action":"BUY","price":82.91,"quantity":1,"timestamp":1771316317256}
{"symbol":"ADANIENSOL-EQ","action":"BUY","price":309.33,"quantity":1,"timestamp":1771316318261}
{"symbol":"VBL-EQ","action":"BUY","price":580.84,"quantity":1,"timestamp":1771316319258}
{"symbol":"DLF-EQ","action":"BUY","price":706.25,"quantity":1,"timestamp":1771316319274}
{"symbol":"HINDZINC-EQ","action":"BUY","price":253.09,"quantity":1,"timestamp":1771316319282}
{"symbol":"HYUNDAI-EQ","action":"BUY","price":8236.22,"quantity":1,"timestamp":1771316320266}
{"symbol":"DIVISLAB-EQ","action":"SELL","price":9918.14,"quantity":1,"pnl":242.76499999999942,"timestamp":1771316321263}
{"symbol":"ABB-EQ","action":"SELL","price":3380.16,"quantity":1,"pnl":-701.0982284311572,"timestamp":1771316322274}
{"symbol":"TVSMOTOR-EQ","action":"SELL","price":1658.39,"quantity":1,"pnl":1.0829423014226904,"timestamp":1771316323269}
{"symbol":"LICI-EQ","action":"SELL","price":483.06,"quantity":1,"pnl":5.424157218442872,"timestamp":1771316323289}
{"symbol":"VEDL-EQ","action":"SELL","price":323.21,"quantity":1,"pnl":28.44777777777773,"timestamp":1771316324272}
{"symbol":"ADANIENSOL-EQ","action":"SELL","price":310.14,"quantity":1,"pnl":-3.895924966227085,"timestamp":1771316324288}
{"symbol":"BPCL-EQ","action":"SELL","price":382.31,"quantity":1,"pnl":23.29000000000002,"timestamp":1771316325278}
{"symbol":"SOLARINDS-EQ","action":"SELL","price":9536.06,"quantity":1,"pnl":177.76362563543444,"timestamp":1771316326290}
{"symbol":"IRFC-EQ","action":"SELL","price":82.3,"quantity":1,"pnl":-5.6299999999999955,"timestamp":1771316326298}
{"symbol":"ENRIN-EQ","action":"SELL","price":2680.81,"quantity":1,"pnl":428.7750000000001,"timestamp":1771316326302}
{"symbol":"BOSCHLTD-EQ","action":"SELL","price":12891.33,"quantity":1,"pnl":-3516.742668508994,"timestamp":1771316327298}
{"symbol":"CHOLAFIN-EQ","action":"BUY","price":678.76,"quantity":1,"timestamp":1771316328293}
{"symbol":"VBL-EQ","action":"BUY","price":548.48,"quantity":1,"timestamp":1771316328304}
{"symbol":"IOC-EQ","action":"BUY","price":339.6,"quantity":1,"timestamp":1771316328309}
{"symbol":"HAL-EQ","action":"BUY","price":6483.63,"quantity":1,"timestamp":1771316329300}
{"symbol":"NAUKRI-EQ","action":"BUY","price":577.27,"quantity":1,"timestamp":1771316332338}
{"symbol":"LTIM-EQ","action":"SELL","price":9425.83,"quantity":1,"pnl":562.1200000000008,"timestamp":1771316333338}
{"symbol":"GAIL-EQ","action":"SELL","price":320.95,"quantity":1,"pnl":83.37084126970171,"timestamp":1771316335357}
{"symbol":"BOSCHLTD-EQ","action":"SELL","price":13621.78,"quantity":1,"pnl":-2786.2926685089933,"timestamp":1771316335371}
{"symbol":"VBL-EQ","action":"SELL","price":581.38,"quantity":1,"pnl":5.095000000000027,"timestamp":1771316336363}
{"symbol":"ADANIPOWER-EQ","action":"SELL","price":98.54,"quantity":1,"pnl":-6.950000000000003,"timestamp":1771316336371}
{"symbol":"JINDALSTEL-EQ","action":"SELL","price":740.41,"quantity":1,"pnl":157.67938782210297,"timestamp":1771316336382}
{"symbol":"JSWENERGY-EQ","action":"SELL","price":758.31,"quantity":1,"pnl":31.899999999999864,"timestamp":1771316336390}
{"symbol":"DLF-EQ","action":"BUY","price":663.54,"quantity":1,"timestamp":1771316338376}
{"symbol":"BANKBARODA-EQ","action":"BUY","price":222.62,"quantity":1,"timestamp":1771316341401}
{"symbol":"ICICIGI-EQ","action":"BUY","price":75.16,"quantity":1,"timestamp":1771316341414}
{"symbol":"HINDZINC-EQ","action":"BUY","price":222.87,"quantity":1,"timestamp":1771316341423}
{"symbol":"JSWENERGY-EQ","action":"BUY","price":718.59,"quantity":1,"timestamp":1771316341426}
{"symbol":"CHOLAFIN-EQ","action":"BUY","price":644.79,"quantity":1,"timestamp":1771316342414}
{"symbol":"BAJAJHLDNG-EQ","action":"BUY","price":16966.76,"quantity":1,"timestamp":1771316342423}
{"symbol":"BRITANNIA-EQ","action":"BUY","price":8400.68,"quantity":1,"timestamp":1771316343418}
{"symbol":"LICI-EQ","action":"BUY","price":458.26,"quantity":1,"timestamp":1771316343435}
{"symbol":"ICICIGI-EQ","action":"BUY","price":71.33,"quantity":1,"timestamp":1771316344423}
{"symbol":"TORNTPHARM-EQ","action":"BUY","price":7146.27,"quantity":1,"timestamp":1771316345430}
{"symbol":"ENRIN-EQ","action":"BUY","price":2532.99,"quantity":1,"timestamp":1771316345440}
{"symbol":"INDHOTEL-EQ","action":"BUY","price":560.8,"quantity":1,"timestamp":1771316346429}
{"symbol":"CGPOWER-EQ","action":"BUY","price":634.79,"quantity":1,"timestamp":1771316346439}
{"symbol":"IRFC-EQ","action":"BUY","price":83.48,"quantity":1,"timestamp":1771316346448}
{"symbol":"DLF-EQ","action":"SELL","price":697.45,"quantity":1,"pnl":-10.17999999999995,"timestamp":1771316347448}
{"symbol":"ADANIGREEN-EQ","action":"SELL","price":1234,"quantity":1,"pnl":315.20352957589284,"timestamp":1771316347459}
{"symbol":"IOC-EQ","action":"BUY","price":358.24,"quantity":1,"timestamp":1771316350456}
{"symbol":"BRITANNIA-EQ","action":"SELL","price":8404.96,"quantity":1,"pnl":-786.4350000000013,"timestamp":1771316352472}
{"symbol":"TORNTPHARM-EQ","action":"SELL","price":7643.21,"quantity":1,"pnl":700.9825000000001,"timestamp":1771316352483}
{"symbol":"DLF-EQ","action":"SELL","price":739.45,"quantity":1,"pnl":31.820000000000164,"timestamp":1771316352487}
{"symbol":"JSWENERGY-EQ","action":"SELL","price":754.86,"quantity":1,"pnl":32.360000000000014,"timestamp":1771316353498}
{"symbol":"HAL-EQ","action":"SELL","price":6887.31,"quantity":1,"pnl":403.6800000000003,"timestamp":1771316354485}
{"symbol":"ABB-EQ","action":"SELL","price":3652.68,"quantity":1,"pnl":-428.5782284311572,"timestamp":1771316354507}
{"symbol":"IOC-EQ","action":"BUY","price":335.42,"quantity":1,"timestamp":1771316355494}
{"symbol":"NAUKRI-EQ","action":"BUY","price":544.65,"quantity":1,"timestamp":1771316355502}
{"symbol":"ADANIPOWER-EQ","action":"BUY","price":98.48,"quantity":1,"timestamp":1771316356503}
{"symbol":"JINDALSTEL-EQ","action":"BUY","price":706.21,"quantity":1,"timestamp":1771316356513}
{"symbol":"BAJAJHFL-EQ","action":"BUY","price":409.54,"quantity":1,"timestamp":1771316356522}
{"symbol":"ENRIN-EQ","action":"BUY","price":2392.67,"quantity":1,"timestamp":1771316358525}
{"symbol":"MAZDOCK-EQ","action":"BUY","price":1046.05,"quantity":1,"timestamp":1771316358528}
{"symbol":"RECLTD-EQ","action":"SELL","price":276.82,"quantity":1,"pnl":-24.680000000000007,"timestamp":1771316361538}
{"symbol":"IOC-EQ","action":"SELL","price":354.02,"quantity":1,"pnl":13.505999999999972,"timestamp":1771316362535}
{"symbol":"CANBK-EQ","action":"SELL","price":288.87,"quantity":1,"pnl":2.465000000000032,"timestamp":1771316362542}
{"symbol":"VBL-EQ","action":"BUY","price":515.17,"quantity":1,"timestamp":1771316363540}
{"symbol":"ADANIPOWER-EQ","action":"BUY","price":92.5,"quantity":1,"timestamp":1771316363549}
{"symbol":"DLF-EQ","action":"BUY","price":700.38,"quantity":1,"timestamp":1771316363559}
{"symbol":"AMBUJACEM-EQ","action":"BUY","price":220.29,"quantity":1,"timestamp":1771316364555}
{"symbol":"LODHA-EQ","action":"BUY","price":419.98,"quantity":1,"timestamp":1771316364562}
{"symbol":"JINDALSTEL-EQ","action":"BUY","price":670.66,"quantity":1,"timestamp":1771316365567}
{"symbol":"BAJAJHFL-EQ","action":"BUY","price":388.29,"quantity":1,"timestamp":1771316365579}
{"symbol":"BANKBARODA-EQ","action":"BUY","price":206.96,"quantity":1,"timestamp":1771316367583}
{"symbol":"IOC-EQ","action":"BUY","price":330.99,"quantity":1,"timestamp":1771316368595}
{"symbol":"VBL-EQ","action":"BUY","price":487.82,"quantity":1,"timestamp":1771316369600}
{"symbol":"LTIM-EQ","action":"BUY","price":8796.13,"quantity":1,"timestamp":1771316369608}
{"symbol":"BAJAJHLDNG-EQ","action":"BUY","price":17807.99,"quantity":1,"timestamp":1771316370615}
{"symbol":"ADANIENSOL-EQ","action":"BUY","price":292.31,"quantity":1,"timestamp":1771316370626}
{"symbol":"IRFC-EQ","action":"BUY","price":88.08,"quantity":1,"timestamp":1771316370632}
{"symbol":"BRITANNIA-EQ","action":"BUY","price":7888.59,"quantity":1,"timestamp":1771316372623}
{"symbol":"NAUKRI-EQ","action":"BUY","price":538.06,"quantity":1,"timestamp":1771316372637}
{"symbol":"LODHA-EQ","action":"BUY","price":395.57,"quantity":1,"timestamp":1771316372649}
{"symbol":"SIEMENS-EQ","action":"BUY","price":1379.75,"quantity":1,"timestamp":1771316373638}
{"symbol":"PNB-EQ","action":"BUY","price":142.32,"quantity":1,"timestamp":1771316374649}
{"symbol":"SOLARINDS-EQ","action":"BUY","price":10019.51,"quantity":1,"timestamp":1771316375661}
{"symbol":"IOC-EQ","action":"SELL","price":348.85,"quantity":1,"pnl":10.240800000000036,"timestamp":1771316376666}
{"symbol":"ADANIPOWER-EQ","action":"SELL","price":97.93,"quantity":1,"pnl":-2.5600000000000023,"timestamp":1771316376671}
{"symbol":"CANBK-EQ","action":"SELL","price":308.62,"quantity":1,"pnl":22.215000000000032,"timestamp":1771316377680}
{"symbol":"PIDILITIND-EQ","action":"SELL","price":1532.42,"quantity":1,"pnl":-75.3296584218765,"timestamp":1771316377687}
{"symbol":"BAJAJHFL-EQ","action":"SELL","price":410.57,"quantity":1,"pnl":22.079999999999984,"timestamp":1771316377699}
{"symbol":"PFC-EQ","action":"SELL","price":209.7,"quantity":1,"pnl":-43.00968911656574,"timestamp":1771316378679}
{"symbol":"HINDZINC-EQ","action":"BUY","price":199.87,"quantity":1,"timestamp":1771316379691}
{"symbol":"IOC-EQ","action":"BUY","price":327.63,"quantity":1,"timestamp":1771316381697}
{"symbol":"CHOLAFIN-EQ","action":"BUY","price":637.06,"quantity":1,"timestamp":1771316382703}
{"symbol":"ADANIGREEN-EQ","action":"BUY","price":1402.54,"quantity":1,"timestamp":1771316382719}
{"symbol":"MOTHERSON-EQ","action":"BUY","price":51.28,"quantity":1,"timestamp":1771316384715}
{"symbol":"GODREJCP-EQ","action":"BUY","price":2146.43,"quantity":1,"timestamp":1771316384718}
{"symbol":"PNB-EQ","action":"BUY","price":142.44,"quantity":1,"timestamp":1771316384724}
{"symbol":"SHREECEM-EQ","action":"BUY","price":22463.53,"quantity":1,"timestamp":1771316384729}
{"symbol":"SOLARINDS-EQ","action":"BUY","price":9295.73,"quantity":1,"timestamp":1771316384735}
{"symbol":"JSWENERGY-EQ","action":"BUY","price":752.79,"quantity":1,"timestamp":1771316384740}
{"symbol":"BAJAJHLDNG-EQ","action":"SELL","price":18783.08,"quantity":1,"pnl":1472.363333333331,"timestamp":1771316386726}
{"symbol":"PFC-EQ","action":"SELL","price":221.38,"quantity":1,"pnl":-31.32968911656573,"timestamp":1771316387734}
{"symbol":"PIDILITIND-EQ","action":"BUY","price":1427.49,"quantity":1,"timestamp":1771316389762}
{"symbol":"TVSMOTOR-EQ","action":"BUY","price":1652.7,"quantity":1,"timestamp":1771316392772}
{"symbol":"INDHOTEL-EQ","action":"BUY","price":575.37,"quantity":1,"timestamp":1771316392783}
{"symbol":"IOC-EQ","action":"BUY","price":310.72,"quantity":1,"timestamp":1771316392793}
{"symbol":"ICICIGI-EQ","action":"BUY","price":66.77,"quantity":1,"timestamp":1771316392805}
{"symbol":"TORNTPHARM-EQ","action":"BUY","price":7611.88,"quantity":1,"timestamp":1771316392812}
{"symbol":"JSWENERGY-EQ","action":"BUY","price":708.21,"quantity":1,"timestamp":1771316392825}
{"symbol":"VEDL-EQ","action":"SELL","price":358.79,"quantity":1,"pnl":64.02777777777777,"timestamp":1771316393773}
{"symbol":"PFC-EQ","action":"SELL","price":235.03,"quantity":1,"pnl":-17.679689116565726,"timestamp":1771316393786}
{"symbol":"RECLTD-EQ","action":"SELL","price":296.3,"quantity":1,"pnl":-5.199999999999989,"timestamp":1771316393791}
{"symbol":"ADANIENSOL-EQ","action":"SELL","price":324.71,"quantity":1,"pnl":12.84666753039562,"timestamp":1771316394793}
{"symbol":"ENRIN-EQ","action":"SELL","price":2393.73,"quantity":1,"pnl":1.1649999999999636,"timestamp":1771316394800}
{"symbol":"CHOLAFIN-EQ","action":"SELL","price":672.5,"quantity":1,"pnl":-34.13149999999996,"timestamp":1771316396793}
{"symbol":"MOTHERSON-EQ","action":"SELL","price":54.52,"quantity":1,"pnl":-17.150544169731425,"timestamp":1771316396803}
{"symbol":"VBL-EQ","action":"SELL","price":517.94,"quantity":1,"pnl":-20.950000000000045,"timestamp":1771316398807}
{"symbol":"ADANIENSOL-EQ","action":"SELL","price":348.25,"quantity":1,"pnl":36.38666753039564,"timestamp":1771316398825}
{"symbol":"MAZDOCK-EQ","action":"SELL","price":1053.81,"quantity":1,"pnl":-186.1208333333334,"timestamp":1771316399832}
{"symbol":"DMART-EQ","action":"BUY","price":6881.07,"quantity":1,"timestamp":1771316400824}
{"symbol":"GAIL-EQ","action":"BUY","price":322.9,"quantity":1,"timestamp":1771316400834}
{"symbol":"DIVISLAB-EQ","action":"BUY","price":10632.84,"quantity":1,"timestamp":1771316401825}
{"symbol":"IOC-EQ","action":"BUY","price":292.9,"quantity":1,"timestamp":1771316401832}
{"symbol":"JINDALSTEL-EQ","action":"BUY","price":631.86,"quantity":1,"timestamp":1771316401845}
{"symbol":"AMBUJACEM-EQ","action":"BUY","price":195.74,"quantity":1,"timestamp":1771316404858}
{"symbol":"VEDL-EQ","action":"BUY","price":338.09,"quantity":1,"timestamp":1771316405856}
{"symbol":"DLF-EQ","action":"BUY","price":699.7,"quantity":1,"timestamp":1771316405870}
{"symbol":"GODREJCP-EQ","action":"BUY","price":2029.7,"quantity":1,"timestamp":1771316406873}
{"symbol":"PNB-EQ","action":"BUY","price":133.9,"quantity":1,"timestamp":1771316406882}
{"symbol":"ZYDUSLIFE-EQ","action":"BUY","price":1958.52,"quantity":1,"timestamp":1771316406891}
{"symbol":"ENRIN-EQ","action":"BUY","price":2226.9,"quantity":1,"timestamp":1771316406895}
{"symbol":"TORNTPHARM-EQ","action":"BUY","price":7195.82,"quantity":1,"timestamp":1771316407886}
{"symbol":"HAVELLS-EQ","action":"BUY","price":823.59,"quantity":1,"timestamp":1771316407893}
{"symbol":"ADANIGREEN-EQ","action":"BUY","price":1322.38,"quantity":1,"timestamp":1771316407899}
{"symbol":"INDHOTEL-EQ","action":"BUY","price":542.29,"quantity":1,"timestamp":1771316408892}
{"symbol":"ICICIGI-EQ","action":"BUY","price":66.06,"quantity":1,"timestamp":1771316409901}
{"symbol":"IOC-EQ","action":"BUY","price":277.51,"quantity":1,"timestamp":1771316410898}
{"symbol":"CANBK-EQ","action":"BUY","price":274.64,"quantity":1,"timestamp":1771316410906}
{"symbol":"GODREJCP-EQ","action":"BUY","price":1926.77,"quantity":1,"timestamp":1771316410910}
{"symbol":"ENRIN-EQ","action":"BUY","price":2087.51,"quantity":1,"timestamp":1771316410922}
{"symbol":"HINDZINC-EQ","action":"BUY","price":196.13,"quantity":1,"timestamp":1771316411918}
{"symbol":"TVSMOTOR-EQ","action":"BUY","price":1741.11,"quantity":1,"timestamp":1771316412915}
{"symbol":"BANKBARODA-EQ","action":"BUY","price":195.06,"quantity":1,"timestamp":1771316412924}
{"symbol":"PFC-EQ","action":"BUY","price":231.91,"quantity":1,"timestamp":1771316412929}
{"symbol":"TORNTPHARM-EQ","action":"BUY","price":6784.92,"quantity":1,"timestamp":1771316412937}
{"symbol":"MAZDOCK-EQ","action":"BUY","price":999.95,"quantity":1,"timestamp":1771316412947}
{"symbol":"SOLARINDS-EQ","action":"SELL","price":9246.25,"quantity":1,"pnl":-171.91109949165184,"timestamp":1771316414940}
{"symbol":"TVSMOTOR-EQ","action":"SELL","price":1828.82,"quantity":1,"pnl":164.91328525118524,"timestamp":1771316415938}
{"symbol":"ABB-EQ","action":"BUY","price":3276.6,"quantity":1,"timestamp":1771316416958}
{"symbol":"VEDL-EQ","action":"BUY","price":317.03,"quantity":1,"timestamp":1771316417950}
{"symbol":"CHOLAFIN-EQ","action":"BUY","price":634.48,"quantity":1,"timestamp":1771316418956}
{"symbol":"DIVISLAB-EQ","action":"BUY","price":10097.76,"quantity":1,"timestamp":1771316419966}
{"symbol":"VBL-EQ","action":"BUY","price":489.93,"quantity":1,"timestamp":1771316419972}
{"symbol":"RECLTD-EQ","action":"BUY","price":292.26,"quantity":1,"timestamp":1771316420980}
{"symbol":"LODHA-EQ","action":"BUY","price":369.21,"quantity":1,"timestamp":1771316420988}
{"symbol":"ICICIGI-EQ","action":"BUY","price":62.42,"quantity":1,"timestamp":1771316421988}
{"symbol":"HAVELLS-EQ","action":"BUY","price":873.24,"quantity":1,"timestamp":1771316421996}
{"symbol":"NAUKRI-EQ","action":"BUY","price":506.53,"quantity":1,"timestamp":1771316423005}
{"symbol":"SHREECEM-EQ","action":"BUY","price":23402.28,"quantity":1,"timestamp":1771316423020}
{"symbol":"JSWENERGY-EQ","action":"BUY","price":664.53,"quantity":1,"timestamp":1771316424027}
{"symbol":"TATAPOWER-EQ","action":"BUY","price":98.58,"quantity":1,"timestamp":1771316425018}
{"symbol":"DMART-EQ","action":"BUY","price":7331.52,"quantity":1,"timestamp":1771316425026}
{"symbol":"ENRIN-EQ","action":"BUY","price":1955.25,"quantity":1,"timestamp":1771316425039}
{"symbol":"BAJAJHFL-EQ","action":"BUY","price":435.47,"quantity":1,"timestamp":1771316425043}
{"symbol":"TVSMOTOR-EQ","action":"BUY","price":1730.79,"quantity":1,"timestamp":1771316426025}
{"symbol":"INDHOTEL-EQ","action":"BUY","price":513.11,"quantity":1,"timestamp":1771316426034}
{"symbol":"CANBK-EQ","action":"BUY","price":257.1,"quantity":1,"timestamp":1771316427040}
{"symbol":"BPCL-EQ","action":"BUY","price":487.94,"quantity":1,"timestamp":1771316428052}
{"symbol":"MOTHERSON-EQ","action":"BUY","price":51.61,"quantity":1,"timestamp":1771316428062}
{"symbol":"DLF-EQ","action":"BUY","price":685.34,"quantity":1,"timestamp":1771316428069}
{"symbol":"JSWENERGY-EQ","action":"BUY","price":625.18,"quantity":1,"timestamp":1771316428077}
{"symbol":"SIEMENS-EQ","action":"BUY","price":1375.51,"quantity":1,"timestamp":1771316428080}
{"symbol":"TATAPOWER-EQ","action":"SELL","price":104.09,"quantity":1,"pnl":-16.705204938271592,"timestamp":1771316429059}
{"symbol":"BAJAJHLDNG-EQ","action":"SELL","price":22382.59,"quantity":1,"pnl":5071.873333333333,"timestamp":1771316429070}
{"symbol":"SHREECEM-EQ","action":"SELL","price":24791.37,"quantity":1,"pnl":3818.839425105165,"timestamp":1771316430076}
{"symbol":"SOLARINDS-EQ","action":"SELL","price":9798.77,"quantity":1,"pnl":380.6089005083504,"timestamp":1771316430083}
{"symbol":"DMART-EQ","action":"BUY","price":6930.84,"quantity":1,"timestamp":1771316434092}
{"symbol":"ICICIGI-EQ","action":"BUY","price":58.4,"quantity":1,"timestamp":1771316434101}
{"symbol":"ZYDUSLIFE-EQ","action":"BUY","price":1855.83,"quantity":1,"timestamp":1771316434111}
{"symbol":"MOTHERSON-EQ","action":"BUY","price":48.24,"quantity":1,"timestamp":1771316435106}
{"symbol":"LICI-EQ","action":"BUY","price":551.78,"quantity":1,"timestamp":1771316436121}
{"symbol":"MOTHERSON-EQ","action":"BUY","price":45.7,"quantity":1,"timestamp":1771316439138}
{"symbol":"GAIL-EQ","action":"BUY","price":319.93,"quantity":1,"timestamp":1771316439144}
{"symbol":"MAZDOCK-EQ","action":"BUY","price":1042.22,"quantity":1,"timestamp":1771316440154}
{"symbol":"ADANIENSOL-EQ","action":"BUY","price":397.9,"quantity":1,"timestamp":1771316441164}
{"symbol":"SOLARINDS-EQ","action":"BUY","price":9258.46,"quantity":1,"timestamp":1771316442175}
{"symbol":"BPCL-EQ","action":"BUY","price":461.2,"quantity":1,"timestamp":1771316443170}
{"symbol":"BAJAJHFL-EQ","action":"BUY","price":410.14,"quantity":1,"timestamp":1771316443188}
{"symbol":"PFC-EQ","action":"BUY","price":219.25,"quantity":1,"timestamp":1771316444176}
{"symbol":"JINDALSTEL-EQ","action":"BUY","price":593.41,"quantity":1,"timestamp":1771316444184}
{"symbol":"SIEMENS-EQ","action":"BUY","price":1301.11,"quantity":1,"timestamp":1771316444193}
{"symbol":"DMART-EQ","action":"BUY","price":6498.68,"quantity":1,"timestamp":1771316445181}
{"symbol":"LTIM-EQ","action":"BUY","price":8293.55,"quantity":1,"timestamp":1771316445189}
{"symbol":"HAL-EQ","action":"BUY","price":7651.5,"quantity":1,"timestamp":1771316446189}
{"symbol":"PNB-EQ","action":"BUY","price":125.4,"quantity":1,"timestamp":1771316446201}
{"symbol":"AMBUJACEM-EQ","action":"BUY","price":204.35,"quantity":1,"timestamp":1771316446209}
{"symbol":"ABB-EQ","action":"BUY","price":3087.87,"quantity":1,"timestamp":1771316446218}
{"symbol":"INDHOTEL-EQ","action":"BUY","price":485.04,"quantity":1,"timestamp":1771316447205}
{"symbol":"ENRIN-EQ","action":"BUY","price":1856.34,"quantity":1,"timestamp":1771316447225}
{"symbol":"GAIL-EQ","action":"BUY","price":299.73,"quantity":1,"timestamp":1771316448223}
{"symbol":"BPCL-EQ","action":"BUY","price":433.88,"quantity":1,"timestamp":1771316450238}
{"symbol":"GODREJCP-EQ","action":"BUY","price":1922.29,"quantity":1,"timestamp":1771316450250}
{"symbol":"BAJAJHLDNG-EQ","action":"BUY","price":21175.48,"quantity":1,"timestamp":1771316450254}
{"symbol":"PFC-EQ","action":"SELL","price":231.32,"quantity":1,"pnl":-10.537813469939465,"timestamp":1771316451246}
{"symbol":"AMBUJACEM-EQ","action":"SELL","price":218.98,"quantity":1,"pnl":-30.19946763205735,"timestamp":1771316451257}
{"symbol":"JSWENERGY-EQ","action":"SELL","price":694.07,"quantity":1,"pnl":-0.571999999999889,"timestamp":1771316451263}
{"symbol":"SIEMENS-EQ","action":"SELL","price":1390.23,"quantity":1,"pnl":-0.5075967146970015,"timestamp":1771316451267}
{"symbol":"BANKBARODA-EQ","action":"SELL","price":220.07,"quantity":1,"pnl":7.417499999999961,"timestamp":1771316452252}
{"symbol":"ICICIGI-EQ","action":"SELL","price":61.38,"quantity":1,"pnl":-188.87678326503584,"timestamp":1771316452262}
{"symbol":"LODHA-EQ","action":"SELL","price":388.07,"quantity":1,"pnl":-101.10994375000007,"timestamp":1771316452273}
{"symbol":"HAL-EQ","action":"SELL","price":8087.51,"quantity":1,"pnl":436.0100000000002,"timestamp":1771316453254}
{"symbol":"CHOLAFIN-EQ","action":"SELL","price":713.75,"quantity":1,"pnl":21.54880000000003,"timestamp":1771316453260}
{"symbol":"ABB-EQ","action":"SELL","price":3252.29,"quantity":1,"pnl":-679.1310236926306,"timestamp":1771316453275}
{"symbol":"DLF-EQ","action":"SELL","price":732.36,"quantity":1,"pnl":34.09749999999997,"timestamp":1771316454276}
{"symbol":"CGPOWER-EQ","action":"SELL","price":861.66,"quantity":1,"pnl":226.87,"timestamp":1771316454283}
{"symbol":"HYUNDAI-EQ","action":"SELL","price":9796.01,"quantity":1,"pnl":1340.6950000000015,"timestamp":1771316454289}
{"symbol":"LICI-EQ","action":"SELL","price":618.5,"quantity":1,"pnl":129.9104943310657,"timestamp":1771316454297}
{"symbol":"DMART-EQ","action":"SELL","price":6935.05,"quantity":1,"pnl":-307.2314285714274,"timestamp":1771316455286}
{"symbol":"PFC-EQ","action":"SELL","price":247.04,"quantity":1,"pnl":5.182186530060534,"timestamp":1771316455291}
{"symbol":"CANBK-EQ","action":"SELL","price":254.98,"quantity":1,"pnl":-10.890000000000015,"timestamp":1771316455294}
{"symbol":"GODREJCP-EQ","action":"SELL","price":2021.76,"quantity":1,"pnl":-61.16666666666674,"timestamp":1771316455300}
{"symbol":"PNB-EQ","action":"SELL","price":133.59,"quantity":1,"pnl":-8.721666666666636,"timestamp":1771316456297}
{"symbol":"MAZDOCK-EQ","action":"SELL","price":1099.96,"quantity":1,"pnl":5.926388888888823,"timestamp":1771316456306}
{"symbol":"IRFC-EQ","action":"BUY","price":91.38,"quantity":1,"timestamp":1771316457309}
{"symbol":"UNITDSPR-EQ","action":"BUY","price":648.64,"quantity":1,"timestamp":1771316458312}
{"symbol":"ADANIENSOL-EQ","action":"BUY","price":375.87,"quantity":1,"timestamp":1771316458321}
{"symbol":"HAVELLS-EQ","action":"BUY","price":774.2,"quantity":1,"timestamp":1771316459320}
{"symbol":"CANBK-EQ","action":"BUY","price":238.89,"quantity":1,"timestamp":1771316460320}
{"symbol":"BANKBARODA-EQ","action":"SELL","price":233.31,"quantity":1,"pnl":20.65749999999997,"timestamp":1771316461323}
{"symbol":"ADANIGREEN-EQ","action":"SELL","price":1406.31,"quantity":1,"pnl":43.84999999999991,"timestamp":1771316461337}
{"symbol":"TORNTPHARM-EQ","action":"BUY","price":7749.71,"quantity":1,"timestamp":1771316462336}
{"symbol":"ADANIPOWER-EQ","action":"BUY","price":96.39,"quantity":1,"timestamp":1771316464341}
{"symbol":"SHREECEM-EQ","action":"BUY","price":26022.62,"quantity":1,"timestamp":1771316464351}
{"symbol":"AMBUJACEM-EQ","action":"BUY","price":219.83,"quantity":1,"timestamp":1771316464354}
{"symbol":"IOC-EQ","action":"BUY","price":259.02,"quantity":1,"timestamp":1771316466358}
{"symbol":"ABB-EQ","action":"BUY","price":3078.13,"quantity":1,"timestamp":1771316466372}
{"symbol":"CHOLAFIN-EQ","action":"BUY","price":667.92,"quantity":1,"timestamp":1771316467361}
{"symbol":"BANKBARODA-EQ","action":"BUY","price":219.32,"quantity":1,"timestamp":1771316467369}
{"symbol":"SOLARINDS-EQ","action":"SELL","price":9274.08,"quantity":1,"pnl":-126.33653288146706,"timestamp":1771316469377}
{"symbol":"ABB-EQ","action":"SELL","price":3255.7,"quantity":1,"pnl":-604.6134383849117,"timestamp":1771316469384}
{"symbol":"TVSMOTOR-EQ","action":"SELL","price":1827.78,"quantity":1,"pnl":158.29967814691963,"timestamp":1771316470376}
{"symbol":"BRITANNIA-EQ","action":"BUY","price":7492.37,"quantity":1,"timestamp":1771316472391}
{"symbol":"PNB-EQ","action":"BUY","price":126.2,"quantity":1,"timestamp":1771316472406}
{"symbol":"CGPOWER-EQ","action":"BUY","price":817.64,"quantity":1,"timestamp":1771316472410}
{"symbol":"ADANIGREEN-EQ","action":"BUY","price":1331.48,"quantity":1,"timestamp":1771316472417}
{"symbol":"HAVELLS-EQ","action":"BUY","price":733.85,"quantity":1,"timestamp":1771316474412}
{"symbol":"JSWENERGY-EQ","action":"BUY","price":658.53,"quantity":1,"timestamp":1771316474421}
{"symbol":"MAZDOCK-EQ","action":"BUY","price":1035.22,"quantity":1,"timestamp":1771316474426}
{"symbol":"IRFC-EQ","action":"BUY","price":86.79,"quantity":1,"timestamp":1771316475427}
{"symbol":"PFC-EQ","action":"BUY","price":233.66,"quantity":1,"timestamp":1771316477433}
{"symbol":"DIVISLAB-EQ","action":"BUY","price":9349.3,"quantity":1,"timestamp":1771316478432}
{"symbol":"ICICIGI-EQ","action":"BUY","price":54.2,"quantity":1,"timestamp":1771316480450}
{"symbol":"HAL-EQ","action":"BUY","price":7608.83,"quantity":1,"timestamp":1771316481452}
{"symbol":"INDHOTEL-EQ","action":"BUY","price":452.87,"quantity":1,"timestamp":1771316481459}
{"symbol":"GODREJCP-EQ","action":"BUY","price":2036.37,"quantity":1,"timestamp":1771316482470}
{"symbol":"MOTHERSON-EQ","action":"BUY","price":48.14,"quantity":1,"timestamp":1771316483478}
{"symbol":"ABB-EQ","action":"BUY","price":3054.39,"quantity":1,"timestamp":1771316483499}
{"symbol":"VBL-EQ","action":"BUY","price":523,"quantity":1,"timestamp":1771316486480}
{"symbol":"UNITDSPR-EQ","action":"BUY","price":615.41,"quantity":1,"timestamp":1771316486493}
{"symbol":"ENRIN-EQ","action":"BUY","price":1867.89,"quantity":1,"timestamp":1771316486505}
{"symbol":"DIVISLAB-EQ","action":"BUY","price":8865.58,"quantity":1,"timestamp":1771316487482}
{"symbol":"PFC-EQ","action":"BUY","price":220.39,"quantity":1,"timestamp":1771316487490}
{"symbol":"SIEMENS-EQ","action":"BUY","price":1311.63,"quantity":1,"timestamp":1771316488488}
{"symbol":"RECLTD-EQ","action":"BUY","price":345.58,"quantity":1,"timestamp":1771316490487}
{"symbol":"PNB-EQ","action":"BUY","price":119.56,"quantity":1,"timestamp":1771316490492}
{"symbol":"AMBUJACEM-EQ","action":"BUY","price":217.02,"quantity":1,"timestamp":1771316491506}
{"symbol":"ADANIPOWER-EQ","action":"SELL","price":96.3,"quantity":1,"pnl":-3.1650000000000063,"timestamp":1771316493500}
{"symbol":"CANBK-EQ","action":"SELL","price":288.74,"quantity":1,"pnl":36.360000000000014,"timestamp":1771316493508}
{"symbol":"NAUKRI-EQ","action":"SELL","price":477.52,"quantity":1,"pnl":-116.40549627627445,"timestamp":1771316493513}
{"symbol":"GODREJCP-EQ","action":"SELL","price":2179.85,"quantity":1,"pnl":104.68277777777757,"timestamp":1771316493518}
{"symbol":"DLF-EQ","action":"SELL","price":875.24,"quantity":1,"pnl":176.97749999999985,"timestamp":1771316494529}
{"symbol":"BOSCHLTD-EQ","action":"SELL","price":14447.93,"quantity":1,"pnl":-1960.14266850899,"timestamp":1771316495528}
{"symbol":"DIVISLAB-EQ","action":"SELL","price":9323.68,"quantity":1,"pnl":-400.49099999999817,"timestamp":1771316497521}
{"symbol":"BANKBARODA-EQ","action":"SELL","price":248.71,"quantity":1,"pnl":33.83500000000001,"timestamp":1771316497531}
{"symbol":"UNITDSPR-EQ","action":"SELL","price":615.5,"quantity":1,"pnl":-278.6548755787036,"timestamp":1771316497542}
{"symbol":"HAVELLS-EQ","action":"SELL","price":872.16,"quantity":1,"pnl":30.134999999999877,"timestamp":1771316497545}
{"symbol":"HYUNDAI-EQ","action":"SELL","price":12156.57,"quantity":1,"pnl":3701.255000000001,"timestamp":1771316497550}
{"symbol":"VEDL-EQ","action":"SELL","price":372.42,"quantity":1,"pnl":44.86000000000007,"timestamp":1771316498521}
{"symbol":"HAVELLS-EQ","action":"BUY","price":823.99,"quantity":1,"timestamp":1771316500559}
{"symbol":"AMBUJACEM-EQ","action":"BUY","price":203.63,"quantity":1,"timestamp":1771316500564}
{"symbol":"LODHA-EQ","action":"BUY","price":386.33,"quantity":1,"timestamp":1771316500569}
{"symbol":"SIEMENS-EQ","action":"BUY","price":1163.12,"quantity":1,"timestamp":1771316500576}
{"symbol":"CANBK-EQ","action":"BUY","price":272.65,"quantity":1,"timestamp":1771316501562}
{"symbol":"ENRIN-EQ","action":"BUY","price":1854.36,"quantity":1,"timestamp":1771316501581}
{"symbol":"JSWENERGY-EQ","action":"BUY","price":625.17,"quantity":1,"timestamp":1771316502577}
{"symbol":"GODREJCP-EQ","action":"BUY","price":2061.87,"quantity":1,"timestamp":1771316504583}
{"symbol":"CGPOWER-EQ","action":"BUY","price":821.65,"quantity":1,"timestamp":1771316505589}
{"symbol":"BOSCHLTD-EQ","action":"BUY","price":13573.14,"quantity":1,"timestamp":1771316505595}
{"symbol":"ADANIGREEN-EQ","action":"BUY","price":1262.95,"quantity":1,"timestamp":1771316505600}
{"symbol":"JSWENERGY-EQ","action":"BUY","price":593.09,"quantity":1,"timestamp":1771316505605}
{"symbol":"MOTHERSON-EQ","action":"BUY","price":40.69,"quantity":1,"timestamp":1771316506594}
{"symbol":"SHREECEM-EQ","action":"BUY","price":24458.05,"quantity":1,"timestamp":1771316507613}
{"symbol":"TATAPOWER-EQ","action":"BUY","price":115.75,"quantity":1,"timestamp":1771316508605}
{"symbol":"AMBUJACEM-EQ","action":"BUY","price":191.03,"quantity":1,"timestamp":1771316509621}
{"symbol":"TVSMOTOR-EQ","action":"SELL","price":2337.97,"quantity":1,"pnl":668.4896781469195,"timestamp":1771316510612}
{"symbol":"SIEMENS-EQ","action":"SELL","price":1222.75,"quantity":1,"pnl":-144.39335106628187,"timestamp":1771316510631}
{"symbol":"IRFC-EQ","action":"SELL","price":91.2,"quantity":1,"pnl":3.601666666666688,"timestamp":1771316510635}
{"symbol":"JSWENERGY-EQ","action":"BUY","price":562.01,"quantity":1,"timestamp":1771316511636}
{"symbol":"UNITDSPR-EQ","action":"BUY","price":614.81,"quantity":1,"timestamp":1771316512635}
{"symbol":"TORNTPHARM-EQ","action":"BUY","price":6825.29,"quantity":1,"timestamp":1771316514648}
{"symbol":"DLF-EQ","action":"BUY","price":877.72,"quantity":1,"timestamp":1771316514653}
{"symbol":"IOC-EQ","action":"BUY","price":242.55,"quantity":1,"timestamp":1771316515650}
{"symbol":"ICICIGI-EQ","action":"BUY","price":53.88,"quantity":1,"timestamp":1771316515661}
{"symbol":"DIVISLAB-EQ","action":"BUY","price":8194.94,"quantity":1,"timestamp":1771316516656}
{"symbol":"ABB-EQ","action":"BUY","price":2684.49,"quantity":1,"timestamp":1771316516674}
{"symbol":"BAJAJHFL-EQ","action":"BUY","price":432.87,"quantity":1,"timestamp":1771316517671}
{"symbol":"HAL-EQ","action":"SELL","price":8016.17,"quantity":1,"pnl":407.34000000000015,"timestamp":1771316518670}
{"symbol":"PIDILITIND-EQ","action":"SELL","price":1603.71,"quantity":1,"pnl":41.025256183592774,"timestamp":1771316518686}
{"symbol":"ENRIN-EQ","action":"SELL","price":1831.4,"quantity":1,"pnl":-247.77249999999958,"timestamp":1771316518696}
{"symbol":"BAJAJHLDNG-EQ","action":"SELL","price":25050.33,"quantity":1,"pnl":5807.231666666667,"timestamp":1771316519688}
{"symbol":"BOSCHLTD-EQ","action":"SELL","price":15130.64,"quantity":1,"pnl":-1059.3609247775312,"timestamp":1771316519700}
{"symbol":"DMART-EQ","action":"SELL","price":7656.57,"quantity":1,"pnl":414.28857142857214,"timestamp":1771316520691}
{"symbol":"CANBK-EQ","action":"SELL","price":322.5,"quantity":1,"pnl":59.985000000000014,"timestamp":1771316520701}
{"symbol":"ADANIPOWER-EQ","action":"SELL","price":108.79,"quantity":1,"pnl":9.325000000000017,"timestamp":1771316522713}
{"symbol":"INDHOTEL-EQ","action":"SELL","price":500.72,"quantity":1,"pnl":-116.96964553846146,"timestamp":1771316523724}
{"symbol":"IOC-EQ","action":"SELL","price":257.02,"quantity":1,"pnl":-49.456680000000006,"timestamp":1771316523732}
{"symbol":"CANBK-EQ","action":"SELL","price":339.43,"quantity":1,"pnl":76.91500000000002,"timestamp":1771316523742}
{"symbol":"ICICIGI-EQ","action":"SELL","price":56.95,"quantity":1,"pnl":-176.9553846596162,"timestamp":1771316524753}
{"symbol":"BAJAJHLDNG-EQ","action":"SELL","price":26587.67,"quantity":1,"pnl":7344.571666666663,"timestamp":1771316526733}
{"symbol":"RECLTD-EQ","action":"SELL","price":406.67,"quantity":1,"pnl":87.75000000000006,"timestamp":1771316526738}
{"symbol":"SHREECEM-EQ","action":"SELL","price":24335.66,"quantity":1,"pnl":2509.5685400841357,"timestamp":1771316526749}
{"symbol":"GAIL-EQ","action":"SELL","price":313.96,"quantity":1,"pnl":55.48788455978308,"timestamp":1771316527754}
{"symbol":"HAVELLS-EQ","action":"SELL","price":820,"quantity":1,"pnl":-19.019166666666592,"timestamp":1771316527761}
{"symbol":"ABB-EQ","action":"SELL","price":2821.66,"quantity":1,"pnl":-886.2113709410787,"timestamp":1771316528770}
{"symbol":"VEDL-EQ","action":"SELL","price":392.34,"quantity":1,"pnl":64.78000000000003,"timestamp":1771316529768}
{"symbol":"MOTHERSON-EQ","action":"BUY","price":38.48,"quantity":1,"timestamp":1771316530788}
{"symbol":"LODHA-EQ","action":"BUY","price":362.9,"quantity":1,"timestamp":1771316530804}
{"symbol":"JINDALSTEL-EQ","action":"BUY","price":441.54,"quantity":1,"timestamp":1771316532807}
{"symbol":"ZYDUSLIFE-EQ","action":"BUY","price":1966.13,"quantity":1,"timestamp":1771316532817}
{"symbol":"ICICIGI-EQ","action":"BUY","price":53.79,"quantity":1,"timestamp":1771316533821}
{"symbol":"SIEMENS-EQ","action":"BUY","price":1091,"quantity":1,"timestamp":1771316533834}
{"symbol":"ADANIPOWER-EQ","action":"BUY","price":103.2,"quantity":1,"timestamp":1771316534822}
{"symbol":"RECLTD-EQ","action":"BUY","price":385.77,"quantity":1,"timestamp":1771316534833}
{"symbol":"HYUNDAI-EQ","action":"BUY","price":14223.82,"quantity":1,"timestamp":1771316535836}
{"symbol":"ADANIGREEN-EQ","action":"BUY","price":1188.33,"quantity":1,"timestamp":1771316535842}
{"symbol":"NAUKRI-EQ","action":"BUY","price":473.21,"quantity":1,"timestamp":1771316536837}
{"symbol":"LODHA-EQ","action":"BUY","price":344.03,"quantity":1,"timestamp":1771316536851}
{"symbol":"IOC-EQ","action":"SELL","price":273.5,"quantity":1,"pnl":-32.97667999999999,"timestamp":1771316537846}
{"symbol":"SOLARINDS-EQ","action":"SELL","price":10320.11,"quantity":1,"pnl":919.6934671185336,"timestamp":1771316537862}
{"symbol":"BAJAJHFL-EQ","action":"SELL","price":436.41,"quantity":1,"pnl":25.31800000000004,"timestamp":1771316537868}
{"symbol":"DIVISLAB-EQ","action":"SELL","price":8661.49,"quantity":1,"pnl":-756.8347999999987,"timestamp":1771316539857}
{"symbol":"LICI-EQ","action":"SELL","price":657.57,"quantity":1,"pnl":168.98049433106576,"timestamp":1771316539879}
{"symbol":"ENRIN-EQ","action":"SELL","price":2060.6,"quantity":1,"pnl":-18.572499999999764,"timestamp":1771316540888}
{"symbol":"MOTHERSON-EQ","action":"SELL","price":41.21,"quantity":1,"pnl":-12.99795916768825,"timestamp":1771316541889}
{"symbol":"TATAPOWER-EQ","action":"SELL","price":121.83,"quantity":1,"pnl":1.8756625514403282,"timestamp":1771316542891}
{"symbol":"UNITDSPR-EQ","action":"SELL","price":645.64,"quantity":1,"pnl":-213.5967661313656,"timestamp":1771316542907}
{"symbol":"MAZDOCK-EQ","action":"SELL","price":1139.42,"quantity":1,"pnl":64.9909259259257,"timestamp":1771316542922}
{"symbol":"TVSMOTOR-EQ","action":"SELL","price":2317.17,"quantity":1,"pnl":647.6896781469197,"timestamp":1771316543898}
{"symbol":"HAVELLS-EQ","action":"SELL","price":864.07,"quantity":1,"pnl":25.050833333333458,"timestamp":1771316543919}
{"symbol":"IOC-EQ","action":"SELL","price":287.68,"quantity":1,"pnl":-18.79667999999998,"timestamp":1771316544909}
{"symbol":"SOLARINDS-EQ","action":"SELL","price":10859.21,"quantity":1,"pnl":1458.7934671185321,"timestamp":1771316545926}
{"symbol":"HINDZINC-EQ","action":"SELL","price":187.36,"quantity":1,"pnl":-71.4085714285714,"timestamp":1771316546929}
{"symbol":"HAL-EQ","action":"BUY","price":8046.26,"quantity":1,"timestamp":1771316547926}
{"symbol":"GAIL-EQ","action":"BUY","price":309.25,"quantity":1,"timestamp":1771316547940}
{"symbol":"PIDILITIND-EQ","action":"BUY","price":1518.76,"quantity":1,"timestamp":1771316549946}
{"symbol":"PNB-EQ","action":"BUY","price":113.01,"quantity":1,"timestamp":1771316549953}
{"symbol":"HAVELLS-EQ","action":"SELL","price":921.03,"quantity":1,"pnl":82.01083333333338,"timestamp":1771316551968}
{"symbol":"IOC-EQ","action":"SELL","price":318.91,"quantity":1,"pnl":12.43331999999998,"timestamp":1771316553961}
{"symbol":"ICICIGI-EQ","action":"SELL","price":60.03,"quantity":1,"pnl":-166.3705769654655,"timestamp":1771316554986}
{"symbol":"HAVELLS-EQ","action":"SELL","price":972.83,"quantity":1,"pnl":133.81083333333345,"timestamp":1771316554997}
{"symbol":"BPCL-EQ","action":"SELL","price":537.33,"quantity":1,"pnl":76.32333333333338,"timestamp":1771316555987}
{"symbol":"ADANIPOWER-EQ","action":"SELL","price":101.38,"quantity":1,"pnl":0.6700000000000017,"timestamp":1771316555999}
{"symbol":"CGPOWER-EQ","action":"SELL","price":877.68,"quantity":1,"pnl":58.03499999999997,"timestamp":1771316558010}
{"symbol":"ZYDUSLIFE-EQ","action":"SELL","price":1938.98,"quantity":1,"pnl":-92.11249999999995,"timestamp":1771316558024}
{"symbol":"LTIM-EQ","action":"SELL","price":8667.36,"quantity":1,"pnl":122.52000000000044,"timestamp":1771316559006}
{"symbol":"SIEMENS-EQ","action":"SELL","price":1149.13,"quantity":1,"pnl":-196.77155483041383,"timestamp":1771316559024}
{"symbol":"HINDZINC-EQ","action":"SELL","price":196.98,"quantity":1,"pnl":-61.78857142857143,"timestamp":1771316560018}
{"symbol":"VBL-EQ","action":"SELL","price":578.25,"quantity":1,"pnl":52.32999999999993,"timestamp":1771316564029}
{"symbol":"PNB-EQ","action":"SELL","price":112.79,"quantity":1,"pnl":-21.001041666666666,"timestamp":1771316564044}
{"symbol":"AMBUJACEM-EQ","action":"SELL","price":192.1,"quantity":1,"pnl":-47.36135760098503,"timestamp":1771316564052}
{"symbol":"BOSCHLTD-EQ","action":"SELL","price":15150.73,"quantity":1,"pnl":-1039.270924777531,"timestamp":1771316564056}
{"symbol":"BANKBARODA-EQ","action":"SELL","price":235.18,"quantity":1,"pnl":20.305000000000007,"timestamp":1771316565044}
{"symbol":"GAIL-EQ","action":"SELL","price":288.67,"quantity":1,"pnl":25.581713236166422,"timestamp":1771316565055}
{"symbol":"DLF-EQ","action":"SELL","price":871.21,"quantity":1,"pnl":113.12833333333344,"timestamp":1771316566054}
{"symbol":"TVSMOTOR-EQ","action":"SELL","price":2439.79,"quantity":1,"pnl":770.3096781469194,"timestamp":1771316567054}
{"symbol":"RECLTD-EQ","action":"SELL","price":343.74,"quantity":1,"pnl":-8.604999999999961,"timestamp":1771316567073}
{"symbol":"UNITDSPR-EQ","action":"SELL","price":607.54,"quantity":1,"pnl":-251.69676613136562,"timestamp":1771316567082}
{"symbol":"DIVISLAB-EQ","action":"SELL","price":8089.94,"quantity":1,"pnl":-1328.384799999999,"timestamp":1771316568064}
{"symbol":"SIEMENS-EQ","action":"SELL","price":1215.71,"quantity":1,"pnl":-130.1915548304139,"timestamp":1771316568089}
{"symbol":"ENRIN-EQ","action":"SELL","price":1965.91,"quantity":1,"pnl":-113.26249999999914,"timestamp":1771316568096}
{"symbol":"ICICIGI-EQ","action":"BUY","price":52.43,"quantity":1,"timestamp":1771316569075}
{"symbol":"AMBUJACEM-EQ","action":"BUY","price":181.64,"quantity":1,"timestamp":1771316570075}
{"symbol":"ADANIENSOL-EQ","action":"BUY","price":370.99,"quantity":1,"timestamp":1771316570086}
{"symbol":"CHOLAFIN-EQ","action":"BUY","price":623.57,"quantity":1,"timestamp":1771316571070}
{"symbol":"BOSCHLTD-EQ","action":"BUY","price":14266.87,"quantity":1,"timestamp":1771316571088}
{"symbol":"NAUKRI-EQ","action":"SELL","price":440.8,"quantity":1,"pnl":-133.00624689689545,"timestamp":1771316573082}
{"symbol":"RECLTD-EQ","action":"SELL","price":362.7,"quantity":1,"pnl":10.355000000000018,"timestamp":1771316573091}
{"symbol":"GAIL-EQ","action":"SELL","price":304.27,"quantity":1,"pnl":41.181713236166445,"timestamp":1771316573097}
{"symbol":"MOTHERSON-EQ","action":"BUY","price":36.71,"quantity":1,"timestamp":1771316576091}
{"symbol":"CHOLAFIN-EQ","action":"BUY","price":591.04,"quantity":1,"timestamp":1771316577093}
{"symbol":"ADANIGREEN-EQ","action":"BUY","price":1055.69,"quantity":1,"timestamp":1771316577117}
{"symbol":"HAL-EQ","action":"BUY","price":7553.26,"quantity":1,"timestamp":1771316578091}
{"symbol":"SOLARINDS-EQ","action":"BUY","price":9656.5,"quantity":1,"timestamp":1771316578115}
{"symbol":"JSWENERGY-EQ","action":"BUY","price":599.18,"quantity":1,"timestamp":1771316578121}
{"symbol":"TATAPOWER-EQ","action":"BUY","price":114.84,"quantity":1,"timestamp":1771316579104}
{"symbol":"ICICIGI-EQ","action":"BUY","price":49.26,"quantity":1,"timestamp":1771316580122}
{"symbol":"BOSCHLTD-EQ","action":"BUY","price":13505.37,"quantity":1,"timestamp":1771316580133}
{"symbol":"LODHA-EQ","action":"BUY","price":345.24,"quantity":1,"timestamp":1771316580183}
{"symbol":"BRITANNIA-EQ","action":"BUY","price":6739.19,"quantity":1,"timestamp":1771316581119}
{"symbol":"IOC-EQ","action":"BUY","price":317.05,"quantity":1,"timestamp":1771316581129}
{"symbol":"SHREECEM-EQ","action":"BUY","price":20339.3,"quantity":1,"timestamp":1771316581141}
{"symbol":"INDHOTEL-EQ","action":"BUY","price":399.98,"quantity":1,"timestamp":1771316583127}
{"symbol":"DMART-EQ","action":"BUY","price":6329.58,"quantity":1,"timestamp":1771316583134}
{"symbol":"NAUKRI-EQ","action":"BUY","price":415.54,"quantity":1,"timestamp":1771316583141}
{"symbol":"BAJAJHLDNG-EQ","action":"BUY","price":28064.9,"quantity":1,"timestamp":1771316583148}
{"symbol":"ENRIN-EQ","action":"BUY","price":1842.44,"quantity":1,"timestamp":1771316583173}
{"symbol":"SIEMENS-EQ","action":"BUY","price":1225.91,"quantity":1,"timestamp":1771316584150}
{"symbol":"TORNTPHARM-EQ","action":"SELL","price":6886.96,"quantity":1,"pnl":-298.01458333333267,"timestamp":1771316585153}
{"symbol":"HYUNDAI-EQ","action":"BUY","price":14139.03,"quantity":1,"timestamp":1771316586171}
{"symbol":"BAJAJHLDNG-EQ","action":"BUY","price":26331.61,"quantity":1,"timestamp":1771316587164}
{"symbol":"UNITDSPR-EQ","action":"BUY","price":572.59,"quantity":1,"timestamp":1771316587178}
{"symbol":"SHREECEM-EQ","action":"BUY","price":19029.77,"quantity":1,"timestamp":1771316587183}
{"symbol":"JSWENERGY-EQ","action":"BUY","price":593.42,"quantity":1,"timestamp":1771316588178}
{"symbol":"ABB-EQ","action":"BUY","price":2815.78,"quantity":1,"timestamp":1771316588183}
{"symbol":"ZYDUSLIFE-EQ","action":"BUY","price":1801.07,"quantity":1,"timestamp":1771316588188}
{"symbol":"LICI-EQ","action":"BUY","price":704.18,"quantity":1,"timestamp":1771316590194}
{"symbol":"DIVISLAB-EQ","action":"BUY","price":7541.5,"quantity":1,"timestamp":1771316591189}
{"symbol":"ADANIPOWER-EQ","action":"BUY","price":95.67,"quantity":1,"timestamp":1771316591205}
{"symbol":"HAVELLS-EQ","action":"BUY","price":963.63,"quantity":1,"timestamp":1771316592205}
{"symbol":"MAZDOCK-EQ","action":"BUY","price":949.09,"quantity":1,"timestamp":1771316592217}
{"symbol":"LTIM-EQ","action":"BUY","price":6958.56,"quantity":1,"timestamp":1771316593206}
{"symbol":"BRITANNIA-EQ","action":"BUY","price":6334.15,"quantity":1,"timestamp":1771316594204}
{"symbol":"HYUNDAI-EQ","action":"BUY","price":13388.98,"quantity":1,"timestamp":1771316594222}
{"symbol":"BAJAJHFL-EQ","action":"BUY","price":406.22,"quantity":1,"timestamp":1771316594230}
{"symbol":"ENRIN-EQ","action":"BUY","price":1739.41,"quantity":1,"timestamp":1771316595230}
{"symbol":"BPCL-EQ","action":"BUY","price":512.71,"quantity":1,"timestamp":1771316596216}
{"symbol":"BAJAJHLDNG-EQ","action":"BUY","price":24934.71,"quantity":1,"timestamp":1771316596226}
{"symbol":"ADANIENSOL-EQ","action":"SELL","price":391.29,"quantity":1,"pnl":60.411212749378706,"timestamp":1771316598231}
{"symbol":"AMBUJACEM-EQ","action":"SELL","price":203.89,"quantity":1,"pnl":-32.170101271515335,"timestamp":1771316599231}
{"symbol":"TATAPOWER-EQ","action":"SELL","price":120.9,"quantity":1,"pnl":1.7980521262002611,"timestamp":1771316600229}
{"symbol":"ZYDUSLIFE-EQ","action":"SELL","price":1899.69,"quantity":1,"pnl":-73.89687499999991,"timestamp":1771316601256}
{"symbol":"IOC-EQ","action":"SELL","price":354.67,"quantity":1,"pnl":46.68284571428569,"timestamp":1771316602252}
{"symbol":"GAIL-EQ","action":"SELL","price":320.92,"quantity":1,"pnl":57.83171323616642,"timestamp":1771316605280}
{"symbol":"LODHA-EQ","action":"SELL","price":385.93,"quantity":1,"pnl":-63.38688413461534,"timestamp":1771316605292}
{"symbol":"JSWENERGY-EQ","action":"SELL","price":624.57,"quantity":1,"pnl":-16.42680000000007,"timestamp":1771316605296}
{"symbol":"HAL-EQ","action":"SELL","price":7937.92,"quantity":1,"pnl":138.15999999999985,"timestamp":1771316606276}
{"symbol":"LTIM-EQ","action":"SELL","price":7312.71,"quantity":1,"pnl":-438.9900000000007,"timestamp":1771316606287}
{"symbol":"ABB-EQ","action":"SELL","price":2958.94,"quantity":1,"pnl":-680.3089577917649,"timestamp":1771316607301}
{"symbol":"IRFC-EQ","action":"SELL","price":87.55,"quantity":1,"pnl":-0.04833333333333201,"timestamp":1771316607305}
{"symbol":"DIVISLAB-EQ","action":"SELL","price":7537.76,"quantity":1,"pnl":-1411.3585999999978,"timestamp":1771316609300}
{"symbol":"PIDILITIND-EQ","action":"SELL","price":1604.44,"quantity":1,"pnl":52.73644213769467,"timestamp":1771316609314}
{"symbol":"AMBUJACEM-EQ","action":"SELL","price":216.5,"quantity":1,"pnl":-19.56010127151532,"timestamp":1771316609322}
{"symbol":"DMART-EQ","action":"SELL","price":6665.31,"quantity":1,"pnl":-424.854523809523,"timestamp":1771316610306}
{"symbol":"UNITDSPR-EQ","action":"SELL","price":607.65,"quantity":1,"pnl":-210.63722811259913,"timestamp":1771316610320}
{"symbol":"ABB-EQ","action":"SELL","price":3109.86,"quantity":1,"pnl":-529.3889577917644,"timestamp":1771316610328}
{"symbol":"SIEMENS-EQ","action":"SELL","price":1135.21,"quantity":1,"pnl":-200.69225859454605,"timestamp":1771316611317}
{"symbol":"PIDILITIND-EQ","action":"SELL","price":1692.45,"quantity":1,"pnl":140.74644213769466,"timestamp":1771316612316}
{"symbol":"LODHA-EQ","action":"SELL","price":408.42,"quantity":1,"pnl":-40.896884134615334,"timestamp":1771316612329}
{"symbol":"BRITANNIA-EQ","action":"SELL","price":6719.64,"quantity":1,"pnl":-809.4989999999998,"timestamp":1771316613320}
{"symbol":"BANKBARODA-EQ","action":"SELL","price":246.19,"quantity":1,"pnl":31.314999999999998,"timestamp":1771316614332}
{"symbol":"DIVISLAB-EQ","action":"SELL","price":7933.94,"quantity":1,"pnl":-1015.1785999999984,"timestamp":1771316615344}
{"symbol":"BPCL-EQ","action":"SELL","price":539.66,"quantity":1,"pnl":61.41888888888883,"timestamp":1771316615352}
{"symbol":"JINDALSTEL-EQ","action":"SELL","price":441.01,"quantity":1,"pnl":-149.84729587230424,"timestamp":1771316615366}
{"symbol":"HAVELLS-EQ","action":"SELL","price":1089.63,"quantity":1,"pnl":209.07388888888897,"timestamp":1771316615371}
{"symbol":"ENRIN-EQ","action":"SELL","price":1850.89,"quantity":1,"pnl":-145.92607142857105,"timestamp":1771316615383}
{"symbol":"BAJAJHFL-EQ","action":"SELL","price":404.24,"quantity":1,"pnl":-5.877599999999916,"timestamp":1771316615388}
{"symbol":"HAL-EQ","action":"SELL","price":8410.21,"quantity":1,"pnl":610.4499999999989,"timestamp":1771316616350}
{"symbol":"ADANIPOWER-EQ","action":"SELL","price":91.02,"quantity":1,"pnl":-8.01000000000002,"timestamp":1771316617356}
{"symbol":"HAVELLS-EQ","action":"SELL","price":1151.78,"quantity":1,"pnl":271.2238888888887,"timestamp":1771316618368}
{"symbol":"BAJAJHFL-EQ","action":"SELL","price":430.45,"quantity":1,"pnl":20.332400000000064,"timestamp":1771316618378}
{"symbol":"IRFC-EQ","action":"SELL","price":86.01,"quantity":1,"pnl":-1.588333333333324,"timestamp":1771316619366}
{"symbol":"PFC-EQ","action":"SELL","price":241.27,"quantity":1,"pnl":5.345311918036344,"timestamp":1771316623378}
{"symbol":"ABB-EQ","action":"SELL","price":3314.51,"quantity":1,"pnl":-324.7389577917643,"timestamp":1771316623392}
{"symbol":"BRITANNIA-EQ","action":"SELL","price":7068.22,"quantity":1,"pnl":-460.91899999999987,"timestamp":1771316624376}
{"symbol":"ENRIN-EQ","action":"SELL","price":1869.26,"quantity":1,"pnl":-127.55607142857116,"timestamp":1771316625403}
{"symbol":"LICI-EQ","action":"SELL","price":703.41,"quantity":1,"pnl":160.92287074829926,"timestamp":1771316625407}
{"symbol":"CHOLAFIN-EQ","action":"SELL","price":623.7,"quantity":1,"pnl":-40.77640000000008,"timestamp":1771316626402}
{"symbol":"BRITANNIA-EQ","action":"SELL","price":7444.37,"quantity":1,"pnl":-84.76900000000023,"timestamp":1771316627420}
{"symbol":"JSWENERGY-EQ","action":"SELL","price":662.94,"quantity":1,"pnl":21.943199999999933,"timestamp":1771316627461}
{"symbol":"PIDILITIND-EQ","action":"SELL","price":1709.19,"quantity":1,"pnl":157.48644213769467,"timestamp":1771316628432}
{"symbol":"ENRIN-EQ","action":"SELL","price":1983.48,"quantity":1,"pnl":-13.336071428570904,"timestamp":1771316629449}
{"symbol":"ADANIGREEN-EQ","action":"SELL","price":992.11,"quantity":1,"pnl":-248.072,"timestamp":1771316630448}
{"symbol":"HINDZINC-EQ","action":"SELL","price":209.3,"quantity":1,"pnl":-49.46857142857141,"timestamp":1771316630454}
{"symbol":"BRITANNIA-EQ","action":"SELL","price":7913.15,"quantity":1,"pnl":384.0109999999986,"timestamp":1771316631441}
{"symbol":"JINDALSTEL-EQ","action":"SELL","price":466.97,"quantity":1,"pnl":-123.88729587230421,"timestamp":1771316631457}
{"symbol":"SHREECEM-EQ","action":"SELL","price":18793.75,"quantity":1,"pnl":-2642.9675581129814,"timestamp":1771316631461}
{"symbol":"LODHA-EQ","action":"SELL","price":407.09,"quantity":1,"pnl":-42.22688413461543,"timestamp":1771316631466}
{"symbol":"TVSMOTOR-EQ","action":"SELL","price":2269.89,"quantity":1,"pnl":600.4096781469193,"timestamp":1771316632452}
{"symbol":"JSWENERGY-EQ","action":"SELL","price":697.75,"quantity":1,"pnl":56.75319999999988,"timestamp":1771316632471}
{"symbol":"ZYDUSLIFE-EQ","action":"SELL","price":2023.34,"quantity":1,"pnl":49.753124999999955,"timestamp":1771316632475}
{"symbol":"DIVISLAB-EQ","action":"SELL","price":8374.45,"quantity":1,"pnl":-574.6685999999972,"timestamp":1771316633462}
{"symbol":"ADANIENSOL-EQ","action":"SELL","price":389.25,"quantity":1,"pnl":58.371212749378685,"timestamp":1771316633478}
{"symbol":"MAZDOCK-EQ","action":"SELL","price":885.67,"quantity":1,"pnl":-146.9793827160496,"timestamp":1771316633485}
{"symbol":"IRFC-EQ","action":"BUY","price":81.67,"quantity":1,"timestamp":1771316636495}
{"symbol":"SHREECEM-EQ","action":"BUY","price":17788.94,"quantity":1,"timestamp":1771316637498}
{"symbol":"TVSMOTOR-EQ","action":"SELL","price":2386.29,"quantity":1,"pnl":716.8096781469192,"timestamp":1771316638499}
{"symbol":"MAZDOCK-EQ","action":"SELL","price":949.09,"quantity":1,"pnl":-83.55938271604975,"timestamp":1771316638532}
{"symbol":"NAUKRI-EQ","action":"SELL","price":438.93,"quantity":1,"pnl":-108.49853908074618,"timestamp":1771316639522}
{"symbol":"HYUNDAI-EQ","action":"BUY","price":11287.66,"quantity":1,"timestamp":1771316642547}
{"symbol":"ICICIGI-EQ","action":"BUY","price":40.94,"quantity":1,"timestamp":1771316643552}
{"symbol":"DLF-EQ","action":"BUY","price":722.8,"quantity":1,"timestamp":1771316643558}
{"symbol":"VBL-EQ","action":"BUY","price":443.65,"quantity":1,"timestamp":1771316644549}
{"symbol":"DMART-EQ","action":"BUY","price":5685.69,"quantity":1,"timestamp":1771316644558}
{"symbol":"CGPOWER-EQ","action":"BUY","price":831.8,"quantity":1,"timestamp":1771316644569}
{"symbol":"UNITDSPR-EQ","action":"BUY","price":570.02,"quantity":1,"timestamp":1771316644572}
{"symbol":"SHREECEM-EQ","action":"BUY","price":16727.82,"quantity":1,"timestamp":1771316644577}
{"symbol":"CHOLAFIN-EQ","action":"BUY","price":592.2,"quantity":1,"timestamp":1771316645561}
{"symbol":"AMBUJACEM-EQ","action":"BUY","price":190.88,"quantity":1,"timestamp":1771316645582}
{"symbol":"ZYDUSLIFE-EQ","action":"BUY","price":1900.58,"quantity":1,"timestamp":1771316645591}
{"symbol":"DIVISLAB-EQ","action":"BUY","price":7451.24,"quantity":1,"timestamp":1771316646565}
{"symbol":"LTIM-EQ","action":"BUY","price":6888.44,"quantity":1,"timestamp":1771316646575}
{"symbol":"IRFC-EQ","action":"BUY","price":77.04,"quantity":1,"timestamp":1771316646594}
{"symbol":"TATAPOWER-EQ","action":"BUY","price":107.23,"quantity":1,"timestamp":1771316648578}
{"symbol":"CANBK-EQ","action":"BUY","price":441.95,"quantity":1,"timestamp":1771316648590}
{"symbol":"PIDILITIND-EQ","action":"BUY","price":1723.05,"quantity":1,"timestamp":1771316648596}
{"symbol":"LICI-EQ","action":"BUY","price":629.2,"quantity":1,"timestamp":1771316648616}
{"symbol":"BAJAJHFL-EQ","action":"BUY","price":385.88,"quantity":1,"timestamp":1771316648621}
{"symbol":"HAL-EQ","action":"BUY","price":7542.88,"quantity":1,"timestamp":1771316651589}
{"symbol":"LODHA-EQ","action":"BUY","price":379.91,"quantity":1,"timestamp":1771316651608}
{"symbol":"BAJAJHFL-EQ","action":"BUY","price":363.83,"quantity":1,"timestamp":1771316651615}
{"symbol":"TVSMOTOR-EQ","action":"SELL","price":2526.65,"quantity":1,"pnl":857.1696781469195,"timestamp":1771316652593}
{"symbol":"MAZDOCK-EQ","action":"SELL","price":999.51,"quantity":1,"pnl":-33.139382716049795,"timestamp":1771316652622}
{"symbol":"BAJAJHLDNG-EQ","action":"SELL","price":24851.5,"quantity":1,"pnl":-1592.2400000000016,"timestamp":1771316653606}
{"symbol":"JSWENERGY-EQ","action":"SELL","price":742.39,"quantity":1,"pnl":101.39319999999987,"timestamp":1771316653625}
{"symbol":"DIVISLAB-EQ","action":"SELL","price":7890.8,"quantity":1,"pnl":-309.3792999999996,"timestamp":1771316654602}
{"symbol":"IOC-EQ","action":"SELL","price":374.14,"quantity":1,"pnl":66.15284571428566,"timestamp":1771316654610}
{"symbol":"PFC-EQ","action":"SELL","price":273.6,"quantity":1,"pnl":37.67531191803636,"timestamp":1771316655613}
{"symbol":"ICICIGI-EQ","action":"SELL","price":43.16,"quantity":1,"pnl":-162.60320270021947,"timestamp":1771316655621}
{"symbol":"SHREECEM-EQ","action":"SELL","price":17647.74,"quantity":1,"pnl":-3092.5879650941497,"timestamp":1771316655629}
{"symbol":"ADANIGREEN-EQ","action":"SELL","price":1044.15,"quantity":1,"pnl":-196.03199999999993,"timestamp":1771316655638}
{"symbol":"CHOLAFIN-EQ","action":"SELL","price":626.18,"quantity":1,"pnl":-27.97120000000018,"timestamp":1771316656613}
{"symbol":"ZYDUSLIFE-EQ","action":"SELL","price":2024.17,"quantity":1,"pnl":74.91875000000005,"timestamp":1771316657634}
{"symbol":"GAIL-EQ","action":"SELL","price":314.76,"quantity":1,"pnl":51.6717132361664,"timestamp":1771316658646}
{"symbol":"DMART-EQ","action":"SELL","price":6319.82,"quantity":1,"pnl":-536.265436507937,"timestamp":1771316659649}
{"symbol":"SHREECEM-EQ","action":"SELL","price":18680.23,"quantity":1,"pnl":-2060.0979650941517,"timestamp":1771316659660}
{"symbol":"LODHA-EQ","action":"SELL","price":404.33,"quantity":1,"pnl":-38.67716739510496,"timestamp":1771316659667}
{"symbol":"BAJAJHFL-EQ","action":"SELL","price":382.17,"quantity":1,"pnl":-13.842559999999935,"timestamp":1771316659674}
{"symbol":"PNB-EQ","action":"SELL","price":120.5,"quantity":1,"pnl":-13.291041666666672,"timestamp":1771316660659}
{"symbol":"ZYDUSLIFE-EQ","action":"SELL","price":2147.46,"quantity":1,"pnl":198.20875000000024,"timestamp":1771316660675}
{"symbol":"LTIM-EQ","action":"SELL","price":7274.15,"quantity":1,"pnl":-45.92000000000007,"timestamp":1771316662679}
{"symbol":"DIVISLAB-EQ","action":"SELL","price":7815.66,"quantity":1,"pnl":-384.51929999999993,"timestamp":1771316664690}
{"symbol":"VEDL-EQ","action":"BUY","price":383.03,"quantity":1,"timestamp":1771316666710}
{"symbol":"ABB-EQ","action":"BUY","price":3137.87,"quantity":1,"timestamp":1771316667734}
{"symbol":"LICI-EQ","action":"BUY","price":554.93,"quantity":1,"timestamp":1771316667739}
{"symbol":"BAJAJHFL-EQ","action":"BUY","price":357.42,"quantity":1,"timestamp":1771316667741}
{"symbol":"DIVISLAB-EQ","action":"BUY","price":7419.34,"quantity":1,"timestamp":1771316669734}
{"symbol":"BANKBARODA-EQ","action":"BUY","price":245.58,"quantity":1,"timestamp":1771316669743}
{"symbol":"HINDZINC-EQ","action":"BUY","price":196.71,"quantity":1,"timestamp":1771316669755}
{"symbol":"IRFC-EQ","action":"BUY","price":72.39,"quantity":1,"timestamp":1771316669761}
{"symbol":"VEDL-EQ","action":"BUY","price":357.5,"quantity":1,"timestamp":1771316670734}
{"symbol":"CHOLAFIN-EQ","action":"BUY","price":546.01,"quantity":1,"timestamp":1771316670742}
{"symbol":"BPCL-EQ","action":"BUY","price":475.14,"quantity":1,"timestamp":1771316670749}
{"symbol":"ICICIGI-EQ","action":"BUY","price":40.66,"quantity":1,"timestamp":1771316670760}
{"symbol":"JINDALSTEL-EQ","action":"BUY","price":443.23,"quantity":1,"timestamp":1771316672768}
{"symbol":"NAUKRI-EQ","action":"BUY","price":433.23,"quantity":1,"timestamp":1771316674768}
{"symbol":"CGPOWER-EQ","action":"BUY","price":750.57,"quantity":1,"timestamp":1771316674778}
{"symbol":"MAZDOCK-EQ","action":"BUY","price":931.32,"quantity":1,"timestamp":1771316674787}
{"symbol":"BANKBARODA-EQ","action":"BUY","price":233.07,"quantity":1,"timestamp":1771316676777}
{"symbol":"LODHA-EQ","action":"BUY","price":381.94,"quantity":1,"timestamp":1771316678795}
{"symbol":"BANKBARODA-EQ","action":"BUY","price":220.33,"quantity":1,"timestamp":1771316679791}
{"symbol":"ADANIENSOL-EQ","action":"BUY","price":369.66,"quantity":1,"timestamp":1771316679807}
{"symbol":"BAJAJHLDNG-EQ","action":"BUY","price":22240.24,"quantity":1,"timestamp":1771316680793}
{"symbol":"HYUNDAI-EQ","action":"BUY","price":10523.06,"quantity":1,"timestamp":1771316680803}
{"symbol":"ABB-EQ","action":"BUY","price":2976.4,"quantity":1,"timestamp":1771316680812}
{"symbol":"BRITANNIA-EQ","action":"BUY","price":7429.09,"quantity":1,"timestamp":1771316682792}
{"symbol":"TORNTPHARM-EQ","action":"BUY","price":6500.04,"quantity":1,"timestamp":1771316682807}
{"symbol":"SHREECEM-EQ","action":"BUY","price":19561.4,"quantity":1,"timestamp":1771316682816}
{"symbol":"MAZDOCK-EQ","action":"BUY","price":883.05,"quantity":1,"timestamp":1771316682825}
{"symbol":"LTIM-EQ","action":"BUY","price":7225.71,"quantity":1,"timestamp":1771316683815}
{"symbol":"LODHA-EQ","action":"BUY","price":360.81,"quantity":1,"timestamp":1771316683843}
{"symbol":"HINDZINC-EQ","action":"BUY","price":182.6,"quantity":1,"timestamp":1771316683850}
{"symbol":"PFC-EQ","action":"BUY","price":272.75,"quantity":1,"timestamp":1771316684815}
{"symbol":"AMBUJACEM-EQ","action":"BUY","price":179.69,"quantity":1,"timestamp":1771316684830}
{"symbol":"BRITANNIA-EQ","action":"BUY","price":7033.57,"quantity":1,"timestamp":1771316685826}
{"symbol":"VEDL-EQ","action":"BUY","price":353.11,"quantity":1,"timestamp":1771316686828}
{"symbol":"BPCL-EQ","action":"SELL","price":499.83,"quantity":1,"pnl":22.622592592592582,"timestamp":1771316687833}
{"symbol":"JSWENERGY-EQ","action":"SELL","price":823.3,"quantity":1,"pnl":182.30319999999972,"timestamp":1771316688877}
{"symbol":"DLF-EQ","action":"SELL","price":729.83,"quantity":1,"pnl":-16.491111111110968,"timestamp":1771316690877}
{"symbol":"ADANIENSOL-EQ","action":"SELL","price":391.9,"quantity":1,"pnl":57.14309147444078,"timestamp":1771316692899}
{"symbol":"BANKBARODA-EQ","action":"SELL","price":232.94,"quantity":1,"pnl":-0.05333333333334167,"timestamp":1771316695895}
{"symbol":"AMBUJACEM-EQ","action":"SELL","price":190.62,"quantity":1,"pnl":-39.46655994545472,"timestamp":1771316695910}
{"symbol":"BRITANNIA-EQ","action":"BUY","price":6582.78,"quantity":1,"timestamp":1771316696906}
{"symbol":"ZYDUSLIFE-EQ","action":"BUY","price":2175.59,"quantity":1,"timestamp":1771316697926}
{"symbol":"CHOLAFIN-EQ","action":"BUY","price":518.18,"quantity":1,"timestamp":1771316698920}
{"symbol":"ADANIGREEN-EQ","action":"BUY","price":1054.54,"quantity":1,"timestamp":1771316698939}
{"symbol":"IOC-EQ","action":"BUY","price":353.9,"quantity":1,"timestamp":1771316700938}
{"symbol":"PNB-EQ","action":"BUY","price":111.12,"quantity":1,"timestamp":1771316701954}
{"symbol":"PFC-EQ","action":"BUY","price":241.37,"quantity":1,"timestamp":1771316702962}
{"symbol":"AMBUJACEM-EQ","action":"BUY","price":180.96,"quantity":1,"timestamp":1771316702973}
{"symbol":"JSWENERGY-EQ","action":"BUY","price":772.8,"quantity":1,"timestamp":1771316702980}
{"symbol":"BANKBARODA-EQ","action":"BUY","price":221.07,"quantity":1,"timestamp":1771316703959}
{"symbol":"TORNTPHARM-EQ","action":"BUY","price":6130.77,"quantity":1,"timestamp":1771316703976}
{"symbol":"IRFC-EQ","action":"BUY","price":72,"quantity":1,"timestamp":1771316703986}
{"symbol":"BRITANNIA-EQ","action":"BUY","price":6239.07,"quantity":1,"timestamp":1771316704962}
{"symbol":"LTIM-EQ","action":"BUY","price":6420.34,"quantity":1,"timestamp":1771316704973}
{"symbol":"VEDL-EQ","action":"SELL","price":352.38,"quantity":1,"pnl":-12.166666666666629,"timestamp":1771316705971}
{"symbol":"DIVISLAB-EQ","action":"SELL","price":8225.12,"quantity":1,"pnl":805.7800000000007,"timestamp":1771316705978}
{"symbol":"GODREJCP-EQ","action":"SELL","price":2174.2,"quantity":1,"pnl":101.24898148148122,"timestamp":1771316705989}
{"symbol":"UNITDSPR-EQ","action":"SELL","price":646.5,"quantity":1,"pnl":-136.32048123937057,"timestamp":1771316705996}
{"symbol":"CANBK-EQ","action":"SELL","price":464.98,"quantity":1,"pnl":23.03000000000003,"timestamp":1771316706985}
{"symbol":"DMART-EQ","action":"SELL","price":7507.22,"quantity":1,"pnl":651.1345634920626,"timestamp":1771316707992}
{"symbol":"ADANIPOWER-EQ","action":"SELL","price":90.42,"quantity":1,"pnl":-8.61,"timestamp":1771316707996}
{"symbol":"DLF-EQ","action":"SELL","price":817.53,"quantity":1,"pnl":71.20888888888885,"timestamp":1771316708006}
{"symbol":"VEDL-EQ","action":"SELL","price":374.38,"quantity":1,"pnl":9.833333333333371,"timestamp":1771316708995}
{"symbol":"BPCL-EQ","action":"SELL","price":525.35,"quantity":1,"pnl":48.142592592592564,"timestamp":1771316709003}
{"symbol":"BAJAJHLDNG-EQ","action":"SELL","price":23163.68,"quantity":1,"pnl":-1878.8933333333334,"timestamp":1771316710015}
{"symbol":"CGPOWER-EQ","action":"SELL","price":835.59,"quantity":1,"pnl":34.91833333333341,"timestamp":1771316711020}
{"symbol":"HYUNDAI-EQ","action":"SELL","price":11614.35,"quantity":1,"pnl":-1098.1599999999999,"timestamp":1771316711029}
{"symbol":"IRFC-EQ","action":"SELL","price":76.39,"quantity":1,"pnl":-4.45214285714286,"timestamp":1771316711037}
{"symbol":"LICI-EQ","action":"SELL","price":553.14,"quantity":1,"pnl":-9.178277551020415,"timestamp":1771316711042}
{"symbol":"TVSMOTOR-EQ","action":"SELL","price":2820.93,"quantity":1,"pnl":1151.4496781469195,"timestamp":1771316712018}
{"symbol":"HINDZINC-EQ","action":"SELL","price":194.39,"quantity":1,"pnl":-41.340714285714284,"timestamp":1771316712037}
{"symbol":"IOC-EQ","action":"SELL","price":375.29,"quantity":1,"pnl":59.65070476190476,"timestamp":1771316713036}
{"symbol":"INDHOTEL-EQ","action":"SELL","price":379.77,"quantity":1,"pnl":-221.1727497278107,"timestamp":1771316715034}
{"symbol":"ADANIPOWER-EQ","action":"SELL","price":95.98,"quantity":1,"pnl":-3.049999999999997,"timestamp":1771316715043}
{"symbol":"AMBUJACEM-EQ","action":"SELL","price":192.54,"quantity":1,"pnl":-34.65676230160446,"timestamp":1771316715053}
{"symbol":"HYUNDAI-EQ","action":"SELL","price":12298.21,"quantity":1,"pnl":-414.3000000000011,"timestamp":1771316717057}
{"symbol":"VEDL-EQ","action":"SELL","price":398.51,"quantity":1,"pnl":33.96333333333337,"timestamp":1771316719060}
{"symbol":"HAL-EQ","action":"SELL","price":8857.16,"quantity":1,"pnl":1314.2799999999997,"timestamp":1771316719067}
{"symbol":"LTIM-EQ","action":"SELL","price":6400.38,"quantity":1,"pnl":-588.3266666666659,"timestamp":1771316719075}
{"symbol":"GAIL-EQ","action":"SELL","price":373.96,"quantity":1,"pnl":110.87171323616639,"timestamp":1771316719084}
{"symbol":"ADANIENSOL-EQ","action":"SELL","price":433.52,"quantity":1,"pnl":98.76309147444078,"timestamp":1771316720079}
{"symbol":"BAJAJHFL-EQ","action":"SELL","price":379.72,"quantity":1,"pnl":-8.574047999999948,"timestamp":1771316720093}
{"symbol":"TORNTPHARM-EQ","action":"BUY","price":5806.18,"quantity":1,"timestamp":1771316722093}
{"symbol":"ICICIGI-EQ","action":"BUY","price":37.68,"quantity":1,"timestamp":1771316723096}
{"symbol":"TVSMOTOR-EQ","action":"SELL","price":2973.14,"quantity":1,"pnl":1303.6596781469195,"timestamp":1771316726114}
{"symbol":"BPCL-EQ","action":"BUY","price":494.06,"quantity":1,"timestamp":1771316728157}
{"symbol":"PNB-EQ","action":"BUY","price":111,"quantity":1,"timestamp":1771316728180}
{"symbol":"ADANIGREEN-EQ","action":"BUY","price":995.16,"quantity":1,"timestamp":1771316728196}
{"symbol":"GODREJCP-EQ","action":"BUY","price":1956.52,"quantity":1,"timestamp":1771316729175}
{"symbol":"DMART-EQ","action":"BUY","price":7112.83,"quantity":1,"timestamp":1771316730175}
{"symbol":"PIDILITIND-EQ","action":"BUY","price":1629.32,"quantity":1,"timestamp":1771316730186}
{"symbol":"TORNTPHARM-EQ","action":"SELL","price":6163.38,"quantity":1,"pnl":-631.8528645833321,"timestamp":1771316731204}
{"symbol":"TVSMOTOR-EQ","action":"SELL","price":3147.94,"quantity":1,"pnl":1478.4596781469197,"timestamp":1771316732195}
{"symbol":"HYUNDAI-EQ","action":"SELL","price":13622.56,"quantity":1,"pnl":910.0499999999993,"timestamp":1771316732217}
{"symbol":"GAIL-EQ","action":"SELL","price":398.27,"quantity":1,"pnl":135.1817132361664,"timestamp":1771316734227}
{"symbol":"IRFC-EQ","action":"SELL","price":80.75,"quantity":1,"pnl":-0.09214285714286063,"timestamp":1771316734240}
{"symbol":"DLF-EQ","action":"SELL","price":920.75,"quantity":1,"pnl":174.42888888888888,"timestamp":1771316736240}
{"symbol":"HINDZINC-EQ","action":"SELL","price":204.15,"quantity":1,"pnl":-31.580714285714294,"timestamp":1771316736259}
{"symbol":"ADANIPOWER-EQ","action":"BUY","price":90.72,"quantity":1,"timestamp":1771316738263}
{"symbol":"BOSCHLTD-EQ","action":"BUY","price":11970.72,"quantity":1,"timestamp":1771316738301}
{"symbol":"HAL-EQ","action":"BUY","price":8333.81,"quantity":1,"timestamp":1771316739264}
{"symbol":"ENRIN-EQ","action":"BUY","price":1716.14,"quantity":1,"timestamp":1771316739299}
{"symbol":"AMBUJACEM-EQ","action":"BUY","price":190.56,"quantity":1,"timestamp":1771316740278}
{"symbol":"SHREECEM-EQ","action":"BUY","price":15411.97,"quantity":1,"timestamp":1771316741296}
{"symbol":"BPCL-EQ","action":"BUY","price":443.29,"quantity":1,"timestamp":1771316742288}
{"symbol":"CANBK-EQ","action":"BUY","price":442.22,"quantity":1,"timestamp":1771316742303}
{"symbol":"MOTHERSON-EQ","action":"BUY","price":31.38,"quantity":1,"timestamp":1771316742309}
{"symbol":"DMART-EQ","action":"BUY","price":6613.56,"quantity":1,"timestamp":1771316743290}
{"symbol":"HINDZINC-EQ","action":"BUY","price":193.1,"quantity":1,"timestamp":1771316743310}
{"symbol":"ENRIN-EQ","action":"BUY","price":1629.18,"quantity":1,"timestamp":1771316743317}
{"symbol":"TVSMOTOR-EQ","action":"BUY","price":2983.73,"quantity":1,"timestamp":1771316744291}
{"symbol":"PIDILITIND-EQ","action":"BUY","price":1535.38,"quantity":1,"timestamp":1771316744304}
{"symbol":"ADANIGREEN-EQ","action":"BUY","price":938.69,"quantity":1,"timestamp":1771316744316}
{"symbol":"LICI-EQ","action":"BUY","price":552.72,"quantity":1,"timestamp":1771316745323}
{"symbol":"BANKBARODA-EQ","action":"BUY","price":223.36,"quantity":1,"timestamp":1771316747311}
{"symbol":"HINDZINC-EQ","action":"BUY","price":182.43,"quantity":1,"timestamp":1771316747327}
{"symbol":"SIEMENS-EQ","action":"BUY","price":948.34,"quantity":1,"timestamp":1771316747331}
{"symbol":"IRFC-EQ","action":"BUY","price":76.25,"quantity":1,"timestamp":1771316748332}
{"symbol":"ENRIN-EQ","action":"BUY","price":1536.86,"quantity":1,"timestamp":1771316748336}
{"symbol":"GODREJCP-EQ","action":"SELL","price":2196.73,"quantity":1,"pnl":143.18415123456816,"timestamp":1771316750332}
{"symbol":"HAVELLS-EQ","action":"SELL","price":1142.02,"quantity":1,"pnl":261.46388888888873,"timestamp":1771316750346}
{"symbol":"IOC-EQ","action":"SELL","price":469.42,"quantity":1,"pnl":153.7807047619047,"timestamp":1771316751334}
{"symbol":"AMBUJACEM-EQ","action":"SELL","price":201.03,"quantity":1,"pnl":-24.011658636804185,"timestamp":1771316751348}
{"symbol":"BAJAJHFL-EQ","action":"SELL","price":396.59,"quantity":1,"pnl":8.295952,"timestamp":1771316751357}
{"symbol":"GAIL-EQ","action":"BUY","price":397.41,"quantity":1,"timestamp":1771316752346}
{"symbol":"MOTHERSON-EQ","action":"SELL","price":35.42,"quantity":1,"pnl":-14.755367334150598,"timestamp":1771316754357}
{"symbol":"TORNTPHARM-EQ","action":"SELL","price":6491.76,"quantity":1,"pnl":-303.472864583332,"timestamp":1771316754369}
{"symbol":"UNITDSPR-EQ","action":"SELL","price":685.05,"quantity":1,"pnl":-97.77048123937061,"timestamp":1771316754375}
{"symbol":"INDHOTEL-EQ","action":"SELL","price":401.16,"quantity":1,"pnl":-199.78274972781065,"timestamp":1771316755370}
{"symbol":"PFC-EQ","action":"SELL","price":252.7,"quantity":1,"pnl":8.321187150821771,"timestamp":1771316755383}
{"symbol":"IOC-EQ","action":"BUY","price":438.72,"quantity":1,"timestamp":1771316757383}
{"symbol":"PNB-EQ","action":"BUY","price":111.04,"quantity":1,"timestamp":1771316757402}
{"symbol":"DLF-EQ","action":"BUY","price":915.41,"quantity":1,"timestamp":1771316757408}
{"symbol":"BANKBARODA-EQ","action":"BUY","price":211.37,"quantity":1,"timestamp":1771316758393}
{"symbol":"ENRIN-EQ","action":"BUY","price":1439.21,"quantity":1,"timestamp":1771316758427}
{"symbol":"MAZDOCK-EQ","action":"BUY","price":783.56,"quantity":1,"timestamp":1771316758433}
{"symbol":"ADANIPOWER-EQ","action":"BUY","price":84.8,"quantity":1,"timestamp":1771316760409}
{"symbol":"BAJAJHLDNG-EQ","action":"BUY","price":24271.07,"quantity":1,"timestamp":1771316760427}
{"symbol":"BOSCHLTD-EQ","action":"BUY","price":11305.16,"quantity":1,"timestamp":1771316760441}
{"symbol":"INDHOTEL-EQ","action":"SELL","price":421.52,"quantity":1,"pnl":-179.4227497278107,"timestamp":1771316761413}
{"symbol":"UNITDSPR-EQ","action":"SELL","price":722.21,"quantity":1,"pnl":-60.61048123937053,"timestamp":1771316761440}
{"symbol":"IOC-EQ","action":"SELL","price":463.44,"quantity":1,"pnl":123.18456380952375,"timestamp":1771316763436}
{"symbol":"PNB-EQ","action":"SELL","price":116.66,"quantity":1,"pnl":-9.55180555555556,"timestamp":1771316763465}
{"symbol":"IRFC-EQ","action":"SELL","price":80.98,"quantity":1,"pnl":0.9032142857142844,"timestamp":1771316764465}
{"symbol":"JINDALSTEL-EQ","action":"SELL","price":483.9,"quantity":1,"pnl":-97.11547614748406,"timestamp":1771316765484}
{"symbol":"AMBUJACEM-EQ","action":"SELL","price":212.42,"quantity":1,"pnl":-12.621658636804199,"timestamp":1771316766468}
{"symbol":"PIDILITIND-EQ","action":"SELL","price":1613.66,"quantity":1,"pnl":3.796610534423735,"timestamp":1771316767501}
{"symbol":"ADANIGREEN-EQ","action":"SELL","price":999.76,"quantity":1,"pnl":-118.39599999999996,"timestamp":1771316768517}
{"symbol":"PFC-EQ","action":"SELL","price":266.65,"quantity":1,"pnl":22.27118715082176,"timestamp":1771316769492}
{"symbol":"GODREJCP-EQ","action":"SELL","price":2206.69,"quantity":1,"pnl":153.1441512345682,"timestamp":1771316769508}
{"symbol":"SHREECEM-EQ","action":"SELL","price":15461.83,"quantity":1,"pnl":-4736.224137578456,"timestamp":1771316769523}
{"symbol":"ENRIN-EQ","action":"SELL","price":1444.8,"quantity":1,"pnl":-343.78178571428566,"timestamp":1771316769539}
{"symbol":"MAZDOCK-EQ","action":"SELL","price":829.66,"quantity":1,"pnl":-36.316666666666606,"timestamp":1771316769544}
{"symbol":"BAJAJHFL-EQ","action":"SELL","price":418.78,"quantity":1,"pnl":30.485951999999997,"timestamp":1771316769550}
{"symbol":"TORNTPHARM-EQ","action":"SELL","price":6417.41,"quantity":1,"pnl":-377.8228645833324,"timestamp":1771316770511}
{"symbol":"LTIM-EQ","action":"SELL","price":6085.16,"quantity":1,"pnl":-903.5466666666671,"timestamp":1771316771505}
{"symbol":"HYUNDAI-EQ","action":"SELL","price":14425.99,"quantity":1,"pnl":1713.4800000000014,"timestamp":1771316772517}
{"symbol":"SIEMENS-EQ","action":"SELL","price":942.81,"quantity":1,"pnl":-360.7954037116674,"timestamp":1771316772528}
{"symbol":"JINDALSTEL-EQ","action":"SELL","price":509.13,"quantity":1,"pnl":-71.88547614748404,"timestamp":1771316773527}
{"symbol":"LODHA-EQ","action":"SELL","price":360.8,"quantity":1,"pnl":-70.26847282925405,"timestamp":1771316773535}
{"symbol":"TVSMOTOR-EQ","action":"SELL","price":2937.69,"quantity":1,"pnl":830.1264520979466,"timestamp":1771316774530}
{"symbol":"JSWENERGY-EQ","action":"SELL","price":821.45,"quantity":1,"pnl":158.486,"timestamp":1771316774551}
{"symbol":"VBL-EQ","action":"BUY","price":417.89,"quantity":1,"timestamp":1771316775542}
{"symbol":"AMBUJACEM-EQ","action":"BUY","price":201.68,"quantity":1,"timestamp":1771316775561}
{"symbol":"PFC-EQ","action":"BUY","price":252.99,"quantity":1,"timestamp":1771316776547}
{"symbol":"SOLARINDS-EQ","action":"BUY","price":9579.71,"quantity":1,"timestamp":1771316777572}
{"symbol":"ADANIPOWER-EQ","action":"SELL","price":89.34,"quantity":1,"pnl":1.5800000000000125,"timestamp":1771316778565}
{"symbol":"IOC-EQ","action":"SELL","price":493.33,"quantity":1,"pnl":153.07456380952374,"timestamp":1771316779572}
{"symbol":"JINDALSTEL-EQ","action":"SELL","price":538.41,"quantity":1,"pnl":-42.60547614748407,"timestamp":1771316779588}
{"symbol":"HINDZINC-EQ","action":"SELL","price":170.08,"quantity":1,"pnl":-49.66214285714287,"timestamp":1771316779597}
{"symbol":"ZYDUSLIFE-EQ","action":"SELL","price":2270.99,"quantity":1,"pnl":208.56937500000004,"timestamp":1771316779604}
{"symbol":"VBL-EQ","action":"BUY","price":394.6,"quantity":1,"timestamp":1771316780585}
{"symbol":"CANBK-EQ","action":"BUY","price":389.68,"quantity":1,"timestamp":1771316780595}
{"symbol":"ADANIGREEN-EQ","action":"BUY","price":928.66,"quantity":1,"timestamp":1771316780615}
{"symbol":"HAL-EQ","action":"BUY","price":6986,"quantity":1,"timestamp":1771316781595}
{"symbol":"BPCL-EQ","action":"BUY","price":421.55,"quantity":1,"timestamp":1771316781603}
{"symbol":"SHREECEM-EQ","action":"BUY","price":14599.95,"quantity":1,"timestamp":1771316781618}
{"symbol":"TATAPOWER-EQ","action":"SELL","price":110.67,"quantity":1,"pnl":-6.453289894833119,"timestamp":1771316782603}
{"symbol":"ADANIENSOL-EQ","action":"SELL","price":466.32,"quantity":1,"pnl":131.5630914744408,"timestamp":1771316782627}
{"symbol":"DMART-EQ","action":"BUY","price":5603.07,"quantity":1,"timestamp":1771316783610}
{"symbol":"VBL-EQ","action":"BUY","price":368.85,"quantity":1,"timestamp":1771316784621}
{"symbol":"LTIM-EQ","action":"BUY","price":5773.89,"quantity":1,"timestamp":1771316784651}
{"symbol":"DLF-EQ","action":"BUY","price":923.07,"quantity":1,"timestamp":1771316784664}
{"symbol":"ADANIGREEN-EQ","action":"BUY","price":876.06,"quantity":1,"timestamp":1771316784679}
{"symbol":"PFC-EQ","action":"BUY","price":240.22,"quantity":1,"timestamp":1771316785633}
{"symbol":"TORNTPHARM-EQ","action":"BUY","price":6358.13,"quantity":1,"timestamp":1771316786648}
{"symbol":"TATAPOWER-EQ","action":"SELL","price":117.35,"quantity":1,"pnl":0.22671010516687318,"timestamp":1771316787650}
{"symbol":"ADANIPOWER-EQ","action":"SELL","price":94.28,"quantity":1,"pnl":6.52000000000001,"timestamp":1771316788655}
{"symbol":"MAZDOCK-EQ","action":"SELL","price":874.03,"quantity":1,"pnl":8.053333333333285,"timestamp":1771316789701}
{"symbol":"BRITANNIA-EQ","action":"SELL","price":6183.82,"quantity":1,"pnl":-778.9097999999994,"timestamp":1771316790663}
{"symbol":"TATAPOWER-EQ","action":"SELL","price":124.65,"quantity":1,"pnl":7.5267101051668845,"timestamp":1771316792671}
{"symbol":"LTIM-EQ","action":"SELL","price":6071.25,"quantity":1,"pnl":-310.0483333333341,"timestamp":1771316792694}
{"symbol":"NAUKRI-EQ","action":"SELL","price":426.29,"quantity":1,"pnl":-102.10544923395508,"timestamp":1771316792703}
{"symbol":"BAJAJHLDNG-EQ","action":"SELL","price":23061.26,"quantity":1,"pnl":-1724.1455555555585,"timestamp":1771316792713}
{"symbol":"SHREECEM-EQ","action":"SELL","price":15557.35,"quantity":1,"pnl":-4174.195459446919,"timestamp":1771316792731}
{"symbol":"ADANIPOWER-EQ","action":"BUY","price":88.61,"quantity":1,"timestamp":1771316793682}
{"symbol":"PNB-EQ","action":"BUY","price":109.95,"quantity":1,"timestamp":1771316793698}
{"symbol":"DLF-EQ","action":"BUY","price":873.63,"quantity":1,"timestamp":1771316793703}
{"symbol":"ABB-EQ","action":"BUY","price":2856.37,"quantity":1,"timestamp":1771316793717}
{"symbol":"BRITANNIA-EQ","action":"BUY","price":5839.26,"quantity":1,"timestamp":1771316794687}
{"symbol":"SOLARINDS-EQ","action":"BUY","price":9480.11,"quantity":1,"timestamp":1771316795714}
{"symbol":"CGPOWER-EQ","action":"SELL","price":863.36,"quantity":1,"pnl":62.68833333333339,"timestamp":1771316796709}
{"symbol":"ENRIN-EQ","action":"SELL","price":1551.06,"quantity":1,"pnl":-237.52178571428544,"timestamp":1771316796722}
{"symbol":"ICICIGI-EQ","action":"SELL","price":34.84,"quantity":1,"pnl":-158.58296546316618,"timestamp":1771316797718}
{"symbol":"LODHA-EQ","action":"SELL","price":381.59,"quantity":1,"pnl":-49.47847282925409,"timestamp":1771316797752}
{"symbol":"IRFC-EQ","action":"BUY","price":80.25,"quantity":1,"timestamp":1771316798747}
{"symbol":"BPCL-EQ","action":"BUY","price":373.47,"quantity":1,"timestamp":1771316799740}
{"symbol":"RECLTD-EQ","action":"BUY","price":416.75,"quantity":1,"timestamp":1771316799765}
{"symbol":"SHREECEM-EQ","action":"SELL","price":16385.38,"quantity":1,"pnl":-3346.1654594469182,"timestamp":1771316801764}
{"symbol":"PNB-EQ","action":"SELL","price":115.78,"quantity":1,"pnl":-8.624938271604933,"timestamp":1771316802760}
{"symbol":"NAUKRI-EQ","action":"SELL","price":452.47,"quantity":1,"pnl":-75.92544923395508,"timestamp":1771316803752}
{"symbol":"ADANIENSOL-EQ","action":"SELL","price":492.89,"quantity":1,"pnl":158.1330914744408,"timestamp":1771316803770}
{"symbol":"INDHOTEL-EQ","action":"SELL","price":443.5,"quantity":1,"pnl":-157.4427497278108,"timestamp":1771316804759}
{"symbol":"HAL-EQ","action":"SELL","price":7343.1,"quantity":1,"pnl":-316.8049999999994,"timestamp":1771316805763}
{"symbol":"TORNTPHARM-EQ","action":"SELL","price":7070.49,"quantity":1,"pnl":348.1076128472241,"timestamp":1771316805780}
{"symbol":"ABB-EQ","action":"SELL","price":3019.81,"quantity":1,"pnl":-469.6615059936653,"timestamp":1771316805794}
{"symbol":"CANBK-EQ","action":"SELL","price":436.55,"quantity":1,"pnl":20.599999999999966,"timestamp":1771316807781}
{"symbol":"ZYDUSLIFE-EQ","action":"SELL","price":2237.66,"quantity":1,"pnl":175.2393750000001,"timestamp":1771316807794}
{"symbol":"MAZDOCK-EQ","action":"SELL","price":968.19,"quantity":1,"pnl":102.21333333333337,"timestamp":1771316808804}
{"symbol":"BPCL-EQ","action":"SELL","price":395.64,"quantity":1,"pnl":-46.275481481481506,"timestamp":1771316809799}
{"symbol":"PFC-EQ","action":"SELL","price":255.91,"quantity":1,"pnl":10.640712290493042,"timestamp":1771316809809}
{"symbol":"TORNTPHARM-EQ","action":"SELL","price":7435.69,"quantity":1,"pnl":713.3076128472239,"timestamp":1771316809817}
{"symbol":"ADANIENSOL-EQ","action":"SELL","price":521.99,"quantity":1,"pnl":187.23309147444076,"timestamp":1771316809825}
{"symbol":"BANKBARODA-EQ","action":"SELL","price":227.71,"quantity":1,"pnl":3.3526666666666927,"timestamp":1771316812827}
{"symbol":"ADANIENSOL-EQ","action":"SELL","price":555.62,"quantity":1,"pnl":220.8630914744408,"timestamp":1771316812840}
{"symbol":"LODHA-EQ","action":"BUY","price":360.25,"quantity":1,"timestamp":1771316813844}
{"symbol":"JSWENERGY-EQ","action":"BUY","price":772.71,"quantity":1,"timestamp":1771316813850}
{"symbol":"MOTHERSON-EQ","action":"BUY","price":33.23,"quantity":1,"timestamp":1771316814839}
{"symbol":"MAZDOCK-EQ","action":"BUY","price":908.71,"quantity":1,"timestamp":1771316814852}
{"symbol":"LICI-EQ","action":"BUY","price":519.36,"quantity":1,"timestamp":1771316815855}
{"symbol":"INDHOTEL-EQ","action":"SELL","price":469.82,"quantity":1,"pnl":-131.12274972781069,"timestamp":1771316816853}
{"symbol":"ABB-EQ","action":"SELL","price":3180.65,"quantity":1,"pnl":-308.8215059936656,"timestamp":1771316817873}
{"symbol":"GAIL-EQ","action":"SELL","price":401.31,"quantity":1,"pnl":115.83476103013868,"timestamp":1771316818886}
{"symbol":"PFC-EQ","action":"SELL","price":292.3,"quantity":1,"pnl":47.03071229049306,"timestamp":1771316819879}
{"symbol":"JINDALSTEL-EQ","action":"SELL","price":506,"quantity":1,"pnl":-75.01547614748404,"timestamp":1771316819893}
{"symbol":"SHREECEM-EQ","action":"SELL","price":17397.8,"quantity":1,"pnl":-2333.7454594469236,"timestamp":1771316819897}
{"symbol":"TVSMOTOR-EQ","action":"BUY","price":2780.55,"quantity":1,"timestamp":1771316823897}
{"symbol":"IOC-EQ","action":"BUY","price":464.86,"quantity":1,"timestamp":1771316823907}
{"symbol":"JSWENERGY-EQ","action":"BUY","price":724.28,"quantity":1,"timestamp":1771316823921}
{"symbol":"ZYDUSLIFE-EQ","action":"BUY","price":2123.72,"quantity":1,"timestamp":1771316823925}
{"symbol":"INDHOTEL-EQ","action":"BUY","price":442.69,"quantity":1,"timestamp":1771316824906}
{"symbol":"BANKBARODA-EQ","action":"BUY","price":215.8,"quantity":1,"timestamp":1771316824912}
{"symbol":"PNB-EQ","action":"BUY","price":109.43,"quantity":1,"timestamp":1771316824925}
{"symbol":"ADANIENSOL-EQ","action":"BUY","price":525.2,"quantity":1,"timestamp":1771316824933}
{"symbol":"IRFC-EQ","action":"BUY","price":76.21,"quantity":1,"timestamp":1771316824941}
{"symbol":"VEDL-EQ","action":"BUY","price":358.89,"quantity":1,"timestamp":1771316825909}
{"symbol":"HAL-EQ","action":"BUY","price":6878,"quantity":1,"timestamp":1771316825917}
{"symbol":"BRITANNIA-EQ","action":"BUY","price":5182.07,"quantity":1,"timestamp":1771316825923}
{"symbol":"NAUKRI-EQ","action":"BUY","price":426.08,"quantity":1,"timestamp":1771316826918}
{"symbol":"PIDILITIND-EQ","action":"BUY","price":1339.61,"quantity":1,"timestamp":1771316826927}
{"symbol":"RECLTD-EQ","action":"BUY","price":373.09,"quantity":1,"timestamp":1771316826931}
{"symbol":"DLF-EQ","action":"BUY","price":746.45,"quantity":1,"timestamp":1771316826939}
{"symbol":"TORNTPHARM-EQ","action":"BUY","price":7025.95,"quantity":1,"timestamp":1771316828961}
{"symbol":"BAJAJHFL-EQ","action":"BUY","price":314.48,"quantity":1,"timestamp":1771316828982}
{"symbol":"ADANIPOWER-EQ","action":"BUY","price":74.81,"quantity":1,"timestamp":1771316829945}
{"symbol":"PIDILITIND-EQ","action":"BUY","price":1266.19,"quantity":1,"timestamp":1771316829955}
{"symbol":"TVSMOTOR-EQ","action":"BUY","price":2636.96,"quantity":1,"timestamp":1771316830954}
{"symbol":"BOSCHLTD-EQ","action":"SELL","price":12648.59,"quantity":1,"pnl":-2627.285344836855,"timestamp":1771316833993}
{"symbol":"HINDZINC-EQ","action":"SELL","price":215.17,"quantity":1,"pnl":-4.572142857142893,"timestamp":1771316835011}
{"symbol":"HAL-EQ","action":"SELL","price":7707.27,"quantity":1,"pnl":438.317500000001,"timestamp":1771316836002}
{"symbol":"HYUNDAI-EQ","action":"SELL","price":15126.31,"quantity":1,"pnl":2413.800000000001,"timestamp":1771316836022}
{"symbol":"SIEMENS-EQ","action":"SELL","price":1060.42,"quantity":1,"pnl":-243.18540371166728,"timestamp":1771316836028}
{"symbol":"LTIM-EQ","action":"SELL","price":6360.34,"quantity":1,"pnl":-20.95833333333394,"timestamp":1771316837015}
{"symbol":"MOTHERSON-EQ","action":"SELL","price":37.65,"quantity":1,"pnl":-10.830830600735538,"timestamp":1771316837023}
{"symbol":"ADANIENSOL-EQ","action":"SELL","price":561.21,"quantity":1,"pnl":188.36447317955265,"timestamp":1771316837034}
{"symbol":"BPCL-EQ","action":"SELL","price":443.39,"quantity":1,"pnl":1.4745185185184937,"timestamp":1771316838020}
{"symbol":"ENRIN-EQ","action":"SELL","price":1546.25,"quantity":1,"pnl":-242.33178571428562,"timestamp":1771316838042}
{"symbol":"ABB-EQ","action":"SELL","price":3391.41,"quantity":1,"pnl":-98.06150599366583,"timestamp":1771316839042}
{"symbol":"TATAPOWER-EQ","action":"SELL","price":123.83,"quantity":1,"pnl":6.706710105166877,"timestamp":1771316840039}
{"symbol":"JSWENERGY-EQ","action":"SELL","price":760.6,"quantity":1,"pnl":73.19857142857143,"timestamp":1771316840060}
{"symbol":"BOSCHLTD-EQ","action":"SELL","price":13453.68,"quantity":1,"pnl":-1822.195344836855,"timestamp":1771316842083}
{"symbol":"PNB-EQ","action":"BUY","price":103.48,"quantity":1,"timestamp":1771316843089}
{"symbol":"JSWENERGY-EQ","action":"BUY","price":718.43,"quantity":1,"timestamp":1771316843112}
{"symbol":"CHOLAFIN-EQ","action":"SELL","price":508.87,"quantity":1,"pnl":-114.76715000000013,"timestamp":1771316844076}
{"symbol":"RECLTD-EQ","action":"SELL","price":395.37,"quantity":1,"pnl":0.4500000000000455,"timestamp":1771316844131}
{"symbol":"ADANIENSOL-EQ","action":"SELL","price":595.21,"quantity":1,"pnl":222.36447317955265,"timestamp":1771316844201}
{"symbol":"INDHOTEL-EQ","action":"BUY","price":419.71,"quantity":1,"timestamp":1771316845086}
{"symbol":"IOC-EQ","action":"BUY","price":432.68,"quantity":1,"timestamp":1771316845096}
{"symbol":"MOTHERSON-EQ","action":"BUY","price":35.64,"quantity":1,"timestamp":1771316845109}
{"symbol":"AMBUJACEM-EQ","action":"BUY","price":191.45,"quantity":1,"timestamp":1771316845126}
{"symbol":"HINDZINC-EQ","action":"BUY","price":204.16,"quantity":1,"timestamp":1771316846187}
{"symbol":"PFC-EQ","action":"BUY","price":290.53,"quantity":1,"timestamp":1771316847112}
{"symbol":"NAUKRI-EQ","action":"SELL","price":447.84,"quantity":1,"pnl":-60.092359387164095,"timestamp":1771316848126}
{"symbol":"GODREJCP-EQ","action":"SELL","price":2444.62,"quantity":1,"pnl":391.07415123456803,"timestamp":1771316848132}
{"symbol":"ABB-EQ","action":"SELL","price":3388.47,"quantity":1,"pnl":-101.00150599366589,"timestamp":1771316849135}
{"symbol":"ADANIPOWER-EQ","action":"SELL","price":79.85,"quantity":1,"pnl":-1.8600000000000136,"timestamp":1771316851124}
{"symbol":"BPCL-EQ","action":"BUY","price":420.52,"quantity":1,"timestamp":1771316852121}
{"symbol":"ADANIGREEN-EQ","action":"BUY","price":771.24,"quantity":1,"timestamp":1771316852145}
{"symbol":"JINDALSTEL-EQ","action":"SELL","price":531.53,"quantity":1,"pnl":-49.485476147484064,"timestamp":1771316854150}
{"symbol":"SIEMENS-EQ","action":"SELL","price":1119.34,"quantity":1,"pnl":-184.26540371166766,"timestamp":1771316854161}
{"symbol":"ZYDUSLIFE-EQ","action":"SELL","price":2358.47,"quantity":1,"pnl":234.75,"timestamp":1771316854165}
{"symbol":"PIDILITIND-EQ","action":"SELL","price":1273.63,"quantity":1,"pnl":-213.4480336793456,"timestamp":1771316855151}
{"symbol":"TORNTPHARM-EQ","action":"SELL","price":6968.14,"quantity":1,"pnl":185.04409027778001,"timestamp":1771316855159}
{"symbol":"LICI-EQ","action":"SELL","price":550.6,"quantity":1,"pnl":-2.9588517006802704,"timestamp":1771316855174}
{"symbol":"GODREJCP-EQ","action":"SELL","price":2582.88,"quantity":1,"pnl":529.3341512345683,"timestamp":1771316856157}
{"symbol":"HINDZINC-EQ","action":"SELL","price":201.89,"quantity":1,"pnl":-14.735714285714323,"timestamp":1771316856173}
{"symbol":"ABB-EQ","action":"SELL","price":3568.51,"quantity":1,"pnl":79.03849400633408,"timestamp":1771316856179}
{"symbol":"IOC-EQ","action":"SELL","price":433.86,"quantity":1,"pnl":50.198738285714285,"timestamp":1771316859171}
{"symbol":"ADANIGREEN-EQ","action":"SELL","price":826.41,"quantity":1,"pnl":-194.4325,"timestamp":1771316859191}
{"symbol":"RECLTD-EQ","action":"SELL","price":418.79,"quantity":1,"pnl":23.87000000000006,"timestamp":1771316860190}
{"symbol":"SOLARINDS-EQ","action":"SELL","price":9331.79,"quantity":1,"pnl":-125.85657747653022,"timestamp":1771316860201}
{"symbol":"VEDL-EQ","action":"BUY","price":340.27,"quantity":1,"timestamp":1771316861184}
{"symbol":"BAJAJHLDNG-EQ","action":"BUY","price":17663.33,"quantity":1,"timestamp":1771316861199}
{"symbol":"PNB-EQ","action":"BUY","price":91.62,"quantity":1,"timestamp":1771316861206}
{"symbol":"AMBUJACEM-EQ","action":"BUY","price":169.4,"quantity":1,"timestamp":1771316861213}
{"symbol":"ADANIPOWER-EQ","action":"BUY","price":71.09,"quantity":1,"timestamp":1771316862202}
{"symbol":"ADANIENSOL-EQ","action":"BUY","price":560.77,"quantity":1,"timestamp":1771316862220}
{"symbol":"PFC-EQ","action":"BUY","price":259.11,"quantity":1,"timestamp":1771316863212}
{"symbol":"BRITANNIA-EQ","action":"BUY","price":4620.02,"quantity":1,"timestamp":1771316864220}
{"symbol":"ZYDUSLIFE-EQ","action":"BUY","price":2239.96,"quantity":1,"timestamp":1771316865252}
{"symbol":"DLF-EQ","action":"SELL","price":781.56,"quantity":1,"pnl":-83.08000000000015,"timestamp":1771316866251}
{"symbol":"ADANIENSOL-EQ","action":"SELL","price":590.38,"quantity":1,"pnl":170.5533548846645,"timestamp":1771316866264}
{"symbol":"HINDZINC-EQ","action":"SELL","price":212.71,"quantity":1,"pnl":-3.9157142857143015,"timestamp":1771316868279}
{"symbol":"ADANIENSOL-EQ","action":"SELL","price":626.16,"quantity":1,"pnl":206.3333548846644,"timestamp":1771316869285}
{"symbol":"TATAPOWER-EQ","action":"SELL","price":130.56,"quantity":1,"pnl":13.436710105166895,"timestamp":1771316872291}
{"symbol":"JSWENERGY-EQ","action":"SELL","price":759.65,"quantity":1,"pnl":67.81591836734674,"timestamp":1771316872312}
{"symbol":"ZYDUSLIFE-EQ","action":"SELL","price":2389.08,"quantity":1,"pnl":149.1199999999999,"timestamp":1771316872316}
{"symbol":"CANBK-EQ","action":"SELL","price":453.92,"quantity":1,"pnl":37.96999999999997,"timestamp":1771316873309}
{"symbol":"ICICIGI-EQ","action":"SELL","price":34.56,"quantity":1,"pnl":-158.86296546316618,"timestamp":1771316873320}
{"symbol":"CHOLAFIN-EQ","action":"SELL","price":501.44,"quantity":1,"pnl":-122.19715000000014,"timestamp":1771316874307}
{"symbol":"GODREJCP-EQ","action":"SELL","price":2733.89,"quantity":1,"pnl":680.3441512345685,"timestamp":1771316874323}
{"symbol":"SOLARINDS-EQ","action":"SELL","price":9768.57,"quantity":1,"pnl":310.9234225234686,"timestamp":1771316875329}
{"symbol":"ADANIGREEN-EQ","action":"SELL","price":822.09,"quantity":1,"pnl":-198.75249999999994,"timestamp":1771316875333}
{"symbol":"PFC-EQ","action":"SELL","price":258.67,"quantity":1,"pnl":1.580427374295823,"timestamp":1771316876333}
{"symbol":"IOC-EQ","action":"BUY","price":410.49,"quantity":1,"timestamp":1771316877344}
{"symbol":"HINDZINC-EQ","action":"BUY","price":201.46,"quantity":1,"timestamp":1771316877360}
{"symbol":"HYUNDAI-EQ","action":"BUY","price":14207.26,"quantity":1,"timestamp":1771316878357}
{"symbol":"ENRIN-EQ","action":"BUY","price":1449.19,"quantity":1,"timestamp":1771316878366}
{"symbol":"LICI-EQ","action":"BUY","price":578,"quantity":1,"timestamp":1771316880377}
{"symbol":"VBL-EQ","action":"BUY","price":315.02,"quantity":1,"timestamp":1771316881369}
{"symbol":"MOTHERSON-EQ","action":"SELL","price":35.22,"quantity":1,"pnl":-11.976747540661982,"timestamp":1771316884400}
{"symbol":"DLF-EQ","action":"SELL","price":781.96,"quantity":1,"pnl":-82.67999999999995,"timestamp":1771316884409}
{"symbol":"BAJAJHLDNG-EQ","action":"SELL","price":18672.22,"quantity":1,"pnl":-3739.160370370373,"timestamp":1771316886421}
{"symbol":"SOLARINDS-EQ","action":"SELL","price":10280.55,"quantity":1,"pnl":822.9034225234664,"timestamp":1771316886432}
{"symbol":"PFC-EQ","action":"SELL","price":273.39,"quantity":1,"pnl":16.300427374295793,"timestamp":1771316887415}
{"symbol":"PNB-EQ","action":"SELL","price":96.69,"quantity":1,"pnl":-21.470864197530872,"timestamp":1771316887431}
{"symbol":"JSWENERGY-EQ","action":"SELL","price":810.98,"quantity":1,"pnl":119.1459183673469,"timestamp":1771316887443}
{"symbol":"LICI-EQ","action":"SELL","price":607.31,"quantity":1,"pnl":49.67762358276639,"timestamp":1771316887451}
{"symbol":"IOC-EQ","action":"SELL","price":432.41,"quantity":1,"pnl":43.38299062857146,"timestamp":1771316888428}
{"symbol":"DLF-EQ","action":"SELL","price":825.43,"quantity":1,"pnl":-39.21000000000015,"timestamp":1771316888443}
{"symbol":"BOSCHLTD-EQ","action":"SELL","price":15166.97,"quantity":1,"pnl":-108.90534483685587,"timestamp":1771316888450}
{"symbol":"SHREECEM-EQ","action":"SELL","price":20369.11,"quantity":1,"pnl":637.5645405530813,"timestamp":1771316889443}
{"symbol":"ADANIGREEN-EQ","action":"SELL","price":874.84,"quantity":1,"pnl":-146.00250000000005,"timestamp":1771316889450}
{"symbol":"JINDALSTEL-EQ","action":"BUY","price":534.09,"quantity":1,"timestamp":1771316890452}
{"symbol":"MAZDOCK-EQ","action":"BUY","price":800.78,"quantity":1,"timestamp":1771316890464}
{"symbol":"BOSCHLTD-EQ","action":"SELL","price":16230.31,"quantity":1,"pnl":954.4346551631425,"timestamp":1771316892473}
{"symbol":"DMART-EQ","action":"SELL","price":5783.1,"quantity":1,"pnl":-896.014535147392,"timestamp":1771316893474}
{"symbol":"BAJAJHLDNG-EQ","action":"SELL","price":19818.92,"quantity":1,"pnl":-2592.460370370376,"timestamp":1771316893482}
{"symbol":"SHREECEM-EQ","action":"SELL","price":21609.41,"quantity":1,"pnl":1877.8645405530806,"timestamp":1771316894486}
{"symbol":"ADANIGREEN-EQ","action":"SELL","price":919.95,"quantity":1,"pnl":-100.89250000000004,"timestamp":1771316894501}
{"symbol":"IRFC-EQ","action":"SELL","price":63.7,"quantity":1,"pnl":-15.849132653061218,"timestamp":1771316894510}
{"symbol":"SIEMENS-EQ","action":"SELL","price":1066.96,"quantity":1,"pnl":-236.6454037116673,"timestamp":1771316895506}
{"symbol":"SOLARINDS-EQ","action":"SELL","price":10802.26,"quantity":1,"pnl":1344.6134225234673,"timestamp":1771316896497}
{"symbol":"JSWENERGY-EQ","action":"SELL","price":852.49,"quantity":1,"pnl":160.65591836734689,"timestamp":1771316897515}
{"symbol":"INDHOTEL-EQ","action":"SELL","price":418.46,"quantity":1,"pnl":-148.53419978224855,"timestamp":1771316898506}
{"symbol":"TVSMOTOR-EQ","action":"SELL","price":2777.09,"quantity":1,"pnl":368.93072604897316,"timestamp":1771316900518}
{"symbol":"CHOLAFIN-EQ","action":"SELL","price":504,"quantity":1,"pnl":-119.63715000000013,"timestamp":1771316900526}
{"symbol":"SIEMENS-EQ","action":"SELL","price":1129.76,"quantity":1,"pnl":-173.84540371166736,"timestamp":1771316900550}
{"symbol":"IOC-EQ","action":"SELL","price":454.47,"quantity":1,"pnl":65.44299062857147,"timestamp":1771316901531}
{"symbol":"UNITDSPR-EQ","action":"SELL","price":683.94,"quantity":1,"pnl":-98.88048123937051,"timestamp":1771316901546}
{"symbol":"ADANIGREEN-EQ","action":"SELL","price":976.93,"quantity":1,"pnl":-43.912500000000136,"timestamp":1771316902561}
{"symbol":"HAL-EQ","action":"SELL","price":8210.75,"quantity":1,"pnl":941.7975000000006,"timestamp":1771316903538}
{"symbol":"DMART-EQ","action":"SELL","price":6114.12,"quantity":1,"pnl":-564.9945351473934,"timestamp":1771316903553}
{"symbol":"PFC-EQ","action":"SELL","price":274.8,"quantity":1,"pnl":17.71042737429582,"timestamp":1771316905556}
{"symbol":"ENRIN-EQ","action":"SELL","price":1439.84,"quantity":1,"pnl":-292.17648809523826,"timestamp":1771316905575}
{"symbol":"BAJAJHFL-EQ","action":"SELL","price":332.06,"quantity":1,"pnl":-31.62936533333334,"timestamp":1771316905579}
{"symbol":"BAJAJHLDNG-EQ","action":"SELL","price":21054.26,"quantity":1,"pnl":-1357.120370370376,"timestamp":1771316907574}
{"symbol":"LODHA-EQ","action":"SELL","price":382.46,"quantity":1,"pnl":-42.17042984477638,"timestamp":1771316907589}
{"symbol":"INDHOTEL-EQ","action":"SELL","price":418.57,"quantity":1,"pnl":-148.42419978224842,"timestamp":1771316908572}
{"symbol":"BRITANNIA-EQ","action":"SELL","price":4881.13,"quantity":1,"pnl":-1332.0513142857135,"timestamp":1771316909578}
{"symbol":"NAUKRI-EQ","action":"SELL","price":421.67,"quantity":1,"pnl":-86.26235938716405,"timestamp":1771316909590}
{"symbol":"CGPOWER-EQ","action":"SELL","price":909.85,"quantity":1,"pnl":109.1783333333334,"timestamp":1771316911607}
{"symbol":"ADANIENSOL-EQ","action":"BUY","price":593.79,"quantity":1,"timestamp":1771316913640}
{"symbol":"DLF-EQ","action":"BUY","price":742.55,"quantity":1,"timestamp":1771316915667}
{"symbol":"TATAPOWER-EQ","action":"BUY","price":121.74,"quantity":1,"timestamp":1771316916644}
{"symbol":"BAJAJHLDNG-EQ","action":"BUY","price":20812.85,"quantity":1,"timestamp":1771316916660}
{"symbol":"IOC-EQ","action":"BUY","price":452.26,"quantity":1,"timestamp":1771316917644}
{"symbol":"RECLTD-EQ","action":"BUY","price":466.41,"quantity":1,"timestamp":1771316917660}
{"symbol":"UNITDSPR-EQ","action":"BUY","price":610.34,"quantity":1,"timestamp":1771316917667}
{"symbol":"IRFC-EQ","action":"BUY","price":56.48,"quantity":1,"timestamp":1771316917678}
{"symbol":"PIDILITIND-EQ","action":"BUY","price":1205.02,"quantity":1,"timestamp":1771316918649}
{"symbol":"BOSCHLTD-EQ","action":"BUY","price":15404.9,"quantity":1,"timestamp":1771316918659}
{"symbol":"LODHA-EQ","action":"BUY","price":362.86,"quantity":1,"timestamp":1771316918664}
{"symbol":"UNITDSPR-EQ","action":"SELL","price":643.2,"quantity":1,"pnl":-96.50036092952791,"timestamp":1771316920654}
{"symbol":"BRITANNIA-EQ","action":"SELL","price":5135.26,"quantity":1,"pnl":-1077.9213142857134,"timestamp":1771316921650}
{"symbol":"TVSMOTOR-EQ","action":"SELL","price":3085.82,"quantity":1,"pnl":677.6607260489732,"timestamp":1771316922655}
{"symbol":"PNB-EQ","action":"BUY","price":86.81,"quantity":1,"timestamp":1771316924689}
{"symbol":"DMART-EQ","action":"BUY","price":6055.19,"quantity":1,"timestamp":1771316925692}
{"symbol":"AMBUJACEM-EQ","action":"BUY","price":141.94,"quantity":1,"timestamp":1771316925706}
{"symbol":"PIDILITIND-EQ","action":"BUY","price":1136.42,"quantity":1,"timestamp":1771316926715}
{"symbol":"DLF-EQ","action":"BUY","price":743.92,"quantity":1,"timestamp":1771316926721}
{"symbol":"BAJAJHLDNG-EQ","action":"SELL","price":20776.96,"quantity":1,"pnl":-35.88999999999942,"timestamp":1771316929742}
{"symbol":"SHREECEM-EQ","action":"SELL","price":22803.45,"quantity":1,"pnl":3071.904540553078,"timestamp":1771316929750}
{"symbol":"JINDALSTEL-EQ","action":"SELL","price":529.21,"quantity":1,"pnl":-47.53952377043993,"timestamp":1771316930760}
{"symbol":"HYUNDAI-EQ","action":"SELL","price":12453.47,"quantity":1,"pnl":-1753.7900000000009,"timestamp":1771316930766}
{"symbol":"LICI-EQ","action":"SELL","price":638.98,"quantity":1,"pnl":81.34762358276635,"timestamp":1771316933787}
{"symbol":"BPCL-EQ","action":"SELL","price":438.58,"quantity":1,"pnl":2.013388888888869,"timestamp":1771316934779}
{"symbol":"IRFC-EQ","action":"SELL","price":60.22,"quantity":1,"pnl":-16.03354227405248,"timestamp":1771316934815}
{"symbol":"TORNTPHARM-EQ","action":"SELL","price":6614.4,"quantity":1,"pnl":-168.69590972222068,"timestamp":1771316935799}
{"symbol":"SHREECEM-EQ","action":"SELL","price":24128.36,"quantity":1,"pnl":4396.814540553078,"timestamp":1771316935808}
{"symbol":"RECLTD-EQ","action":"SELL","price":468.64,"quantity":1,"pnl":2.2299999999999613,"timestamp":1771316937807}
{"symbol":"NAUKRI-EQ","action":"SELL","price":445,"quantity":1,"pnl":-62.93235938716407,"timestamp":1771316939828}
{"symbol":"PNB-EQ","action":"SELL","price":92.82,"quantity":1,"pnl":-22.49078563411898,"timestamp":1771316939876}
{"symbol":"HINDZINC-EQ","action":"SELL","price":202.16,"quantity":1,"pnl":-10.67428571428573,"timestamp":1771316940836}
{"symbol":"IRFC-EQ","action":"SELL","price":63.42,"quantity":1,"pnl":-12.833542274052462,"timestamp":1771316940843}
{"symbol":"TORNTPHARM-EQ","action":"SELL","price":7086.03,"quantity":1,"pnl":302.93409027778034,"timestamp":1771316941833}
{"symbol":"JINDALSTEL-EQ","action":"SELL","price":556.56,"quantity":1,"pnl":-20.18952377044002,"timestamp":1771316941844}
{"symbol":"TVSMOTOR-EQ","action":"SELL","price":3243.68,"quantity":1,"pnl":835.5207260489728,"timestamp":1771316942831}
{"symbol":"BANKBARODA-EQ","action":"SELL","price":226.61,"quantity":1,"pnl":3.964133333333365,"timestamp":1771316942842}
{"symbol":"PFC-EQ","action":"SELL","price":319.96,"quantity":1,"pnl":62.87042737429584,"timestamp":1771316944854}
{"symbol":"ICICIGI-EQ","action":"SELL","price":43.6,"quantity":1,"pnl":-149.82296546316618,"timestamp":1771316944866}
{"symbol":"SIEMENS-EQ","action":"SELL","price":1123.78,"quantity":1,"pnl":-179.8254037116676,"timestamp":1771316944875}
{"symbol":"BPCL-EQ","action":"SELL","price":460.82,"quantity":1,"pnl":24.25338888888888,"timestamp":1771316945851}
{"symbol":"SHREECEM-EQ","action":"SELL","price":25819.26,"quantity":1,"pnl":6087.7145405530755,"timestamp":1771316945870}
{"symbol":"VBL-EQ","action":"SELL","price":313.63,"quantity":1,"pnl":-135.6688888888889,"timestamp":1771316946858}
{"symbol":"GAIL-EQ","action":"SELL","price":376.79,"quantity":1,"pnl":91.31476103013864,"timestamp":1771316946879}
{"symbol":"AMBUJACEM-EQ","action":"SELL","price":140.37,"quantity":1,"pnl":-74.37183576589803,"timestamp":1771316946886}
{"symbol":"BRITANNIA-EQ","action":"SELL","price":5443.25,"quantity":1,"pnl":-769.9313142857136,"timestamp":1771316947870}
{"symbol":"TATAPOWER-EQ","action":"SELL","price":128.81,"quantity":1,"pnl":9.378355052583458,"timestamp":1771316948883}
{"symbol":"DMART-EQ","action":"SELL","price":6388.17,"quantity":1,"pnl":-186.9571126228284,"timestamp":1771316948892}
{"symbol":"GODREJCP-EQ","action":"SELL","price":2857.34,"quantity":1,"pnl":803.7941512345687,"timestamp":1771316948899}
{"symbol":"ADANIPOWER-EQ","action":"BUY","price":69.72,"quantity":1,"timestamp":1771316949892}
{"symbol":"UNITDSPR-EQ","action":"BUY","price":572.99,"quantity":1,"timestamp":1771316949907}
{"symbol":"ADANIENSOL-EQ","action":"BUY","price":587.14,"quantity":1,"timestamp":1771316950904}
{"symbol":"ABB-EQ","action":"BUY","price":3597.46,"quantity":1,"timestamp":1771316950909}
{"symbol":"IRFC-EQ","action":"BUY","price":56.61,"quantity":1,"timestamp":1771316950915}
{"symbol":"BPCL-EQ","action":"BUY","price":436.36,"quantity":1,"timestamp":1771316951890}
{"symbol":"CGPOWER-EQ","action":"BUY","price":867.86,"quantity":1,"timestamp":1771316951907}
{"symbol":"GODREJCP-EQ","action":"BUY","price":2699.39,"quantity":1,"timestamp":1771316952906}
{"symbol":"MAZDOCK-EQ","action":"BUY","price":755.36,"quantity":1,"timestamp":1771316952926}
{"symbol":"MOTHERSON-EQ","action":"BUY","price":31.62,"quantity":1,"timestamp":1771316953916}
{"symbol":"LICI-EQ","action":"BUY","price":565.66,"quantity":1,"timestamp":1771316953935}
{"symbol":"CHOLAFIN-EQ","action":"BUY","price":472.11,"quantity":1,"timestamp":1771316954917}
{"symbol":"BANKBARODA-EQ","action":"BUY","price":213.95,"quantity":1,"timestamp":1771316954925}
{"symbol":"LODHA-EQ","action":"BUY","price":321.51,"quantity":1,"timestamp":1771316954944}
{"symbol":"ZYDUSLIFE-EQ","action":"BUY","price":2126.75,"quantity":1,"timestamp":1771316955936}
{"symbol":"HYUNDAI-EQ","action":"BUY","price":11742.3,"quantity":1,"timestamp":1771316957947}
{"symbol":"IRFC-EQ","action":"BUY","price":52.85,"quantity":1,"timestamp":1771316958960}
{"symbol":"ENRIN-EQ","action":"BUY","price":1267.87,"quantity":1,"timestamp":1771316959967}
{"symbol":"BRITANNIA-EQ","action":"BUY","price":5436.53,"quantity":1,"timestamp":1771316960961}
{"symbol":"ADANIPOWER-EQ","action":"BUY","price":62.65,"quantity":1,"timestamp":1771316961968}
{"symbol":"GODREJCP-EQ","action":"BUY","price":2501.66,"quantity":1,"timestamp":1771316961977}
{"symbol":"DIVISLAB-EQ","action":"BUY","price":9983.52,"quantity":1,"timestamp":1771316962980}
{"symbol":"MOTHERSON-EQ","action":"BUY","price":29.98,"quantity":1,"timestamp":1771316962992}
{"symbol":"HYUNDAI-EQ","action":"BUY","price":10976.07,"quantity":1,"timestamp":1771316963002}
{"symbol":"ZYDUSLIFE-EQ","action":"SELL","price":2257.43,"quantity":1,"pnl":130.67999999999984,"timestamp":1771316964003}
{"symbol":"MAZDOCK-EQ","action":"SELL","price":798.2,"quantity":1,"pnl":-23.41666666666663,"timestamp":1771316964009}
{"symbol":"CHOLAFIN-EQ","action":"SELL","price":497.72,"quantity":1,"pnl":-100.66262500000005,"timestamp":1771316964986}
{"symbol":"INDHOTEL-EQ","action":"SELL","price":394.32,"quantity":1,"pnl":-172.67419978224842,"timestamp":1771316964997}
{"symbol":"SOLARINDS-EQ","action":"SELL","price":12019.88,"quantity":1,"pnl":2562.2334225234663,"timestamp":1771316965012}
{"symbol":"HYUNDAI-EQ","action":"SELL","price":11652.82,"quantity":1,"pnl":293.6350000000002,"timestamp":1771316970033}
{"symbol":"AMBUJACEM-EQ","action":"SELL","price":156.6,"quantity":1,"pnl":-58.14183576589804,"timestamp":1771316971043}
{"symbol":"HINDZINC-EQ","action":"SELL","price":228.48,"quantity":1,"pnl":15.645714285714234,"timestamp":1771316972062}
{"symbol":"TATAPOWER-EQ","action":"SELL","price":145.56,"quantity":1,"pnl":26.12835505258346,"timestamp":1771316973048}
{"symbol":"INDHOTEL-EQ","action":"SELL","price":416.06,"quantity":1,"pnl":-150.9341997822484,"timestamp":1771316973055}
{"symbol":"GAIL-EQ","action":"SELL","price":398.58,"quantity":1,"pnl":113.1047610301386,"timestamp":1771316973064}
{"symbol":"ENRIN-EQ","action":"SELL","price":1261.95,"quantity":1,"pnl":-392.70874007936504,"timestamp":1771316973080}
{"symbol":"ADANIPOWER-EQ","action":"SELL","price":65.79,"quantity":1,"pnl":-5.502499999999998,"timestamp":1771316974054}
{"symbol":"ICICIGI-EQ","action":"SELL","price":46.04,"quantity":1,"pnl":-147.3829654631662,"timestamp":1771316974068}
{"symbol":"SHREECEM-EQ","action":"SELL","price":27325.83,"quantity":1,"pnl":7594.284540553079,"timestamp":1771316976080}
{"symbol":"AMBUJACEM-EQ","action":"SELL","price":165.46,"quantity":1,"pnl":-49.28183576589802,"timestamp":1771316976086}
{"symbol":"ADANIENSOL-EQ","action":"SELL","price":586.85,"quantity":1,"pnl":81.70417744233225,"timestamp":1771316976091}
{"symbol":"INDHOTEL-EQ","action":"SELL","price":444.83,"quantity":1,"pnl":-122.16419978224843,"timestamp":1771316977075}
{"symbol":"BOSCHLTD-EQ","action":"SELL","price":15613.97,"quantity":1,"pnl":327.34260056621497,"timestamp":1771316978097}
{"symbol":"HAL-EQ","action":"BUY","price":9242.83,"quantity":1,"timestamp":1771316979087}
{"symbol":"LTIM-EQ","action":"BUY","price":6673.37,"quantity":1,"timestamp":1771316980098}
{"symbol":"VBL-EQ","action":"BUY","price":279.18,"quantity":1,"timestamp":1771316981101}
{"symbol":"JINDALSTEL-EQ","action":"BUY","price":547.35,"quantity":1,"timestamp":1771316981116}
{"symbol":"GAIL-EQ","action":"BUY","price":377.31,"quantity":1,"timestamp":1771316982119}
{"symbol":"TORNTPHARM-EQ","action":"BUY","price":7137.93,"quantity":1,"timestamp":1771316982125}
{"symbol":"ADANIGREEN-EQ","action":"BUY","price":923.52,"quantity":1,"timestamp":1771316982137}
{"symbol":"JSWENERGY-EQ","action":"BUY","price":767.13,"quantity":1,"timestamp":1771316982143}
{"symbol":"TVSMOTOR-EQ","action":"BUY","price":3403.26,"quantity":1,"timestamp":1771316983115}
{"symbol":"DIVISLAB-EQ","action":"SELL","price":9919.39,"quantity":1,"pnl":-64.13000000000102,"timestamp":1771316985122}
{"symbol":"BPCL-EQ","action":"SELL","price":463.6,"quantity":1,"pnl":27.102259259259256,"timestamp":1771316986126}
{"symbol":"MAZDOCK-EQ","action":"SELL","price":847.99,"quantity":1,"pnl":26.37333333333345,"timestamp":1771316986154}
{"symbol":"BAJAJHLDNG-EQ","action":"BUY","price":21928.79,"quantity":1,"timestamp":1771316987149}
{"symbol":"TORNTPHARM-EQ","action":"BUY","price":6755.25,"quantity":1,"timestamp":1771316987156}
{"symbol":"LICI-EQ","action":"BUY","price":564.8,"quantity":1,"timestamp":1771316987169}
{"symbol":"ADANIGREEN-EQ","action":"BUY","price":862.93,"quantity":1,"timestamp":1771316990168}
{"symbol":"ZYDUSLIFE-EQ","action":"BUY","price":2133.5,"quantity":1,"timestamp":1771316990175}
{"symbol":"IRFC-EQ","action":"BUY","price":52.46,"quantity":1,"timestamp":1771316990179}
{"symbol":"TATAPOWER-EQ","action":"BUY","price":147.31,"quantity":1,"timestamp":1771316992166}
{"symbol":"INDHOTEL-EQ","action":"BUY","price":442.15,"quantity":1,"timestamp":1771316992171}
{"symbol":"IOC-EQ","action":"BUY","price":403.32,"quantity":1,"timestamp":1771316992174}
{"symbol":"HAVELLS-EQ","action":"BUY","price":999.34,"quantity":1,"timestamp":1771316992187}
{"symbol":"BANKBARODA-EQ","action":"SELL","price":250.29,"quantity":1,"pnl":29.383306666666698,"timestamp":1771316995185}
{"symbol":"ICICIGI-EQ","action":"SELL","price":48.76,"quantity":1,"pnl":-144.6629654631662,"timestamp":1771316995197}
{"symbol":"CANBK-EQ","action":"BUY","price":427.03,"quantity":1,"timestamp":1771316996192}
{"symbol":"DMART-EQ","action":"BUY","price":5713.58,"quantity":1,"timestamp":1771316997193}
{"symbol":"HYUNDAI-EQ","action":"BUY","price":10913.11,"quantity":1,"timestamp":1771316998214}
{"symbol":"BOSCHLTD-EQ","action":"BUY","price":14483.86,"quantity":1,"timestamp":1771316998219}
{"symbol":"VEDL-EQ","action":"BUY","price":319.52,"quantity":1,"timestamp":1771316999205}
{"symbol":"BANKBARODA-EQ","action":"BUY","price":237.24,"quantity":1,"timestamp":1771316999218}
{"symbol":"NAUKRI-EQ","action":"BUY","price":441.89,"quantity":1,"timestamp":1771316999224}
{"symbol":"SIEMENS-EQ","action":"BUY","price":1121.57,"quantity":1,"timestamp":1771316999238}
{"symbol":"VBL-EQ","action":"BUY","price":279.54,"quantity":1,"timestamp":1771317000223}
{"symbol":"GAIL-EQ","action":"BUY","price":378.67,"quantity":1,"timestamp":1771317000236}
{"symbol":"BPCL-EQ","action":"BUY","price":437.78,"quantity":1,"timestamp":1771317001227}
{"symbol":"ABB-EQ","action":"BUY","price":3593.11,"quantity":1,"timestamp":1771317001254}
{"symbol":"BAJAJHFL-EQ","action":"BUY","price":292.96,"quantity":1,"timestamp":1771317001262}
{"symbol":"LTIM-EQ","action":"BUY","price":7106.66,"quantity":1,"timestamp":1771317002227}
{"symbol":"RECLTD-EQ","action":"BUY","price":442.91,"quantity":1,"timestamp":1771317002241}
{"symbol":"ADANIENSOL-EQ","action":"BUY","price":554.71,"quantity":1,"timestamp":1771317002252}
{"symbol":"CGPOWER-EQ","action":"BUY","price":830.93,"quantity":1,"timestamp":1771317003241}
{"symbol":"LODHA-EQ","action":"BUY","price":341.92,"quantity":1,"timestamp":1771317003250}
{"symbol":"LICI-EQ","action":"BUY","price":562.38,"quantity":1,"timestamp":1771317004248}
{"symbol":"VBL-EQ","action":"BUY","price":263.77,"quantity":1,"timestamp":1771317005236}
{"symbol":"ICICIGI-EQ","action":"BUY","price":46.14,"quantity":1,"timestamp":1771317005251}
{"symbol":"VEDL-EQ","action":"BUY","price":301.84,"quantity":1,"timestamp":1771317006243}
{"symbol":"BPCL-EQ","action":"BUY","price":413.6,"quantity":1,"timestamp":1771317007253}
{"symbol":"GAIL-EQ","action":"BUY","price":358.11,"quantity":1,"timestamp":1771317007271}
{"symbol":"SHREECEM-EQ","action":"BUY","price":28750.12,"quantity":1,"timestamp":1771317007281}
{"symbol":"PIDILITIND-EQ","action":"SELL","price":1261.49,"quantity":1,"pnl":-120.13535578623032,"timestamp":1771317009276}
{"symbol":"HYUNDAI-EQ","action":"SELL","price":11661.81,"quantity":1,"pnl":525.6625000000004,"timestamp":1771317009284}
{"symbol":"HAL-EQ","action":"SELL","price":9761.47,"quantity":1,"pnl":518.6399999999994,"timestamp":1771317010263}
{"symbol":"TATAPOWER-EQ","action":"SELL","price":156.11,"quantity":1,"pnl":8.800000000000011,"timestamp":1771317011274}
{"symbol":"SHREECEM-EQ","action":"SELL","price":30480.4,"quantity":1,"pnl":8494.21090541481,"timestamp":1771317011291}
{"symbol":"HINDZINC-EQ","action":"SELL","price":241.03,"quantity":1,"pnl":28.195714285714274,"timestamp":1771317011300}
{"symbol":"LICI-EQ","action":"SELL","price":596.15,"quantity":1,"pnl":35.66864204729495,"timestamp":1771317011306}
{"symbol":"TVSMOTOR-EQ","action":"SELL","price":3818.96,"quantity":1,"pnl":913.2503630244864,"timestamp":1771317012272}
{"symbol":"PFC-EQ","action":"SELL","price":359.52,"quantity":1,"pnl":102.43042737429585,"timestamp":1771317012291}
{"symbol":"DMART-EQ","action":"BUY","price":5385.5,"quantity":1,"timestamp":1771317013283}
{"symbol":"DIVISLAB-EQ","action":"BUY","price":9443.41,"quantity":1,"timestamp":1771317014282}
{"symbol":"BPCL-EQ","action":"BUY","price":386.22,"quantity":1,"timestamp":1771317014291}
{"symbol":"JSWENERGY-EQ","action":"BUY","price":776.06,"quantity":1,"timestamp":1771317014311}
{"symbol":"BAJAJHLDNG-EQ","action":"BUY","price":21856.49,"quantity":1,"timestamp":1771317015293}
{"symbol":"HYUNDAI-EQ","action":"BUY","price":11070.16,"quantity":1,"timestamp":1771317015307}
{"symbol":"CANBK-EQ","action":"BUY","price":422.91,"quantity":1,"timestamp":1771317016296}
{"symbol":"MOTHERSON-EQ","action":"BUY","price":30.17,"quantity":1,"timestamp":1771317016307}
{"symbol":"DLF-EQ","action":"BUY","price":657.94,"quantity":1,"timestamp":1771317016316}
{"symbol":"IOC-EQ","action":"SELL","price":430.37,"quantity":1,"pnl":25.83779437714287,"timestamp":1771317017294}
{"symbol":"ADANIPOWER-EQ","action":"SELL","price":78.25,"quantity":1,"pnl":6.957499999999996,"timestamp":1771317017303}
{"symbol":"SIEMENS-EQ","action":"SELL","price":1202.93,"quantity":1,"pnl":-74.67034603857223,"timestamp":1771317017323}
{"symbol":"CHOLAFIN-EQ","action":"SELL","price":523.43,"quantity":1,"pnl":-74.95262500000013,"timestamp":1771317018307}
{"symbol":"HYUNDAI-EQ","action":"SELL","price":11717.91,"quantity":1,"pnl":614.7562500000004,"timestamp":1771317019333}
{"symbol":"CGPOWER-EQ","action":"SELL","price":879.04,"quantity":1,"pnl":29.644999999999982,"timestamp":1771317020332}
{"symbol":"BAJAJHLDNG-EQ","action":"SELL","price":22981.16,"quantity":1,"pnl":1088.5200000000004,"timestamp":1771317021333}
{"symbol":"ICICIGI-EQ","action":"SELL","price":48.85,"quantity":1,"pnl":-138.1693582691155,"timestamp":1771317021340}
{"symbol":"ZYDUSLIFE-EQ","action":"SELL","price":2255.46,"quantity":1,"pnl":121.96000000000004,"timestamp":1771317023357}
{"symbol":"BRITANNIA-EQ","action":"SELL","price":5768.84,"quantity":1,"pnl":-289.0110514285707,"timestamp":1771317024347}
{"symbol":"HYUNDAI-EQ","action":"SELL","price":12457.1,"quantity":1,"pnl":1353.9462500000009,"timestamp":1771317024367}
{"symbol":"LODHA-EQ","action":"BUY","price":322.1,"quantity":1,"timestamp":1771317025369}
{"symbol":"PFC-EQ","action":"BUY","price":337.73,"quantity":1,"timestamp":1771317026359}
{"symbol":"UNITDSPR-EQ","action":"BUY","price":564.77,"quantity":1,"timestamp":1771317026369}
{"symbol":"SHREECEM-EQ","action":"BUY","price":28907.25,"quantity":1,"timestamp":1771317026375}
{"symbol":"JSWENERGY-EQ","action":"BUY","price":733.99,"quantity":1,"timestamp":1771317026384}
{"symbol":"SIEMENS-EQ","action":"BUY","price":1139.61,"quantity":1,"timestamp":1771317026388}
{"symbol":"ICICIGI-EQ","action":"BUY","price":45.87,"quantity":1,"timestamp":1771317027373}
{"symbol":"ADANIPOWER-EQ","action":"BUY","price":74.09,"quantity":1,"timestamp":1771317029385}
{"symbol":"SHREECEM-EQ","action":"BUY","price":27373.34,"quantity":1,"timestamp":1771317030398}
{"symbol":"ZYDUSLIFE-EQ","action":"BUY","price":2115.09,"quantity":1,"timestamp":1771317030411}
{"symbol":"PFC-EQ","action":"BUY","price":318.23,"quantity":1,"timestamp":1771317031389}
{"symbol":"GAIL-EQ","action":"BUY","price":316.31,"quantity":1,"timestamp":1771317031401}
{"symbol":"CGPOWER-EQ","action":"BUY","price":866.99,"quantity":1,"timestamp":1771317031407}
{"symbol":"SOLARINDS-EQ","action":"BUY","price":11182.26,"quantity":1,"timestamp":1771317031415}
{"symbol":"LODHA-EQ","action":"BUY","price":302.49,"quantity":1,"timestamp":1771317031419}
{"symbol":"TATAPOWER-EQ","action":"BUY","price":148.29,"quantity":1,"timestamp":1771317032399}
{"symbol":"IOC-EQ","action":"BUY","price":403.43,"quantity":1,"timestamp":1771317032409}
{"symbol":"LICI-EQ","action":"BUY","price":523.19,"quantity":1,"timestamp":1771317032430}
{"symbol":"MOTHERSON-EQ","action":"SELL","price":30.27,"quantity":1,"pnl":-12.775060655496485,"timestamp":1771317034411}
{"symbol":"ADANIPOWER-EQ","action":"SELL","price":78.43,"quantity":1,"pnl":6.2050000000000125,"timestamp":1771317035422}
{"symbol":"LTIM-EQ","action":"BUY","price":6638.25,"quantity":1,"timestamp":1771317036438}
{"symbol":"HINDZINC-EQ","action":"BUY","price":228.16,"quantity":1,"timestamp":1771317036455}
{"symbol":"PFC-EQ","action":"BUY","price":301.07,"quantity":1,"timestamp":1771317037439}
{"symbol":"TORNTPHARM-EQ","action":"BUY","price":6752.77,"quantity":1,"timestamp":1771317037452}
{"symbol":"IRFC-EQ","action":"BUY","price":49.67,"quantity":1,"timestamp":1771317037464}
{"symbol":"DMART-EQ","action":"SELL","price":5668.05,"quantity":1,"pnl":-614.0522233020201,"timestamp":1771317038444}
{"symbol":"GAIL-EQ","action":"SELL","price":333.75,"quantity":1,"pnl":7.060611870059404,"timestamp":1771317039451}
{"symbol":"CANBK-EQ","action":"SELL","price":446.03,"quantity":1,"pnl":21.059999999999945,"timestamp":1771317040461}
{"symbol":"ABB-EQ","action":"SELL","price":3977.64,"quantity":1,"pnl":467.005795205067,"timestamp":1771317041487}
{"symbol":"CANBK-EQ","action":"SELL","price":469.63,"quantity":1,"pnl":44.65999999999997,"timestamp":1771317043493}
{"symbol":"SOLARINDS-EQ","action":"SELL","price":11786.39,"quantity":1,"pnl":1983.8207380187723,"timestamp":1771317043511}
{"symbol":"DIVISLAB-EQ","action":"BUY","price":8875.68,"quantity":1,"timestamp":1771317044491}
{"symbol":"BAJAJHFL-EQ","action":"BUY","price":275.71,"quantity":1,"timestamp":1771317044514}
{"symbol":"LODHA-EQ","action":"BUY","price":282.82,"quantity":1,"timestamp":1771317045514}
{"symbol":"ZYDUSLIFE-EQ","action":"BUY","price":2114.8,"quantity":1,"timestamp":1771317046518}
{"symbol":"ADANIGREEN-EQ","action":"BUY","price":754.37,"quantity":1,"timestamp":1771317047517}
{"symbol":"ENRIN-EQ","action":"BUY","price":1121.64,"quantity":1,"timestamp":1771317047526}
{"symbol":"GODREJCP-EQ","action":"BUY","price":2380.44,"quantity":1,"timestamp":1771317048516}
{"symbol":"IOC-EQ","action":"BUY","price":375.49,"quantity":1,"timestamp":1771317050519}
{"symbol":"AMBUJACEM-EQ","action":"SELL","price":195.78,"quantity":1,"pnl":-18.96183576589803,"timestamp":1771317052532}
{"symbol":"VBL-EQ","action":"BUY","price":234.98,"quantity":1,"timestamp":1771317053535}
{"symbol":"ICICIGI-EQ","action":"BUY","price":45.27,"quantity":1,"timestamp":1771317053547}
{"symbol":"NAUKRI-EQ","action":"BUY","price":418.5,"quantity":1,"timestamp":1771317054547}
{"symbol":"CGPOWER-EQ","action":"BUY","price":823.46,"quantity":1,"timestamp":1771317054556}
{"symbol":"TVSMOTOR-EQ","action":"BUY","price":3239.06,"quantity":1,"timestamp":1771317055543}
{"symbol":"BPCL-EQ","action":"BUY","price":384.1,"quantity":1,"timestamp":1771317055555}
{"symbol":"HYUNDAI-EQ","action":"BUY","price":11668.32,"quantity":1,"timestamp":1771317055579}
{"symbol":"ZYDUSLIFE-EQ","action":"BUY","price":1901.73,"quantity":1,"timestamp":1771317055590}
{"symbol":"DIVISLAB-EQ","action":"BUY","price":8390.74,"quantity":1,"timestamp":1771317056552}
{"symbol":"IRFC-EQ","action":"BUY","price":43.75,"quantity":1,"timestamp":1771317057583}
{"symbol":"MAZDOCK-EQ","action":"BUY","price":721.87,"quantity":1,"timestamp":1771317058583}
{"symbol":"GAIL-EQ","action":"BUY","price":316.66,"quantity":1,"timestamp":1771317059596}
{"symbol":"TORNTPHARM-EQ","action":"BUY","price":6757.27,"quantity":1,"timestamp":1771317059602}
{"symbol":"JSWENERGY-EQ","action":"BUY","price":731.12,"quantity":1,"timestamp":1771317059611}
{"symbol":"AMBUJACEM-EQ","action":"BUY","price":183.73,"quantity":1,"timestamp":1771317060609}
{"symbol":"LTIM-EQ","action":"BUY","price":7054.12,"quantity":1,"timestamp":1771317061615}
{"symbol":"BAJAJHLDNG-EQ","action":"BUY","price":24528.17,"quantity":1,"timestamp":1771317061622}
{"symbol":"ADANIENSOL-EQ","action":"BUY","price":483.76,"quantity":1,"timestamp":1771317061633}
{"symbol":"INDHOTEL-EQ","action":"BUY","price":445.88,"quantity":1,"timestamp":1771317062611}
{"symbol":"MAZDOCK-EQ","action":"BUY","price":678.38,"quantity":1,"timestamp":1771317063632}
{"symbol":"GODREJCP-EQ","action":"BUY","price":2344.42,"quantity":1,"timestamp":1771317065637}
{"symbol":"PNB-EQ","action":"BUY","price":109.62,"quantity":1,"timestamp":1771317065643}
{"symbol":"BPCL-EQ","action":"BUY","price":356.5,"quantity":1,"timestamp":1771317067642}
{"symbol":"HYUNDAI-EQ","action":"BUY","price":11040.09,"quantity":1,"timestamp":1771317067660}
{"symbol":"VEDL-EQ","action":"BUY","price":316.1,"quantity":1,"timestamp":1771317068648}
{"symbol":"IOC-EQ","action":"BUY","price":371.19,"quantity":1,"timestamp":1771317068662}
{"symbol":"PFC-EQ","action":"BUY","price":321.41,"quantity":1,"timestamp":1771317069657}
{"symbol":"DLF-EQ","action":"BUY","price":579.26,"quantity":1,"timestamp":1771317069669}
{"symbol":"SIEMENS-EQ","action":"BUY","price":1121.64,"quantity":1,"timestamp":1771317069681}
{"symbol":"NAUKRI-EQ","action":"BUY","price":411.42,"quantity":1,"timestamp":1771317070659}
{"symbol":"TVSMOTOR-EQ","action":"BUY","price":3042.93,"quantity":1,"timestamp":1771317071655}
{"symbol":"BAJAJHFL-EQ","action":"BUY","price":261.85,"quantity":1,"timestamp":1771317071686}
{"symbol":"TATAPOWER-EQ","action":"BUY","price":146.2,"quantity":1,"timestamp":1771317072667}
{"symbol":"ADANIPOWER-EQ","action":"BUY","price":73.99,"quantity":1,"timestamp":1771317072674}
{"symbol":"LICI-EQ","action":"BUY","price":516,"quantity":1,"timestamp":1771317072697}
{"symbol":"VEDL-EQ","action":"BUY","price":298.12,"quantity":1,"timestamp":1771317073675}
{"symbol":"BOSCHLTD-EQ","action":"BUY","price":13389.87,"quantity":1,"timestamp":1771317073698}
{"symbol":"IRFC-EQ","action":"BUY","price":41.4,"quantity":1,"timestamp":1771317073706}
{"symbol":"ENRIN-EQ","action":"BUY","price":1129.37,"quantity":1,"timestamp":1771317074697}
{"symbol":"DMART-EQ","action":"BUY","price":5370.75,"quantity":1,"timestamp":1771317076693}
{"symbol":"LTIM-EQ","action":"BUY","price":6580.47,"quantity":1,"timestamp":1771317078720}
{"symbol":"HAVELLS-EQ","action":"BUY","price":938.25,"quantity":1,"timestamp":1771317078732}
{"symbol":"ADANIENSOL-EQ","action":"BUY","price":453.04,"quantity":1,"timestamp":1771317079741}
{"symbol":"TVSMOTOR-EQ","action":"BUY","price":2887.45,"quantity":1,"timestamp":1771317080730}
{"symbol":"BANKBARODA-EQ","action":"BUY","price":211.36,"quantity":1,"timestamp":1771317082758}
{"symbol":"JSWENERGY-EQ","action":"BUY","price":687.12,"quantity":1,"timestamp":1771317082778}
{"symbol":"BRITANNIA-EQ","action":"BUY","price":5818.53,"quantity":1,"timestamp":1771317083752}
{"symbol":"ICICIGI-EQ","action":"BUY","price":42.68,"quantity":1,"timestamp":1771317083767}
{"symbol":"HAVELLS-EQ","action":"BUY","price":872.98,"quantity":1,"timestamp":1771317083775}
{"symbol":"ADANIGREEN-EQ","action":"BUY","price":790.93,"quantity":1,"timestamp":1771317084780}
{"symbol":"BPCL-EQ","action":"BUY","price":337.92,"quantity":1,"timestamp":1771317086764}
{"symbol":"PNB-EQ","action":"BUY","price":103.88,"quantity":1,"timestamp":1771317086780}
{"symbol":"LODHA-EQ","action":"BUY","price":286.62,"quantity":1,"timestamp":1771317086788}
{"symbol":"RECLTD-EQ","action":"BUY","price":437.1,"quantity":1,"timestamp":1771317087781}
{"symbol":"ADANIENSOL-EQ","action":"BUY","price":427.81,"quantity":1,"timestamp":1771317088791}
{"symbol":"TVSMOTOR-EQ","action":"BUY","price":2695.58,"quantity":1,"timestamp":1771317089782}
{"symbol":"PFC-EQ","action":"BUY","price":324.25,"quantity":1,"timestamp":1771317089799}
{"symbol":"DMART-EQ","action":"BUY","price":5101.11,"quantity":1,"timestamp":1771317090795}
{"symbol":"SHREECEM-EQ","action":"BUY","price":27738.87,"quantity":1,"timestamp":1771317090815}
{"symbol":"MOTHERSON-EQ","action":"BUY","price":31.8,"quantity":1,"timestamp":1771317091801}
{"symbol":"PIDILITIND-EQ","action":"BUY","price":1386.28,"quantity":1,"timestamp":1771317091810}
{"symbol":"HAL-EQ","action":"BUY","price":11750.25,"quantity":1,"timestamp":1771317093806}
{"symbol":"TATAPOWER-EQ","action":"BUY","price":147.74,"quantity":1,"timestamp":1771317094816}
{"symbol":"TORNTPHARM-EQ","action":"BUY","price":6778.82,"quantity":1,"timestamp":1771317094833}
{"symbol":"ZYDUSLIFE-EQ","action":"BUY","price":1800.98,"quantity":1,"timestamp":1771317094845}
{"symbol":"PIDILITIND-EQ","action":"BUY","price":1312.65,"quantity":1,"timestamp":1771317095827}
{"symbol":"INDHOTEL-EQ","action":"SELL","price":565.87,"quantity":1,"pnl":34.01271444125109,"timestamp":1771317097821}
{"symbol":"ADANIPOWER-EQ","action":"SELL","price":78.16,"quantity":1,"pnl":5.346666666666664,"timestamp":1771317097830}
{"symbol":"ENRIN-EQ","action":"SELL","price":1313.84,"quantity":1,"pnl":-189.63195719954638,"timestamp":1771317097849}
{"symbol":"VBL-EQ","action":"SELL","price":277.39,"quantity":1,"pnl":-110.26509259259262,"timestamp":1771317098827}
{"symbol":"TORNTPHARM-EQ","action":"SELL","price":7225.98,"quantity":1,"pnl":404.80402579365,"timestamp":1771317098843}
{"symbol":"VEDL-EQ","action":"SELL","price":314.07,"quantity":1,"pnl":-8.386666666666656,"timestamp":1771317099825}
{"symbol":"HAVELLS-EQ","action":"SELL","price":919.57,"quantity":1,"pnl":-17.286666666666633,"timestamp":1771317099847}
{"symbol":"BAJAJHFL-EQ","action":"SELL","price":312.14,"quantity":1,"pnl":0.5602538666666419,"timestamp":1771317099860}
{"symbol":"CHOLAFIN-EQ","action":"SELL","price":650.87,"quantity":1,"pnl":52.48737499999993,"timestamp":1771317100833}
{"symbol":"IRFC-EQ","action":"SELL","price":43.69,"quantity":1,"pnl":-17.94706467002385,"timestamp":1771317101860}
{"symbol":"ENRIN-EQ","action":"SELL","price":1391.67,"quantity":1,"pnl":-111.80195719954622,"timestamp":1771317101864}
{"symbol":"VBL-EQ","action":"SELL","price":292.15,"quantity":1,"pnl":-95.50509259259258,"timestamp":1771317102851}
{"symbol":"ADANIGREEN-EQ","action":"SELL","price":834.96,"quantity":1,"pnl":-78.5082142857143,"timestamp":1771317102868}
{"symbol":"ZYDUSLIFE-EQ","action":"SELL","price":1908.11,"quantity":1,"pnl":-75.04000000000019,"timestamp":1771317102873}
{"symbol":"UNITDSPR-EQ","action":"SELL","price":640.91,"quantity":1,"pnl":-30.462216557716715,"timestamp":1771317103872}
{"symbol":"NAUKRI-EQ","action":"SELL","price":432.1,"quantity":1,"pnl":-25.43494375486557,"timestamp":1771317105870}
{"symbol":"DIVISLAB-EQ","action":"BUY","price":7933.23,"quantity":1,"timestamp":1771317106866}
{"symbol":"BAJAJHLDNG-EQ","action":"BUY","price":24369.4,"quantity":1,"timestamp":1771317106883}
{"symbol":"DLF-EQ","action":"BUY","price":546.04,"quantity":1,"timestamp":1771317106891}
{"symbol":"MOTHERSON-EQ","action":"BUY","price":30.04,"quantity":1,"timestamp":1771317109888}
{"symbol":"DLF-EQ","action":"BUY","price":514.57,"quantity":1,"timestamp":1771317109898}
{"symbol":"SHREECEM-EQ","action":"BUY","price":27878.76,"quantity":1,"timestamp":1771317109903}
{"symbol":"BAJAJHFL-EQ","action":"BUY","price":277.84,"quantity":1,"timestamp":1771317109915}
{"symbol":"CGPOWER-EQ","action":"BUY","price":773.33,"quantity":1,"timestamp":1771317110898}
{"symbol":"BANKBARODA-EQ","action":"BUY","price":211.9,"quantity":1,"timestamp":1771317112899}
{"symbol":"GODREJCP-EQ","action":"BUY","price":2107.56,"quantity":1,"timestamp":1771317113918}
{"symbol":"GAIL-EQ","action":"BUY","price":334.47,"quantity":1,"timestamp":1771317114925}
{"symbol":"BAJAJHFL-EQ","action":"BUY","price":261.68,"quantity":1,"timestamp":1771317114939}
{"symbol":"HAL-EQ","action":"BUY","price":11107.22,"quantity":1,"timestamp":1771317115916}
{"symbol":"PIDILITIND-EQ","action":"BUY","price":1171.17,"quantity":1,"timestamp":1771317115932}
{"symbol":"LICI-EQ","action":"BUY","price":482.19,"quantity":1,"timestamp":1771317115948}
{"symbol":"SOLARINDS-EQ","action":"BUY","price":12399.36,"quantity":1,"timestamp":1771317116936}
{"symbol":"RECLTD-EQ","action":"SELL","price":431.56,"quantity":1,"pnl":-8.444999999999993,"timestamp":1771317117934}
{"symbol":"VEDL-EQ","action":"SELL","price":332.64,"quantity":1,"pnl":10.183333333333394,"timestamp":1771317118931}
{"symbol":"AMBUJACEM-EQ","action":"SELL","price":216.76,"quantity":1,"pnl":3.9564039694705855,"timestamp":1771317118962}
{"symbol":"ADANIENSOL-EQ","action":"SELL","price":474.13,"quantity":1,"pnl":-16.549638239000444,"timestamp":1771317118972}
{"symbol":"SHREECEM-EQ","action":"BUY","price":26400.24,"quantity":1,"timestamp":1771317119958}
{"symbol":"DIVISLAB-EQ","action":"BUY","price":7470.86,"quantity":1,"timestamp":1771317120935}
{"symbol":"SIEMENS-EQ","action":"BUY","price":1097.36,"quantity":1,"timestamp":1771317122966}
{"symbol":"HAVELLS-EQ","action":"BUY","price":872.57,"quantity":1,"timestamp":1771317123968}
{"symbol":"GAIL-EQ","action":"BUY","price":316.1,"quantity":1,"timestamp":1771317124974}
{"symbol":"PIDILITIND-EQ","action":"BUY","price":1111.43,"quantity":1,"timestamp":1771317126992}
{"symbol":"SOLARINDS-EQ","action":"BUY","price":11617.85,"quantity":1,"timestamp":1771317127004}
{"symbol":"ADANIPOWER-EQ","action":"BUY","price":77.68,"quantity":1,"timestamp":1771317127986}
{"symbol":"HINDZINC-EQ","action":"BUY","price":229.5,"quantity":1,"timestamp":1771317129002}
{"symbol":"SIEMENS-EQ","action":"BUY","price":1032.73,"quantity":1,"timestamp":1771317129006}
{"symbol":"IRFC-EQ","action":"BUY","price":44,"quantity":1,"timestamp":1771317129014}
{"symbol":"DMART-EQ","action":"BUY","price":4826.37,"quantity":1,"timestamp":1771317129997}
{"symbol":"GODREJCP-EQ","action":"BUY","price":1996.27,"quantity":1,"timestamp":1771317130010}
{"symbol":"HAL-EQ","action":"BUY","price":11126.62,"quantity":1,"timestamp":1771317130992}
{"symbol":"SOLARINDS-EQ","action":"BUY","price":10999.46,"quantity":1,"timestamp":1771317131012}
{"symbol":"LICI-EQ","action":"BUY","price":457.44,"quantity":1,"timestamp":1771317131022}
{"symbol":"PFC-EQ","action":"BUY","price":342.12,"quantity":1,"timestamp":1771317131999}
{"symbol":"AMBUJACEM-EQ","action":"BUY","price":217.27,"quantity":1,"timestamp":1771317133023}
{"symbol":"MAZDOCK-EQ","action":"BUY","price":592.24,"quantity":1,"timestamp":1771317133036}
{"symbol":"BANKBARODA-EQ","action":"BUY","price":200.56,"quantity":1,"timestamp":1771317134031}
{"symbol":"PNB-EQ","action":"BUY","price":102.21,"quantity":1,"timestamp":1771317134041}
{"symbol":"ADANIENSOL-EQ","action":"BUY","price":446.1,"quantity":1,"timestamp":1771317134050}
{"symbol":"ADANIGREEN-EQ","action":"BUY","price":834.92,"quantity":1,"timestamp":1771317134055}
{"symbol":"RECLTD-EQ","action":"SELL","price":456.39,"quantity":1,"pnl":16.38499999999999,"timestamp":1771317135045}
{"symbol":"GAIL-EQ","action":"SELL","price":332.59,"quantity":1,"pnl":7.327074580039664,"timestamp":1771317135049}
{"symbol":"UNITDSPR-EQ","action":"SELL","price":714.45,"quantity":1,"pnl":43.07778344228336,"timestamp":1771317135055}
{"symbol":"ENRIN-EQ","action":"SELL","price":1656.63,"quantity":1,"pnl":153.15804280045404,"timestamp":1771317135067}
{"symbol":"DMART-EQ","action":"SELL","price":5071.94,"quantity":1,"pnl":-815.9314822013475,"timestamp":1771317136037}
{"symbol":"BOSCHLTD-EQ","action":"SELL","price":15872.92,"quantity":1,"pnl":793.9483543252609,"timestamp":1771317136055}
{"symbol":"ZYDUSLIFE-EQ","action":"SELL","price":2128.97,"quantity":1,"pnl":145.81999999999948,"timestamp":1771317136065}
{"symbol":"BAJAJHFL-EQ","action":"SELL","price":275.2,"quantity":1,"pnl":-22.43983075555559,"timestamp":1771317136070}
{"symbol":"ADANIPOWER-EQ","action":"SELL","price":81.89,"quantity":1,"pnl":7.454444444444448,"timestamp":1771317137046}
{"symbol":"HYUNDAI-EQ","action":"SELL","price":15496.33,"quantity":1,"pnl":4142.125,"timestamp":1771317137063}
{"symbol":"HINDZINC-EQ","action":"SELL","price":242.57,"quantity":1,"pnl":19.071904761904733,"timestamp":1771317137073}
{"symbol":"TVSMOTOR-EQ","action":"SELL","price":3043.94,"quantity":1,"pnl":89.79407260489688,"timestamp":1771317138047}
{"symbol":"SOLARINDS-EQ","action":"SELL","price":11701.29,"quantity":1,"pnl":1097.440421725014,"timestamp":1771317138077}
{"symbol":"TORNTPHARM-EQ","action":"BUY","price":8158.54,"quantity":1,"timestamp":1771317141094}
{"symbol":"AMBUJACEM-EQ","action":"BUY","price":206.03,"quantity":1,"timestamp":1771317142097}
{"symbol":"MAZDOCK-EQ","action":"BUY","price":560.74,"quantity":1,"timestamp":1771317142113}
{"symbol":"BRITANNIA-EQ","action":"BUY","price":6374.09,"quantity":1,"timestamp":1771317143087}
{"symbol":"DMART-EQ","action":"SELL","price":5339.36,"quantity":1,"pnl":-548.5114822013475,"timestamp":1771317144102}
{"symbol":"ADANIPOWER-EQ","action":"SELL","price":86.42,"quantity":1,"pnl":11.984444444444435,"timestamp":1771317144109}
{"symbol":"LTIM-EQ","action":"SELL","price":8215.57,"quantity":1,"pnl":1404.996000000001,"timestamp":1771317144113}
{"symbol":"ABB-EQ","action":"SELL","price":3972.66,"quantity":1,"pnl":462.02579520506697,"timestamp":1771317144135}
{"symbol":"PNB-EQ","action":"BUY","price":90.07,"quantity":1,"timestamp":1771317145124}
{"symbol":"SIEMENS-EQ","action":"BUY","price":965.15,"quantity":1,"timestamp":1771317145141}
{"symbol":"IOC-EQ","action":"SELL","price":418.82,"quantity":1,"pnl":23.357311072653033,"timestamp":1771317147129}
{"symbol":"ADANIPOWER-EQ","action":"SELL","price":91.07,"quantity":1,"pnl":16.634444444444426,"timestamp":1771317147136}
{"symbol":"GODREJCP-EQ","action":"SELL","price":1991.49,"quantity":1,"pnl":-346.79999999999995,"timestamp":1771317147147}
{"symbol":"MOTHERSON-EQ","action":"SELL","price":34.11,"quantity":1,"pnl":-7.069666708497024,"timestamp":1771317148137}
{"symbol":"NAUKRI-EQ","action":"SELL","price":484.59,"quantity":1,"pnl":27.05505624513438,"timestamp":1771317149147}
{"symbol":"HYUNDAI-EQ","action":"SELL","price":16298.94,"quantity":1,"pnl":4944.735000000001,"timestamp":1771317149160}
{"symbol":"SOLARINDS-EQ","action":"SELL","price":12336.85,"quantity":1,"pnl":1733.0004217250134,"timestamp":1771317149166}
{"symbol":"VEDL-EQ","action":"BUY","price":350.18,"quantity":1,"timestamp":1771317150146}
{"symbol":"BAJAJHLDNG-EQ","action":"BUY","price":23068.23,"quantity":1,"timestamp":1771317151162}
{"symbol":"MAZDOCK-EQ","action":"SELL","price":589.53,"quantity":1,"pnl":-85.43933333333325,"timestamp":1771317154187}
{"symbol":"VBL-EQ","action":"SELL","price":359.87,"quantity":1,"pnl":-27.785092592592548,"timestamp":1771317155173}
{"symbol":"ADANIGREEN-EQ","action":"SELL","price":885.24,"quantity":1,"pnl":-17.00704081632648,"timestamp":1771317155193}
{"symbol":"ABB-EQ","action":"SELL","price":4178.8,"quantity":1,"pnl":668.1657952050673,"timestamp":1771317155236}
{"symbol":"MOTHERSON-EQ","action":"SELL","price":36.04,"quantity":1,"pnl":-5.139666708497025,"timestamp":1771317156193}
{"symbol":"GAIL-EQ","action":"SELL","price":328.91,"quantity":1,"pnl":3.647074580039714,"timestamp":1771317156201}
{"symbol":"TVSMOTOR-EQ","action":"SELL","price":3226.24,"quantity":1,"pnl":272.0940726048966,"timestamp":1771317157185}
{"symbol":"BAJAJHLDNG-EQ","action":"SELL","price":24482.23,"quantity":1,"pnl":1017.6200000000026,"timestamp":1771317157206}
{"symbol":"JINDALSTEL-EQ","action":"SELL","price":681.05,"quantity":1,"pnl":107.24042860660393,"timestamp":1771317157215}
{"symbol":"HINDZINC-EQ","action":"BUY","price":239.89,"quantity":1,"timestamp":1771317158205}
{"symbol":"IRFC-EQ","action":"BUY","price":39.05,"quantity":1,"timestamp":1771317159210}
{"symbol":"MAZDOCK-EQ","action":"BUY","price":558.13,"quantity":1,"timestamp":1771317159217}
{"symbol":"PFC-EQ","action":"BUY","price":324.37,"quantity":1,"timestamp":1771317160213}
{"symbol":"HYUNDAI-EQ","action":"BUY","price":15204.78,"quantity":1,"timestamp":1771317160227}
{"symbol":"BANKBARODA-EQ","action":"SELL","price":208.51,"quantity":1,"pnl":-9.575846666666678,"timestamp":1771317161224}
{"symbol":"DIVISLAB-EQ","action":"SELL","price":7940.62,"quantity":1,"pnl":-482.16399999999976,"timestamp":1771317162225}
{"symbol":"IOC-EQ","action":"SELL","price":440.82,"quantity":1,"pnl":45.357311072652976,"timestamp":1771317162237}
{"symbol":"MOTHERSON-EQ","action":"SELL","price":38,"quantity":1,"pnl":-3.179666708497024,"timestamp":1771317162244}
{"symbol":"ADANIENSOL-EQ","action":"SELL","price":443.1,"quantity":1,"pnl":-41.211118490571835,"timestamp":1771317162256}
{"symbol":"JSWENERGY-EQ","action":"SELL","price":802.83,"quantity":1,"pnl":84.74596371882092,"timestamp":1771317162263}
{"symbol":"ENRIN-EQ","action":"SELL","price":1733.11,"quantity":1,"pnl":229.63804280045383,"timestamp":1771317162272}
{"symbol":"LTIM-EQ","action":"SELL","price":8741.82,"quantity":1,"pnl":1931.246000000001,"timestamp":1771317163244}
{"symbol":"LODHA-EQ","action":"SELL","price":387.46,"quantity":1,"pnl":7.070335385425665,"timestamp":1771317163260}
{"symbol":"SIEMENS-EQ","action":"SELL","price":1018.7,"quantity":1,"pnl":-165.12655238467573,"timestamp":1771317163266}
{"symbol":"INDHOTEL-EQ","action":"SELL","price":595.42,"quantity":1,"pnl":63.562714441251046,"timestamp":1771317164254}
{"symbol":"GODREJCP-EQ","action":"SELL","price":1979.34,"quantity":1,"pnl":-358.95000000000005,"timestamp":1771317164268}
{"symbol":"GAIL-EQ","action":"BUY","price":310.97,"quantity":1,"timestamp":1771317167280}
{"symbol":"SOLARINDS-EQ","action":"BUY","price":10920.21,"quantity":1,"timestamp":1771317167292}
{"symbol":"PFC-EQ","action":"SELL","price":340.95,"quantity":1,"pnl":16.78142857142859,"timestamp":1771317168278}
{"symbol":"UNITDSPR-EQ","action":"SELL","price":752.35,"quantity":1,"pnl":80.97778344228334,"timestamp":1771317169294}
{"symbol":"VEDL-EQ","action":"SELL","price":350.23,"quantity":1,"pnl":22.228666666666754,"timestamp":1771317170272}
{"symbol":"ICICIGI-EQ","action":"SELL","price":54.03,"quantity":1,"pnl":-115.89983527682165,"timestamp":1771317170291}
{"symbol":"AMBUJACEM-EQ","action":"SELL","price":217.63,"quantity":1,"pnl":4.962121149532862,"timestamp":1771317170300}
{"symbol":"SOLARINDS-EQ","action":"SELL","price":11490.82,"quantity":1,"pnl":834.2436847708432,"timestamp":1771317170306}
{"symbol":"LICI-EQ","action":"SELL","price":457.38,"quantity":1,"pnl":-76.79081477162288,"timestamp":1771317170315}
{"symbol":"BRITANNIA-EQ","action":"SELL","price":6780.4,"quantity":1,"pnl":709.729299047619,"timestamp":1771317171289}
{"symbol":"TATAPOWER-EQ","action":"SELL","price":164.76,"quantity":1,"pnl":17.349999999999994,"timestamp":1771317171299}
{"symbol":"LODHA-EQ","action":"SELL","price":408.75,"quantity":1,"pnl":28.360335385425685,"timestamp":1771317171317}
{"symbol":"LICI-EQ","action":"SELL","price":482.75,"quantity":1,"pnl":-51.420814771622986,"timestamp":1771317173328}
{"symbol":"AMBUJACEM-EQ","action":"SELL","price":231.31,"quantity":1,"pnl":18.64212114953287,"timestamp":1771317174333}
{"symbol":"DMART-EQ","action":"SELL","price":5879.68,"quantity":1,"pnl":-8.191482201346844,"timestamp":1771317175316}
{"symbol":"DIVISLAB-EQ","action":"SELL","price":7880.69,"quantity":1,"pnl":-542.094,"timestamp":1771317178349}
{"symbol":"GAIL-EQ","action":"SELL","price":327.56,"quantity":1,"pnl":4.08369025753467,"timestamp":1771317178365}
{"symbol":"LICI-EQ","action":"SELL","price":507.28,"quantity":1,"pnl":-26.890814771623013,"timestamp":1771317178382}
{"symbol":"CHOLAFIN-EQ","action":"SELL","price":677.93,"quantity":1,"pnl":79.54737499999987,"timestamp":1771317179357}
{"symbol":"ADANIGREEN-EQ","action":"SELL","price":929.69,"quantity":1,"pnl":27.44295918367345,"timestamp":1771317179379}
{"symbol":"HINDZINC-EQ","action":"SELL","price":254.24,"quantity":1,"pnl":25.277936507936516,"timestamp":1771317179382}
{"symbol":"LTIM-EQ","action":"SELL","price":8181.54,"quantity":1,"pnl":1370.9660000000022,"timestamp":1771317180364}
{"symbol":"BAJAJHLDNG-EQ","action":"SELL","price":24456.54,"quantity":1,"pnl":991.9300000000039,"timestamp":1771317180375}
{"symbol":"NAUKRI-EQ","action":"SELL","price":537.66,"quantity":1,"pnl":80.12505624513443,"timestamp":1771317181369}
{"symbol":"TORNTPHARM-EQ","action":"SELL","price":7678.16,"quantity":1,"pnl":665.9320221088437,"timestamp":1771317181381}
{"symbol":"HYUNDAI-EQ","action":"SELL","price":15981.69,"quantity":1,"pnl":776.9099999999999,"timestamp":1771317182376}
{"symbol":"SIEMENS-EQ","action":"SELL","price":1083.2,"quantity":1,"pnl":-100.6265523846755,"timestamp":1771317182385}
{"symbol":"DIVISLAB-EQ","action":"BUY","price":7420.26,"quantity":1,"timestamp":1771317183370}
{"symbol":"ADANIENSOL-EQ","action":"BUY","price":371.64,"quantity":1,"timestamp":1771317183390}
{"symbol":"ABB-EQ","action":"BUY","price":3655.88,"quantity":1,"timestamp":1771317183398}
{"symbol":"NAUKRI-EQ","action":"BUY","price":508.71,"quantity":1,"timestamp":1771317184388}
{"symbol":"BAJAJHLDNG-EQ","action":"BUY","price":22975.24,"quantity":1,"timestamp":1771317184396}
{"symbol":"CHOLAFIN-EQ","action":"BUY","price":636.68,"quantity":1,"timestamp":1771317185388}
{"symbol":"INDHOTEL-EQ","action":"BUY","price":533.6,"quantity":1,"timestamp":1771317185443}
{"symbol":"PFC-EQ","action":"BUY","price":288.85,"quantity":1,"timestamp":1771317185450}
{"symbol":"DLF-EQ","action":"BUY","price":514.13,"quantity":1,"timestamp":1771317185464}
{"symbol":"CANBK-EQ","action":"BUY","price":620.26,"quantity":1,"timestamp":1771317187397}
{"symbol":"LTIM-EQ","action":"BUY","price":7720.87,"quantity":1,"timestamp":1771317188394}
{"symbol":"DMART-EQ","action":"SELL","price":6730.84,"quantity":1,"pnl":842.9685177986539,"timestamp":1771317191406}
{"symbol":"HAVELLS-EQ","action":"SELL","price":949.2,"quantity":1,"pnl":33.772222222222126,"timestamp":1771317191425}
{"symbol":"ZYDUSLIFE-EQ","action":"SELL","price":2126.6,"quantity":1,"pnl":143.44999999999982,"timestamp":1771317191433}
{"symbol":"IRFC-EQ","action":"SELL","price":41.67,"quantity":1,"pnl":-16.615053891686536,"timestamp":1771317191437}
{"symbol":"DIVISLAB-EQ","action":"SELL","price":7873.09,"quantity":1,"pnl":-299.0630000000001,"timestamp":1771317192405}
{"symbol":"CANBK-EQ","action":"SELL","price":654.23,"quantity":1,"pnl":33.97000000000003,"timestamp":1771317193412}
{"symbol":"ICICIGI-EQ","action":"SELL","price":53.82,"quantity":1,"pnl":-116.10983527682166,"timestamp":1771317194417}
{"symbol":"LICI-EQ","action":"SELL","price":534.95,"quantity":1,"pnl":0.7791852283770595,"timestamp":1771317194436}
{"symbol":"JSWENERGY-EQ","action":"SELL","price":856.53,"quantity":1,"pnl":138.44596371882085,"timestamp":1771317195433}
{"symbol":"INDHOTEL-EQ","action":"SELL","price":563.91,"quantity":1,"pnl":31.762262034375908,"timestamp":1771317196433}
{"symbol":"DMART-EQ","action":"SELL","price":7078.15,"quantity":1,"pnl":1190.2785177986534,"timestamp":1771317196448}
{"symbol":"PFC-EQ","action":"SELL","price":305.81,"quantity":1,"pnl":-13.313061224489786,"timestamp":1771317196453}
{"symbol":"JINDALSTEL-EQ","action":"SELL","price":760.09,"quantity":1,"pnl":186.280428606604,"timestamp":1771317196469}
{"symbol":"LTIM-EQ","action":"SELL","price":8109.12,"quantity":1,"pnl":995.1140000000014,"timestamp":1771317197440}
{"symbol":"PIDILITIND-EQ","action":"SELL","price":1104.22,"quantity":1,"pnl":-216.85297543679462,"timestamp":1771317197449}
{"symbol":"HINDZINC-EQ","action":"BUY","price":253.27,"quantity":1,"timestamp":1771317199474}
{"symbol":"CHOLAFIN-EQ","action":"BUY","price":603.07,"quantity":1,"timestamp":1771317200469}
{"symbol":"BOSCHLTD-EQ","action":"BUY","price":13241.39,"quantity":1,"timestamp":1771317200487}
{"symbol":"LICI-EQ","action":"BUY","price":502.05,"quantity":1,"timestamp":1771317201502}
{"symbol":"CANBK-EQ","action":"BUY","price":613.91,"quantity":1,"timestamp":1771317202496}
{"symbol":"ABB-EQ","action":"BUY","price":3210.71,"quantity":1,"timestamp":1771317202514}
{"symbol":"DIVISLAB-EQ","action":"BUY","price":7386.39,"quantity":1,"timestamp":1771317204506}
{"symbol":"BAJAJHLDNG-EQ","action":"BUY","price":21612.02,"quantity":1,"timestamp":1771317204521}
{"symbol":"PIDILITIND-EQ","action":"BUY","price":1039.36,"quantity":1,"timestamp":1771317205527}
{"symbol":"TORNTPHARM-EQ","action":"BUY","price":7575.95,"quantity":1,"timestamp":1771317205535}
{"symbol":"MAZDOCK-EQ","action":"BUY","price":527.24,"quantity":1,"timestamp":1771317205545}
{"symbol":"TATAPOWER-EQ","action":"BUY","price":156.25,"quantity":1,"timestamp":1771317206526}
{"symbol":"VEDL-EQ","action":"BUY","price":332.43,"quantity":1,"timestamp":1771317207535}
{"symbol":"IOC-EQ","action":"BUY","price":436.08,"quantity":1,"timestamp":1771317207552}
{"symbol":"CANBK-EQ","action":"BUY","price":577.01,"quantity":1,"timestamp":1771317207562}
{"symbol":"TVSMOTOR-EQ","action":"BUY","price":3004.68,"quantity":1,"timestamp":1771317208542}
{"symbol":"LICI-EQ","action":"BUY","price":503.35,"quantity":1,"timestamp":1771317208573}
{"symbol":"BRITANNIA-EQ","action":"BUY","price":6438.56,"quantity":1,"timestamp":1771317209549}
{"symbol":"UNITDSPR-EQ","action":"BUY","price":711.14,"quantity":1,"timestamp":1771317209567}
{"symbol":"HYUNDAI-EQ","action":"BUY","price":14249.88,"quantity":1,"timestamp":1771317209576}
{"symbol":"ADANIGREEN-EQ","action":"BUY","price":946.27,"quantity":1,"timestamp":1771317209583}
{"symbol":"HAVELLS-EQ","action":"BUY","price":957.46,"quantity":1,"timestamp":1771317210565}
{"symbol":"AMBUJACEM-EQ","action":"BUY","price":218.45,"quantity":1,"timestamp":1771317210572}
{"symbol":"HAL-EQ","action":"SELL","price":10611.43,"quantity":1,"pnl":-716.6000000000004,"timestamp":1771317212569}
{"symbol":"CHOLAFIN-EQ","action":"SELL","price":638.53,"quantity":1,"pnl":29.401187499999992,"timestamp":1771317212577}
{"symbol":"ICICIGI-EQ","action":"BUY","price":50.74,"quantity":1,"timestamp":1771317214595}
{"symbol":"JINDALSTEL-EQ","action":"BUY","price":746.45,"quantity":1,"timestamp":1771317214602}
{"symbol":"BAJAJHFL-EQ","action":"BUY","price":244.82,"quantity":1,"timestamp":1771317214618}
{"symbol":"GODREJCP-EQ","action":"SELL","price":2467.3,"quantity":1,"pnl":129.01000000000022,"timestamp":1771317215602}
{"symbol":"HAL-EQ","action":"SELL","price":11338.17,"quantity":1,"pnl":10.139999999997599,"timestamp":1771317216590}
{"symbol":"TATAPOWER-EQ","action":"SELL","price":165.42,"quantity":1,"pnl":15.063333333333304,"timestamp":1771317216599}
{"symbol":"SIEMENS-EQ","action":"SELL","price":1149.5,"quantity":1,"pnl":-34.32655238467578,"timestamp":1771317216616}
{"symbol":"ABB-EQ","action":"SELL","price":3374.67,"quantity":1,"pnl":-118.77771484050345,"timestamp":1771317216623}
{"symbol":"IRFC-EQ","action":"SELL","price":44.68,"quantity":1,"pnl":-13.605053891686538,"timestamp":1771317218634}
{"symbol":"MAZDOCK-EQ","action":"SELL","price":554.71,"quantity":1,"pnl":-76.16455555555547,"timestamp":1771317218639}
{"symbol":"UNITDSPR-EQ","action":"SELL","price":751.57,"quantity":1,"pnl":66.94185562818893,"timestamp":1771317219634}
{"symbol":"DMART-EQ","action":"BUY","price":6656.14,"quantity":1,"timestamp":1771317220624}
{"symbol":"DIVISLAB-EQ","action":"BUY","price":7359.67,"quantity":1,"timestamp":1771317221628}
{"symbol":"PIDILITIND-EQ","action":"BUY","price":927.11,"quantity":1,"timestamp":1771317221643}
{"symbol":"HYUNDAI-EQ","action":"BUY","price":13341.35,"quantity":1,"timestamp":1771317221651}
{"symbol":"PFC-EQ","action":"BUY","price":288.32,"quantity":1,"timestamp":1771317222645}
{"symbol":"ZYDUSLIFE-EQ","action":"BUY","price":2128.1,"quantity":1,"timestamp":1771317222660}
{"symbol":"GAIL-EQ","action":"BUY","price":341.53,"quantity":1,"timestamp":1771317223664}
{"symbol":"ADANIGREEN-EQ","action":"BUY","price":886.47,"quantity":1,"timestamp":1771317223672}
{"symbol":"LICI-EQ","action":"BUY","price":475.33,"quantity":1,"timestamp":1771317223679}
{"symbol":"INDHOTEL-EQ","action":"BUY","price":535.3,"quantity":1,"timestamp":1771317224654}
{"symbol":"TVSMOTOR-EQ","action":"BUY","price":2823.94,"quantity":1,"timestamp":1771317225664}
{"symbol":"CHOLAFIN-EQ","action":"BUY","price":602.77,"quantity":1,"timestamp":1771317225672}
{"symbol":"IOC-EQ","action":"BUY","price":410.16,"quantity":1,"timestamp":1771317225679}
{"symbol":"ADANIPOWER-EQ","action":"BUY","price":95.61,"quantity":1,"timestamp":1771317225685}
{"symbol":"NAUKRI-EQ","action":"BUY","price":477.1,"quantity":1,"timestamp":1771317225691}
{"symbol":"ABB-EQ","action":"BUY","price":3153.8,"quantity":1,"timestamp":1771317225706}
{"symbol":"LTIM-EQ","action":"BUY","price":8678.18,"quantity":1,"timestamp":1771317226673}
{"symbol":"CANBK-EQ","action":"BUY","price":538.29,"quantity":1,"timestamp":1771317228693}
{"symbol":"SHREECEM-EQ","action":"BUY","price":24670.08,"quantity":1,"timestamp":1771317228711}
{"symbol":"BOSCHLTD-EQ","action":"BUY","price":13371.27,"quantity":1,"timestamp":1771317228717}
{"symbol":"MAZDOCK-EQ","action":"BUY","price":557.35,"quantity":1,"timestamp":1771317228727}
{"symbol":"DMART-EQ","action":"BUY","price":6294.12,"quantity":1,"timestamp":1771317230713}
{"symbol":"BAJAJHLDNG-EQ","action":"BUY","price":22969.71,"quantity":1,"timestamp":1771317230724}
{"symbol":"JINDALSTEL-EQ","action":"BUY","price":734.24,"quantity":1,"timestamp":1771317230733}
{"symbol":"ZYDUSLIFE-EQ","action":"BUY","price":1984.42,"quantity":1,"timestamp":1771317230753}
{"symbol":"SOLARINDS-EQ","action":"BUY","price":10273.95,"quantity":1,"timestamp":1771317231742}
{"symbol":"VBL-EQ","action":"BUY","price":364.3,"quantity":1,"timestamp":1771317232732}
{"symbol":"PIDILITIND-EQ","action":"BUY","price":877.28,"quantity":1,"timestamp":1771317232748}
{"symbol":"AMBUJACEM-EQ","action":"BUY","price":206.26,"quantity":1,"timestamp":1771317232756}
{"symbol":"NAUKRI-EQ","action":"SELL","price":503.23,"quantity":1,"pnl":28.010028122567178,"timestamp":1771317233743}
{"symbol":"TORNTPHARM-EQ","action":"SELL","price":8990.82,"quantity":1,"pnl":1898.060304664723,"timestamp":1771317235761}
{"symbol":"ENRIN-EQ","action":"SELL","price":1739.08,"quantity":1,"pnl":235.6080428004541,"timestamp":1771317235773}
{"symbol":"LICI-EQ","action":"SELL","price":536.8,"quantity":1,"pnl":16.16056793002906,"timestamp":1771317235777}
{"symbol":"BANKBARODA-EQ","action":"SELL","price":245.1,"quantity":1,"pnl":27.014153333333326,"timestamp":1771317236754}
{"symbol":"JSWENERGY-EQ","action":"SELL","price":950.74,"quantity":1,"pnl":232.655963718821,"timestamp":1771317236768}
{"symbol":"LODHA-EQ","action":"BUY","price":424.94,"quantity":1,"timestamp":1771317239802}
{"symbol":"HAL-EQ","action":"BUY","price":11221.56,"quantity":1,"timestamp":1771317240788}
{"symbol":"PIDILITIND-EQ","action":"BUY","price":827.41,"quantity":1,"timestamp":1771317240816}
{"symbol":"UNITDSPR-EQ","action":"BUY","price":750.45,"quantity":1,"timestamp":1771317240829}
{"symbol":"LTIM-EQ","action":"SELL","price":9117.42,"quantity":1,"pnl":1482.0226666666667,"timestamp":1771317241801}
{"symbol":"JSWENERGY-EQ","action":"SELL","price":1011.6,"quantity":1,"pnl":293.5159637188209,"timestamp":1771317242826}
{"symbol":"VBL-EQ","action":"SELL","price":387.74,"quantity":1,"pnl":2.4204166666667106,"timestamp":1771317243820}
{"symbol":"ADANIENSOL-EQ","action":"SELL","price":411.49,"quantity":1,"pnl":-56.72524442049013,"timestamp":1771317244845}
{"symbol":"TATAPOWER-EQ","action":"SELL","price":174.82,"quantity":1,"pnl":24.46333333333331,"timestamp":1771317245842}
{"symbol":"INDHOTEL-EQ","action":"SELL","price":594.7,"quantity":1,"pnl":62.02688502864669,"timestamp":1771317246855}
{"symbol":"ICICIGI-EQ","action":"SELL","price":56.96,"quantity":1,"pnl":-108.00359214028742,"timestamp":1771317246868}
{"symbol":"DLF-EQ","action":"SELL","price":480.74,"quantity":1,"pnl":-164.64125,"timestamp":1771317246872}
{"symbol":"SHREECEM-EQ","action":"SELL","price":26014.41,"quantity":1,"pnl":578.0647462493835,"timestamp":1771317246878}
{"symbol":"IRFC-EQ","action":"SELL","price":46.82,"quantity":1,"pnl":-11.465053891686537,"timestamp":1771317247911}
{"symbol":"JINDALSTEL-EQ","action":"SELL","price":816.06,"quantity":1,"pnl":208.9433428852832,"timestamp":1771317248886}
{"symbol":"PIDILITIND-EQ","action":"SELL","price":874.9,"quantity":1,"pnl":-311.74531695786334,"timestamp":1771317249889}
{"symbol":"CGPOWER-EQ","action":"SELL","price":853.88,"quantity":1,"pnl":25.58624999999995,"timestamp":1771317249900}
{"symbol":"SHREECEM-EQ","action":"SELL","price":27514.24,"quantity":1,"pnl":2077.894746249385,"timestamp":1771317249905}
{"symbol":"ENRIN-EQ","action":"SELL","price":1767.63,"quantity":1,"pnl":264.15804280045404,"timestamp":1771317249918}
{"symbol":"INDHOTEL-EQ","action":"SELL","price":632.09,"quantity":1,"pnl":99.41688502864656,"timestamp":1771317250951}
{"symbol":"NAUKRI-EQ","action":"SELL","price":532.81,"quantity":1,"pnl":57.59002812256705,"timestamp":1771317251001}
{"symbol":"DLF-EQ","action":"SELL","price":508.82,"quantity":1,"pnl":-136.56125000000003,"timestamp":1771317251040}
{"symbol":"CHOLAFIN-EQ","action":"SELL","price":596.7,"quantity":1,"pnl":-10.839109374999907,"timestamp":1771317251876}
{"symbol":"MOTHERSON-EQ","action":"SELL","price":40.22,"quantity":1,"pnl":-0.9596667084970179,"timestamp":1771317251927}
{"symbol":"HAVELLS-EQ","action":"SELL","price":1069.13,"quantity":1,"pnl":139.69148148148145,"timestamp":1771317251997}
{"symbol":"SIEMENS-EQ","action":"BUY","price":1093.28,"quantity":1,"timestamp":1771317252938}
{"symbol":"BAJAJHFL-EQ","action":"BUY","price":253.1,"quantity":1,"timestamp":1771317252965}
{"symbol":"AMBUJACEM-EQ","action":"BUY","price":195.54,"quantity":1,"timestamp":1771317253915}
{"symbol":"ADANIENSOL-EQ","action":"BUY","price":386.83,"quantity":1,"timestamp":1771317253926}
{"symbol":"JSWENERGY-EQ","action":"BUY","price":958,"quantity":1,"timestamp":1771317253934}
{"symbol":"HAL-EQ","action":"BUY","price":9996.61,"quantity":1,"timestamp":1771317254904}
{"symbol":"TORNTPHARM-EQ","action":"BUY","price":8373.96,"quantity":1,"timestamp":1771317254946}
{"symbol":"VEDL-EQ","action":"BUY","price":373.16,"quantity":1,"timestamp":1771317255917}
{"symbol":"LTIM-EQ","action":"BUY","price":8653.78,"quantity":1,"timestamp":1771317255937}
{"symbol":"LICI-EQ","action":"BUY","price":508.42,"quantity":1,"timestamp":1771317255970}
{"symbol":"NAUKRI-EQ","action":"BUY","price":498.07,"quantity":1,"timestamp":1771317256939}
{"symbol":"VBL-EQ","action":"BUY","price":365.47,"quantity":1,"timestamp":1771317257942}
{"symbol":"GODREJCP-EQ","action":"BUY","price":2327.86,"quantity":1,"timestamp":1771317257957}
{"symbol":"ICICIGI-EQ","action":"BUY","price":53.51,"quantity":1,"timestamp":1771317257964}
{"symbol":"BAJAJHFL-EQ","action":"BUY","price":239.4,"quantity":1,"timestamp":1771317258978}
{"symbol":"PFC-EQ","action":"BUY","price":256.51,"quantity":1,"timestamp":1771317259965}
{"symbol":"ADANIENSOL-EQ","action":"BUY","price":367.09,"quantity":1,"timestamp":1771317259981}
{"symbol":"HAL-EQ","action":"BUY","price":9476.6,"quantity":1,"timestamp":1771317260975}
{"symbol":"CANBK-EQ","action":"BUY","price":473.44,"quantity":1,"timestamp":1771317260990}
{"symbol":"IRFC-EQ","action":"BUY","price":43.58,"quantity":1,"timestamp":1771317261010}
{"symbol":"TATAPOWER-EQ","action":"BUY","price":162.48,"quantity":1,"timestamp":1771317261991}
{"symbol":"DLF-EQ","action":"BUY","price":476.5,"quantity":1,"timestamp":1771317262012}
{"symbol":"DMART-EQ","action":"BUY","price":5942.62,"quantity":1,"timestamp":1771317263008}
{"symbol":"IOC-EQ","action":"BUY","price":382.75,"quantity":1,"timestamp":1771317264039}
{"symbol":"SIEMENS-EQ","action":"BUY","price":1018.59,"quantity":1,"timestamp":1771317264099}
{"symbol":"BPCL-EQ","action":"BUY","price":340.78,"quantity":1,"timestamp":1771317265032}
{"symbol":"BAJAJHFL-EQ","action":"BUY","price":225.91,"quantity":1,"timestamp":1771317265179}
{"symbol":"BRITANNIA-EQ","action":"BUY","price":5652.69,"quantity":1,"timestamp":1771317266071}
{"symbol":"MOTHERSON-EQ","action":"BUY","price":37.51,"quantity":1,"timestamp":1771317267066}
{"symbol":"PIDILITIND-EQ","action":"BUY","price":874.45,"quantity":1,"timestamp":1771317270133}
{"symbol":"LODHA-EQ","action":"BUY","price":427.72,"quantity":1,"timestamp":1771317270182}
{"symbol":"TORNTPHARM-EQ","action":"BUY","price":8488.54,"quantity":1,"timestamp":1771317271149}
{"symbol":"ZYDUSLIFE-EQ","action":"BUY","price":1765.56,"quantity":1,"timestamp":1771317271216}
{"symbol":"ENRIN-EQ","action":"BUY","price":1672.07,"quantity":1,"timestamp":1771317271238}
{"symbol":"BAJAJHFL-EQ","action":"BUY","price":213.25,"quantity":1,"timestamp":1771317271249}
{"symbol":"VEDL-EQ","action":"SELL","price":391.92,"quantity":1,"pnl":55.65411111111115,"timestamp":1771317272108}
{"symbol":"INDHOTEL-EQ","action":"SELL","price":710.11,"quantity":1,"pnl":177.43688502864654,"timestamp":1771317272142}
{"symbol":"PFC-EQ","action":"SELL","price":270.7,"quantity":1,"pnl":-36.746045918367315,"timestamp":1771317272163}
{"symbol":"ADANIPOWER-EQ","action":"SELL","price":113.36,"quantity":1,"pnl":17.75,"timestamp":1771317273124}
{"symbol":"CANBK-EQ","action":"SELL","price":499.6,"quantity":1,"pnl":-51.0625,"timestamp":1771317273133}
{"symbol":"PNB-EQ","action":"SELL","price":95.01,"quantity":1,"pnl":-16.339132595799256,"timestamp":1771317273143}
{"symbol":"JSWENERGY-EQ","action":"SELL","price":1087.9,"quantity":1,"pnl":329.82996976568404,"timestamp":1771317273166}
{"symbol":"SIEMENS-EQ","action":"SELL","price":1070.12,"quantity":1,"pnl":-88.12824190774086,"timestamp":1771317273182}
{"symbol":"ABB-EQ","action":"SELL","price":3744.82,"quantity":1,"pnl":289.11092014177484,"timestamp":1771317274150}
{"symbol":"PNB-EQ","action":"SELL","price":99.96,"quantity":1,"pnl":-11.389132595799268,"timestamp":1771317276163}
{"symbol":"SHREECEM-EQ","action":"SELL","price":28948.26,"quantity":1,"pnl":3511.914746249382,"timestamp":1771317276171}
{"symbol":"VEDL-EQ","action":"BUY","price":369.04,"quantity":1,"timestamp":1771317277162}
{"symbol":"IRFC-EQ","action":"BUY","price":40.44,"quantity":1,"timestamp":1771317278217}
{"symbol":"INDHOTEL-EQ","action":"SELL","price":751.8,"quantity":1,"pnl":219.12688502864648,"timestamp":1771317279181}
{"symbol":"BOSCHLTD-EQ","action":"SELL","price":13346.97,"quantity":1,"pnl":-1478.7671248640654,"timestamp":1771317279207}
{"symbol":"AMBUJACEM-EQ","action":"SELL","price":217.55,"quantity":1,"pnl":5.868434291277424,"timestamp":1771317281221}
{"symbol":"BOSCHLTD-EQ","action":"BUY","price":12430.88,"quantity":1,"timestamp":1771317284226}
{"symbol":"TVSMOTOR-EQ","action":"BUY","price":2390.38,"quantity":1,"timestamp":1771317285227}
{"symbol":"GODREJCP-EQ","action":"BUY","price":2201.73,"quantity":1,"timestamp":1771317286246}
{"symbol":"LTIM-EQ","action":"BUY","price":8092.43,"quantity":1,"timestamp":1771317287254}
{"symbol":"IRFC-EQ","action":"BUY","price":38.37,"quantity":1,"timestamp":1771317287274}
{"symbol":"TVSMOTOR-EQ","action":"BUY","price":2250.53,"quantity":1,"timestamp":1771317288260}
{"symbol":"BPCL-EQ","action":"BUY","price":323.07,"quantity":1,"timestamp":1771317288274}
{"symbol":"HAVELLS-EQ","action":"SELL","price":1126.19,"quantity":1,"pnl":196.7514814814815,"timestamp":1771317289293}
{"symbol":"BAJAJHFL-EQ","action":"SELL","price":236.31,"quantity":1,"pnl":-30.157915377777783,"timestamp":1771317289302}
{"symbol":"VBL-EQ","action":"SELL","price":389.86,"quantity":1,"pnl":6.525375000000054,"timestamp":1771317291294}
{"symbol":"PNB-EQ","action":"SELL","price":105.85,"quantity":1,"pnl":-5.499132595799253,"timestamp":1771317291312}
{"symbol":"CGPOWER-EQ","action":"SELL","price":902.21,"quantity":1,"pnl":73.91624999999988,"timestamp":1771317291318}
{"symbol":"VEDL-EQ","action":"SELL","price":390.58,"quantity":1,"pnl":48.85175925925921,"timestamp":1771317292303}
{"symbol":"IOC-EQ","action":"SELL","price":403.13,"quantity":1,"pnl":2.3420694204081087,"timestamp":1771317292315}
{"symbol":"SHREECEM-EQ","action":"SELL","price":28635.22,"quantity":1,"pnl":3198.8747462493884,"timestamp":1771317292329}
{"symbol":"ENRIN-EQ","action":"SELL","price":1888.94,"quantity":1,"pnl":301.16902140022694,"timestamp":1771317292343}
{"symbol":"VBL-EQ","action":"SELL","price":410.52,"quantity":1,"pnl":27.185375000000022,"timestamp":1771317294321}
{"symbol":"MOTHERSON-EQ","action":"SELL","price":39.4,"quantity":1,"pnl":-1.412700037647319,"timestamp":1771317294337}
{"symbol":"CGPOWER-EQ","action":"SELL","price":953.05,"quantity":1,"pnl":124.75624999999991,"timestamp":1771317295343}
{"symbol":"HAVELLS-EQ","action":"SELL","price":1188.6,"quantity":1,"pnl":259.16148148148136,"timestamp":1771317295353}
{"symbol":"HINDZINC-EQ","action":"SELL","price":236.56,"quantity":1,"pnl":-0.5047089947089773,"timestamp":1771317295365}
{"symbol":"SOLARINDS-EQ","action":"SELL","price":10247.54,"quantity":1,"pnl":-345.2652626909621,"timestamp":1771317296356}
{"symbol":"AMBUJACEM-EQ","action":"SELL","price":217.47,"quantity":1,"pnl":5.788434291277412,"timestamp":1771317297366}
{"symbol":"HYUNDAI-EQ","action":"SELL","price":14290.62,"quantity":1,"pnl":495.005000000001,"timestamp":1771317297371}
{"symbol":"BAJAJHFL-EQ","action":"SELL","price":249.37,"quantity":1,"pnl":-17.097915377777724,"timestamp":1771317298390}
{"symbol":"RECLTD-EQ","action":"BUY","price":520.34,"quantity":1,"timestamp":1771317299382}
{"symbol":"ADANIGREEN-EQ","action":"BUY","price":825.61,"quantity":1,"timestamp":1771317301414}
{"symbol":"IRFC-EQ","action":"BUY","price":36.12,"quantity":1,"timestamp":1771317302431}
{"symbol":"JINDALSTEL-EQ","action":"BUY","price":856.56,"quantity":1,"timestamp":1771317303420}
{"symbol":"HYUNDAI-EQ","action":"BUY","price":13558.55,"quantity":1,"timestamp":1771317303429}
{"symbol":"ADANIENSOL-EQ","action":"BUY","price":346.09,"quantity":1,"timestamp":1771317303433}
{"symbol":"HINDZINC-EQ","action":"BUY","price":223.24,"quantity":1,"timestamp":1771317303439}
{"symbol":"DMART-EQ","action":"BUY","price":6256.3,"quantity":1,"timestamp":1771317304428}
{"symbol":"PFC-EQ","action":"BUY","price":256.55,"quantity":1,"timestamp":1771317304439}
{"symbol":"RECLTD-EQ","action":"SELL","price":553.12,"quantity":1,"pnl":32.77999999999997,"timestamp":1771317305447}
{"symbol":"TATAPOWER-EQ","action":"SELL","price":182.02,"quantity":1,"pnl":25.60166666666666,"timestamp":1771317306442}
{"symbol":"GAIL-EQ","action":"SELL","price":355.75,"quantity":1,"pnl":30.016978975342795,"timestamp":1771317306460}
{"symbol":"MOTHERSON-EQ","action":"SELL","price":41.44,"quantity":1,"pnl":0.62729996235268,"timestamp":1771317307458}
{"symbol":"INDHOTEL-EQ","action":"SELL","price":799.23,"quantity":1,"pnl":266.55688502864655,"timestamp":1771317308467}
{"symbol":"BANKBARODA-EQ","action":"SELL","price":350.01,"quantity":1,"pnl":131.9241533333333,"timestamp":1771317308473}
{"symbol":"ADANIENSOL-EQ","action":"SELL","price":363.68,"quantity":1,"pnl":-70.68682961366005,"timestamp":1771317308487}
{"symbol":"LODHA-EQ","action":"SELL","price":452.53,"quantity":1,"pnl":66.73559004596382,"timestamp":1771317309488}
{"symbol":"PNB-EQ","action":"SELL","price":106.44,"quantity":1,"pnl":-4.9091325957992495,"timestamp":1771317311512}
{"symbol":"AMBUJACEM-EQ","action":"SELL","price":245.48,"quantity":1,"pnl":33.7984342912774,"timestamp":1771317311523}
{"symbol":"SIEMENS-EQ","action":"SELL","price":1184.26,"quantity":1,"pnl":26.011758092259242,"timestamp":1771317311531}
{"symbol":"TATAPOWER-EQ","action":"SELL","price":192.88,"quantity":1,"pnl":36.461666666666645,"timestamp":1771317312500}
{"symbol":"LTIM-EQ","action":"SELL","price":7348.72,"quantity":1,"pnl":-655.5311666666666,"timestamp":1771317312508}
{"symbol":"PFC-EQ","action":"SELL","price":274.19,"quantity":1,"pnl":-26.8940401785714,"timestamp":1771317314528}
{"symbol":"BRITANNIA-EQ","action":"SELL","price":6025.26,"quantity":1,"pnl":-38.254786394557414,"timestamp":1771317315537}
{"symbol":"BPCL-EQ","action":"SELL","price":340.15,"quantity":1,"pnl":-45.14654814814821,"timestamp":1771317315544}
{"symbol":"INDHOTEL-EQ","action":"SELL","price":851.55,"quantity":1,"pnl":318.8768850286465,"timestamp":1771317316544}
{"symbol":"PNB-EQ","action":"SELL","price":112.73,"quantity":1,"pnl":1.380867404200771,"timestamp":1771317316560}
{"symbol":"IRFC-EQ","action":"SELL","price":38.07,"quantity":1,"pnl":-14.474268078859922,"timestamp":1771317316572}
{"symbol":"HAL-EQ","action":"SELL","price":9432.3,"quantity":1,"pnl":-1073.4000000000015,"timestamp":1771317317552}
{"symbol":"GODREJCP-EQ","action":"SELL","price":2319.5,"quantity":1,"pnl":10.608000000000175,"timestamp":1771317317568}
{"symbol":"BPCL-EQ","action":"SELL","price":361.62,"quantity":1,"pnl":-23.67654814814813,"timestamp":1771317318559}
{"symbol":"LTIM-EQ","action":"SELL","price":7734.72,"quantity":1,"pnl":-269.53116666666574,"timestamp":1771317318570}
{"symbol":"ICICIGI-EQ","action":"SELL","price":52.92,"quantity":1,"pnl":-107.39969246777547,"timestamp":1771317318582}
{"symbol":"AMBUJACEM-EQ","action":"SELL","price":263.15,"quantity":1,"pnl":51.46843429127739,"timestamp":1771317318593}
{"symbol":"TORNTPHARM-EQ","action":"SELL","price":8073,"quantity":1,"pnl":645.6177284985424,"timestamp":1771317320592}
{"symbol":"CHOLAFIN-EQ","action":"SELL","price":643.27,"quantity":1,"pnl":35.73089062500003,"timestamp":1771317322595}
{"symbol":"ADANIENSOL-EQ","action":"SELL","price":382.36,"quantity":1,"pnl":-52.006829613660045,"timestamp":1771317322614}
{"symbol":"TVSMOTOR-EQ","action":"SELL","price":2098.51,"quantity":1,"pnl":-663.1996831693295,"timestamp":1771317324617}
{"symbol":"BPCL-EQ","action":"SELL","price":386.05,"quantity":1,"pnl":0.753451851851878,"timestamp":1771317324627}
{"symbol":"CANBK-EQ","action":"SELL","price":521.6,"quantity":1,"pnl":-29.0625,"timestamp":1771317325623}
{"symbol":"MAZDOCK-EQ","action":"SELL","price":633.28,"quantity":1,"pnl":14.659537037037126,"timestamp":1771317325643}
{"symbol":"LICI-EQ","action":"SELL","price":511.62,"quantity":1,"pnl":-7.661717395529649,"timestamp":1771317327640}
{"symbol":"SHREECEM-EQ","action":"SELL","price":26882.99,"quantity":1,"pnl":1446.6447462493852,"timestamp":1771317328651}
{"symbol":"VEDL-EQ","action":"SELL","price":334.03,"quantity":1,"pnl":-7.698240740740744,"timestamp":1771317329638}
{"symbol":"TORNTPHARM-EQ","action":"SELL","price":8523.85,"quantity":1,"pnl":1096.4677284985419,"timestamp":1771317330663}
{"symbol":"ZYDUSLIFE-EQ","action":"SELL","price":1559.59,"quantity":1,"pnl":-405.7175,"timestamp":1771317332693}
{"symbol":"CANBK-EQ","action":"BUY","price":492.93,"quantity":1,"timestamp":1771317333684}
{"symbol":"PNB-EQ","action":"BUY","price":105.17,"quantity":1,"timestamp":1771317333696}
{"symbol":"ADANIENSOL-EQ","action":"BUY","price":361.43,"quantity":1,"timestamp":1771317333703}
{"symbol":"TATAPOWER-EQ","action":"BUY","price":172.51,"quantity":1,"timestamp":1771317334685}
{"symbol":"SHREECEM-EQ","action":"BUY","price":25451.52,"quantity":1,"timestamp":1771317334702}
{"symbol":"CANBK-EQ","action":"SELL","price":524.24,"quantity":1,"pnl":-7.1783333333333985,"timestamp":1771317337721}
{"symbol":"BAJAJHFL-EQ","action":"SELL","price":277.6,"quantity":1,"pnl":11.132084622222294,"timestamp":1771317337736}
{"symbol":"IOC-EQ","action":"SELL","price":404.22,"quantity":1,"pnl":3.4320694204081406,"timestamp":1771317338718}
{"symbol":"ZYDUSLIFE-EQ","action":"SELL","price":1637.81,"quantity":1,"pnl":-327.49749999999995,"timestamp":1771317338739}
{"symbol":"MOTHERSON-EQ","action":"SELL","price":38.44,"quantity":1,"pnl":-2.37270003764732,"timestamp":1771317339720}
{"symbol":"ABB-EQ","action":"SELL","price":3921.9,"quantity":1,"pnl":466.19092014177477,"timestamp":1771317339742}
{"symbol":"DMART-EQ","action":"SELL","price":6620.6,"quantity":1,"pnl":533.0167588993263,"timestamp":1771317340727}
{"symbol":"SHREECEM-EQ","action":"SELL","price":26789.45,"quantity":1,"pnl":1350.0697969995053,"timestamp":1771317340743}
{"symbol":"IOC-EQ","action":"SELL","price":428.84,"quantity":1,"pnl":28.05206942040809,"timestamp":1771317341728}
{"symbol":"MOTHERSON-EQ","action":"BUY","price":36.18,"quantity":1,"timestamp":1771317343755}
{"symbol":"ABB-EQ","action":"BUY","price":3721.9,"quantity":1,"timestamp":1771317343773}
{"symbol":"MAZDOCK-EQ","action":"BUY","price":569.12,"quantity":1,"timestamp":1771317343779}
{"symbol":"BRITANNIA-EQ","action":"BUY","price":5316.42,"quantity":1,"timestamp":1771317344769}
{"symbol":"PIDILITIND-EQ","action":"BUY","price":735.31,"quantity":1,"timestamp":1771317344806}
{"symbol":"TVSMOTOR-EQ","action":"BUY","price":1974.23,"quantity":1,"timestamp":1771317345765}
{"symbol":"ZYDUSLIFE-EQ","action":"BUY","price":1530.1,"quantity":1,"timestamp":1771317345791}
{"symbol":"ADANIPOWER-EQ","action":"BUY","price":85.54,"quantity":1,"timestamp":1771317346782}
{"symbol":"JSWENERGY-EQ","action":"BUY","price":907.88,"quantity":1,"timestamp":1771317346800}
{"symbol":"GODREJCP-EQ","action":"BUY","price":2189.91,"quantity":1,"timestamp":1771317347798}
{"symbol":"BAJAJHLDNG-EQ","action":"BUY","price":18100.41,"quantity":1,"timestamp":1771317347803}
{"symbol":"VBL-EQ","action":"SELL","price":435.85,"quantity":1,"pnl":52.51537500000006,"timestamp":1771317348789}
{"symbol":"UNITDSPR-EQ","action":"SELL","price":669.05,"quantity":1,"pnl":-37.518762914540844,"timestamp":1771317348813}
{"symbol":"SOLARINDS-EQ","action":"SELL","price":9083.66,"quantity":1,"pnl":-1509.1452626909631,"timestamp":1771317351838}
{"symbol":"ADANIPOWER-EQ","action":"SELL","price":90.46,"quantity":1,"pnl":4.9199999999999875,"timestamp":1771317352822}
{"symbol":"ADANIGREEN-EQ","action":"SELL","price":867,"quantity":1,"pnl":-29.198150510204187,"timestamp":1771317353844}
{"symbol":"CGPOWER-EQ","action":"SELL","price":1013.76,"quantity":1,"pnl":185.46624999999995,"timestamp":1771317354855}
{"symbol":"HYUNDAI-EQ","action":"SELL","price":14477.08,"quantity":1,"pnl":799.9974999999995,"timestamp":1771317354866}
{"symbol":"IOC-EQ","action":"SELL","price":474.75,"quantity":1,"pnl":73.96206942040806,"timestamp":1771317355861}
{"symbol":"SHREECEM-EQ","action":"SELL","price":28268.49,"quantity":1,"pnl":2829.109796999506,"timestamp":1771317355882}
{"symbol":"ADANIENSOL-EQ","action":"SELL","price":381.57,"quantity":1,"pnl":-43.67972591195252,"timestamp":1771317355888}
{"symbol":"BAJAJHFL-EQ","action":"SELL","price":295.41,"quantity":1,"pnl":28.942084622222296,"timestamp":1771317355901}
{"symbol":"BPCL-EQ","action":"BUY","price":365.14,"quantity":1,"timestamp":1771317356868}
{"symbol":"NAUKRI-EQ","action":"BUY","price":416.07,"quantity":1,"timestamp":1771317356885}
{"symbol":"PIDILITIND-EQ","action":"BUY","price":695.37,"quantity":1,"timestamp":1771317356892}
{"symbol":"ICICIGI-EQ","action":"BUY","price":49.56,"quantity":1,"timestamp":1771317356897}
{"symbol":"DLF-EQ","action":"BUY","price":476.71,"quantity":1,"timestamp":1771317356903}
{"symbol":"LODHA-EQ","action":"BUY","price":446.81,"quantity":1,"timestamp":1771317356914}
{"symbol":"LTIM-EQ","action":"BUY","price":6889.83,"quantity":1,"timestamp":1771317357875}
{"symbol":"CGPOWER-EQ","action":"BUY","price":956.77,"quantity":1,"timestamp":1771317357892}
{"symbol":"SOLARINDS-EQ","action":"BUY","price":8452.44,"quantity":1,"timestamp":1771317357900}
{"symbol":"BANKBARODA-EQ","action":"BUY","price":314.86,"quantity":1,"timestamp":1771317358889}
{"symbol":"PNB-EQ","action":"BUY","price":99.38,"quantity":1,"timestamp":1771317358911}
{"symbol":"LODHA-EQ","action":"BUY","price":419.7,"quantity":1,"timestamp":1771317359903}
{"symbol":"HAL-EQ","action":"SELL","price":8842.59,"quantity":1,"pnl":-1663.1100000000006,"timestamp":1771317360884}
{"symbol":"PFC-EQ","action":"SELL","price":270.83,"quantity":1,"pnl":-30.254040178571415,"timestamp":1771317360898}
{"symbol":"IRFC-EQ","action":"SELL","price":42.97,"quantity":1,"pnl":-9.574268078859923,"timestamp":1771317360913}
{"symbol":"PIDILITIND-EQ","action":"SELL","price":741.49,"quantity":1,"pnl":-355.5263204668927,"timestamp":1771317361942}
{"symbol":"GODREJCP-EQ","action":"SELL","price":2307.67,"quantity":1,"pnl":22.574400000000423,"timestamp":1771317362912}
{"symbol":"NAUKRI-EQ","action":"SELL","price":438.44,"quantity":1,"pnl":-27.70498593871639,"timestamp":1771317363956}
{"symbol":"GAIL-EQ","action":"SELL","price":329.59,"quantity":1,"pnl":3.85697897534277,"timestamp":1771317363984}
{"symbol":"DLF-EQ","action":"SELL","price":504.75,"quantity":1,"pnl":-98.43718750000005,"timestamp":1771317364005}
{"symbol":"LICI-EQ","action":"SELL","price":542.3,"quantity":1,"pnl":23.0182826044703,"timestamp":1771317364034}
{"symbol":"DIVISLAB-EQ","action":"SELL","price":8163.74,"quantity":1,"pnl":311.23619999999937,"timestamp":1771317365925}
{"symbol":"BAJAJHFL-EQ","action":"SELL","price":311.98,"quantity":1,"pnl":45.51208462222229,"timestamp":1771317365983}
{"symbol":"CGPOWER-EQ","action":"SELL","price":1005.36,"quantity":1,"pnl":48.59000000000003,"timestamp":1771317366946}
{"symbol":"JINDALSTEL-EQ","action":"SELL","price":711.36,"quantity":1,"pnl":79.2990085967549,"timestamp":1771317366955}
{"symbol":"ADANIENSOL-EQ","action":"SELL","price":380.97,"quantity":1,"pnl":-44.279725911952426,"timestamp":1771317366965}
{"symbol":"SIEMENS-EQ","action":"SELL","price":1140.99,"quantity":1,"pnl":-17.25824190774074,"timestamp":1771317367964}
{"symbol":"DMART-EQ","action":"SELL","price":6972.76,"quantity":1,"pnl":885.1767588993253,"timestamp":1771317368947}
{"symbol":"MOTHERSON-EQ","action":"SELL","price":36.12,"quantity":1,"pnl":-4.113612532941403,"timestamp":1771317368972}
{"symbol":"VBL-EQ","action":"SELL","price":433.11,"quantity":1,"pnl":49.775375000000054,"timestamp":1771317370019}
{"symbol":"BOSCHLTD-EQ","action":"SELL","price":11476.8,"quantity":1,"pnl":-3177.8759016594886,"timestamp":1771317371979}
{"symbol":"HYUNDAI-EQ","action":"SELL","price":16289.97,"quantity":1,"pnl":2612.887499999999,"timestamp":1771317372998}
{"symbol":"SOLARINDS-EQ","action":"SELL","price":8503.09,"quantity":1,"pnl":-1661.6422101527714,"timestamp":1771317375002}
{"symbol":"CANBK-EQ","action":"SELL","price":493.33,"quantity":1,"pnl":-38.08833333333354,"timestamp":1771317376015}
{"symbol":"NAUKRI-EQ","action":"SELL","price":465.78,"quantity":1,"pnl":-0.3649859387164156,"timestamp":1771317376038}
{"symbol":"LODHA-EQ","action":"SELL","price":420.04,"quantity":1,"pnl":28.972191151967877,"timestamp":1771317376072}
{"symbol":"SHREECEM-EQ","action":"SELL","price":30096.28,"quantity":1,"pnl":4656.899796999507,"timestamp":1771317377014}
{"symbol":"VBL-EQ","action":"SELL","price":455.48,"quantity":1,"pnl":72.14537500000006,"timestamp":1771317378014}
{"symbol":"ADANIENSOL-EQ","action":"SELL","price":402.23,"quantity":1,"pnl":-23.01972591195249,"timestamp":1771317378047}
{"symbol":"DMART-EQ","action":"SELL","price":7408.67,"quantity":1,"pnl":1321.086758899326,"timestamp":1771317381058}
{"symbol":"LODHA-EQ","action":"SELL","price":445.54,"quantity":1,"pnl":54.47219115196782,"timestamp":1771317381099}
{"symbol":"LICI-EQ","action":"SELL","price":547.91,"quantity":1,"pnl":28.628282604470314,"timestamp":1771317381113}
{"symbol":"VBL-EQ","action":"SELL","price":479.38,"quantity":1,"pnl":96.04537500000004,"timestamp":1771317382055}
{"symbol":"JINDALSTEL-EQ","action":"SELL","price":714.05,"quantity":1,"pnl":81.98900859675473,"timestamp":1771317382080}
{"symbol":"SHREECEM-EQ","action":"SELL","price":31911.52,"quantity":1,"pnl":6472.139796999505,"timestamp":1771317384138}
{"symbol":"MAZDOCK-EQ","action":"SELL","price":595.37,"quantity":1,"pnl":-15.000385802469054,"timestamp":1771317384194}
{"symbol":"DMART-EQ","action":"SELL","price":7821.81,"quantity":1,"pnl":1734.2267588993263,"timestamp":1771317385082}
{"symbol":"TATAPOWER-EQ","action":"SELL","price":193.61,"quantity":1,"pnl":21.100000000000023,"timestamp":1771317386097}
{"symbol":"PFC-EQ","action":"SELL","price":285.83,"quantity":1,"pnl":-15.254040178571472,"timestamp":1771317386104}
{"symbol":"BAJAJHFL-EQ","action":"SELL","price":308.04,"quantity":1,"pnl":41.572084622222235,"timestamp":1771317386133}
{"symbol":"HAL-EQ","action":"BUY","price":8329.71,"quantity":1,"timestamp":1771317387105}
{"symbol":"DLF-EQ","action":"BUY","price":442.29,"quantity":1,"timestamp":1771317387125}
{"symbol":"IOC-EQ","action":"BUY","price":445.18,"quantity":1,"timestamp":1771317388123}
{"symbol":"JSWENERGY-EQ","action":"BUY","price":804.11,"quantity":1,"timestamp":1771317388145}
{"symbol":"AMBUJACEM-EQ","action":"BUY","price":217.52,"quantity":1,"timestamp":1771317389146}
{"symbol":"DIVISLAB-EQ","action":"BUY","price":7655.68,"quantity":1,"timestamp":1771317390142}
{"symbol":"TATAPOWER-EQ","action":"BUY","price":180.83,"quantity":1,"timestamp":1771317391151}
{"symbol":"HINDZINC-EQ","action":"BUY","price":197.71,"quantity":1,"timestamp":1771317391173}
{"symbol":"HAL-EQ","action":"BUY","price":7897.05,"quantity":1,"timestamp":1771317392163}
{"symbol":"INDHOTEL-EQ","action":"BUY","price":807.43,"quantity":1,"timestamp":1771317392177}
{"symbol":"GODREJCP-EQ","action":"BUY","price":2313.56,"quantity":1,"timestamp":1771317394182}
{"symbol":"SHREECEM-EQ","action":"BUY","price":29890.08,"quantity":1,"timestamp":1771317394194}
{"symbol":"ADANIENSOL-EQ","action":"BUY","price":378.21,"quantity":1,"timestamp":1771317395194}
{"symbol":"BAJAJHLDNG-EQ","action":"BUY","price":15900.28,"quantity":1,"timestamp":1771317396175}
{"symbol":"HINDZINC-EQ","action":"BUY","price":187.55,"quantity":1,"timestamp":1771317396205}
{"symbol":"ADANIPOWER-EQ","action":"BUY","price":95.38,"quantity":1,"timestamp":1771317397173}
{"symbol":"DLF-EQ","action":"BUY","price":418.35,"quantity":1,"timestamp":1771317399188}
{"symbol":"SHREECEM-EQ","action":"BUY","price":28266.29,"quantity":1,"timestamp":1771317399195}
{"symbol":"VEDL-EQ","action":"BUY","price":279.88,"quantity":1,"timestamp":1771317400164}
{"symbol":"CANBK-EQ","action":"BUY","price":465.97,"quantity":1,"timestamp":1771317400180}
{"symbol":"DIVISLAB-EQ","action":"BUY","price":7194.92,"quantity":1,"timestamp":1771317401167}
{"symbol":"SOLARINDS-EQ","action":"BUY","price":7986.81,"quantity":1,"timestamp":1771317401198}
{"symbol":"MOTHERSON-EQ","action":"SELL","price":33.98,"quantity":1,"pnl":-6.253612532941403,"timestamp":1771317403178}
{"symbol":"PIDILITIND-EQ","action":"SELL","price":781.52,"quantity":1,"pnl":-315.4963204668925,"timestamp":1771317403186}
{"symbol":"TORNTPHARM-EQ","action":"SELL","price":8347.91,"quantity":1,"pnl":920.5277284985423,"timestamp":1771317403193}
{"symbol":"TATAPOWER-EQ","action":"SELL","price":204.16,"quantity":1,"pnl":23.329999999999984,"timestamp":1771317404170}
{"symbol":"SHREECEM-EQ","action":"SELL","price":29980.93,"quantity":1,"pnl":2115.679932333169,"timestamp":1771317404188}
{"symbol":"HAL-EQ","action":"SELL","price":8404.77,"quantity":1,"pnl":-904.7700000000004,"timestamp":1771317405167}
{"symbol":"PNB-EQ","action":"SELL","price":106.25,"quantity":1,"pnl":-3.4492903056539035,"timestamp":1771317405183}
{"symbol":"ZYDUSLIFE-EQ","action":"SELL","price":1429.81,"quantity":1,"pnl":-390.4283333333335,"timestamp":1771317405200}
{"symbol":"VEDL-EQ","action":"BUY","price":265.78,"quantity":1,"timestamp":1771317407165}
{"symbol":"BAJAJHLDNG-EQ","action":"SELL","price":17576.61,"quantity":1,"pnl":-3635.801428571427,"timestamp":1771317408177}
{"symbol":"ADANIENSOL-EQ","action":"SELL","price":374.61,"quantity":1,"pnl":-42.79977159329377,"timestamp":1771317408196}
{"symbol":"ZYDUSLIFE-EQ","action":"SELL","price":1513.66,"quantity":1,"pnl":-306.57833333333315,"timestamp":1771317408203}
{"symbol":"UNITDSPR-EQ","action":"SELL","price":671.36,"quantity":1,"pnl":-35.20876291454067,"timestamp":1771317410182}
{"symbol":"GODREJCP-EQ","action":"BUY","price":2177.93,"quantity":1,"timestamp":1771317411174}
{"symbol":"ADANIENSOL-EQ","action":"BUY","price":355.63,"quantity":1,"timestamp":1771317411191}
{"symbol":"JSWENERGY-EQ","action":"BUY","price":763.64,"quantity":1,"timestamp":1771317411197}
{"symbol":"CANBK-EQ","action":"BUY","price":441.88,"quantity":1,"timestamp":1771317412178}
{"symbol":"TORNTPHARM-EQ","action":"BUY","price":7395.33,"quantity":1,"timestamp":1771317412192}
{"symbol":"ENRIN-EQ","action":"BUY","price":2003.13,"quantity":1,"timestamp":1771317412208}
{"symbol":"TVSMOTOR-EQ","action":"BUY","price":1754.54,"quantity":1,"timestamp":1771317413168}
{"symbol":"ICICIGI-EQ","action":"BUY","price":41.64,"quantity":1,"timestamp":1771317413191}
{"symbol":"HAVELLS-EQ","action":"BUY","price":1316.92,"quantity":1,"timestamp":1771317413199}
{"symbol":"VEDL-EQ","action":"BUY","price":250.45,"quantity":1,"timestamp":1771317414169}
{"symbol":"PFC-EQ","action":"BUY","price":268.04,"quantity":1,"timestamp":1771317414188}
{"symbol":"BOSCHLTD-EQ","action":"BUY","price":10047.84,"quantity":1,"timestamp":1771317414209}
{"symbol":"CGPOWER-EQ","action":"BUY","price":998.79,"quantity":1,"timestamp":1771317415192}
{"symbol":"CHOLAFIN-EQ","action":"BUY","price":532.37,"quantity":1,"timestamp":1771317416170}
{"symbol":"VBL-EQ","action":"SELL","price":534.47,"quantity":1,"pnl":151.13537500000007,"timestamp":1771317417171}
{"symbol":"IOC-EQ","action":"SELL","price":500.03,"quantity":1,"pnl":90.36365553632646,"timestamp":1771317419203}
{"symbol":"PFC-EQ","action":"SELL","price":282.04,"quantity":1,"pnl":-13.536700148809473,"timestamp":1771317419226}
{"symbol":"ADANIPOWER-EQ","action":"SELL","price":101.28,"quantity":1,"pnl":5.900000000000006,"timestamp":1771317420179}
{"symbol":"UNITDSPR-EQ","action":"SELL","price":707.94,"quantity":1,"pnl":1.37123708545937,"timestamp":1771317420198}
{"symbol":"JINDALSTEL-EQ","action":"SELL","price":713.19,"quantity":1,"pnl":81.12900859675483,"timestamp":1771317420210}
{"symbol":"SIEMENS-EQ","action":"SELL","price":1264.02,"quantity":1,"pnl":105.77175809225923,"timestamp":1771317420226}
{"symbol":"CGPOWER-EQ","action":"SELL","price":1054.84,"quantity":1,"pnl":56.049999999999955,"timestamp":1771317421187}
{"symbol":"JSWENERGY-EQ","action":"SELL","price":801.84,"quantity":1,"pnl":18.592481103552586,"timestamp":1771317421204}
{"symbol":"BPCL-EQ","action":"SELL","price":409.05,"quantity":1,"pnl":26.273020370370432,"timestamp":1771317422184}
{"symbol":"VBL-EQ","action":"SELL","price":571.34,"quantity":1,"pnl":188.00537500000007,"timestamp":1771317424177}
{"symbol":"TVSMOTOR-EQ","action":"SELL","price":1845.7,"quantity":1,"pnl":-691.6785123769971,"timestamp":1771317425172}
{"symbol":"BOSCHLTD-EQ","action":"SELL","price":10579.78,"quantity":1,"pnl":-3745.8361943980944,"timestamp":1771317425221}
{"symbol":"IRFC-EQ","action":"SELL","price":42.57,"quantity":1,"pnl":-9.974268078859929,"timestamp":1771317426251}
{"symbol":"BPCL-EQ","action":"SELL","price":431.76,"quantity":1,"pnl":48.98302037037041,"timestamp":1771317427173}
{"symbol":"MOTHERSON-EQ","action":"SELL","price":38.4,"quantity":1,"pnl":-1.8336125329414017,"timestamp":1771317427188}
{"symbol":"HINDZINC-EQ","action":"SELL","price":189.86,"quantity":1,"pnl":-26.665883597883578,"timestamp":1771317429195}
{"symbol":"TORNTPHARM-EQ","action":"SELL","price":7338.16,"quantity":1,"pnl":-83.88022625121448,"timestamp":1771317434242}
{"symbol":"DLF-EQ","action":"SELL","price":381.51,"quantity":1,"pnl":-183.26225694444452,"timestamp":1771317434267}
{"symbol":"BAJAJHFL-EQ","action":"SELL","price":326.97,"quantity":1,"pnl":60.50208462222224,"timestamp":1771317434348}
{"symbol":"BAJAJHLDNG-EQ","action":"SELL","price":17491.33,"quantity":1,"pnl":-3721.081428571426,"timestamp":1771317435198}
{"symbol":"AMBUJACEM-EQ","action":"SELL","price":253.7,"quantity":1,"pnl":41.629205338525594,"timestamp":1771317436211}
{"symbol":"HAVELLS-EQ","action":"SELL","price":1298.84,"quantity":1,"pnl":-18.080000000000155,"timestamp":1771317437204}
{"symbol":"SOLARINDS-EQ","action":"SELL","price":8929.44,"quantity":1,"pnl":-799.7077681222163,"timestamp":1771317438210}
{"symbol":"JSWENERGY-EQ","action":"SELL","price":845.53,"quantity":1,"pnl":62.28248110355253,"timestamp":1771317438221}
{"symbol":"BAJAJHLDNG-EQ","action":"SELL","price":18624.58,"quantity":1,"pnl":-2587.831428571426,"timestamp":1771317439192}
{"symbol":"ADANIENSOL-EQ","action":"SELL","price":375.7,"quantity":1,"pnl":-31.413142994411487,"timestamp":1771317439209}
{"symbol":"GODREJCP-EQ","action":"SELL","price":2051.61,"quantity":1,"pnl":-220.36873333333278,"timestamp":1771317440197}
{"symbol":"IRFC-EQ","action":"SELL","price":45.1,"quantity":1,"pnl":-7.444268078859928,"timestamp":1771317440213}
{"symbol":"CHOLAFIN-EQ","action":"SELL","price":542.32,"quantity":1,"pnl":-40.16273958333318,"timestamp":1771317441185}
{"symbol":"BANKBARODA-EQ","action":"SELL","price":334.37,"quantity":1,"pnl":100.15512777777778,"timestamp":1771317441206}
{"symbol":"TORNTPHARM-EQ","action":"SELL","price":7730.79,"quantity":1,"pnl":308.7497737487856,"timestamp":1771317441219}
{"symbol":"INDHOTEL-EQ","action":"SELL","price":793.61,"quantity":1,"pnl":-13.819999999999936,"timestamp":1771317442188}
{"symbol":"BOSCHLTD-EQ","action":"SELL","price":11188.13,"quantity":1,"pnl":-3137.486194398096,"timestamp":1771317442216}
{"symbol":"ADANIENSOL-EQ","action":"SELL","price":398.84,"quantity":1,"pnl":-8.273142994411558,"timestamp":1771317442224}
{"symbol":"VEDL-EQ","action":"SELL","price":278.72,"quantity":1,"pnl":-30.283280423280416,"timestamp":1771317443185}
{"symbol":"PIDILITIND-EQ","action":"SELL","price":769.19,"quantity":1,"pnl":-327.8263204668924,"timestamp":1771317443204}
{"symbol":"SIEMENS-EQ","action":"SELL","price":1328.28,"quantity":1,"pnl":170.03175809225922,"timestamp":1771317443225}
{"symbol":"JINDALSTEL-EQ","action":"SELL","price":660.47,"quantity":1,"pnl":28.40900859675469,"timestamp":1771317444201}
{"symbol":"MAZDOCK-EQ","action":"SELL","price":594.44,"quantity":1,"pnl":-15.93038580246889,"timestamp":1771317444212}
{"symbol":"SHREECEM-EQ","action":"SELL","price":29845.79,"quantity":1,"pnl":1980.5399323331658,"timestamp":1771317445230}
{"symbol":"DMART-EQ","action":"SELL","price":8529.79,"quantity":1,"pnl":2442.206758899327,"timestamp":1771317446195}
{"symbol":"BAJAJHLDNG-EQ","action":"SELL","price":19770.32,"quantity":1,"pnl":-1442.091428571428,"timestamp":1771317446209}
{"symbol":"ICICIGI-EQ","action":"SELL","price":49.04,"quantity":1,"pnl":-102.10211707035342,"timestamp":1771317446222}
{"symbol":"BOSCHLTD-EQ","action":"SELL","price":11759.79,"quantity":1,"pnl":-2565.826194398096,"timestamp":1771317446234}
{"symbol":"BANKBARODA-EQ","action":"SELL","price":354.27,"quantity":1,"pnl":120.05512777777776,"timestamp":1771317447195}
{"symbol":"GAIL-EQ","action":"SELL","price":326.62,"quantity":1,"pnl":0.8869789753428563,"timestamp":1771317447220}
{"symbol":"ADANIENSOL-EQ","action":"SELL","price":424.06,"quantity":1,"pnl":16.94685700558847,"timestamp":1771317447237}
{"symbol":"ENRIN-EQ","action":"SELL","price":2271.21,"quantity":1,"pnl":475.7595107001134,"timestamp":1771317448241}
{"symbol":"MAZDOCK-EQ","action":"SELL","price":625.5,"quantity":1,"pnl":15.129614197531055,"timestamp":1771317449228}
{"symbol":"CHOLAFIN-EQ","action":"SELL","price":575.35,"quantity":1,"pnl":-7.1327395833333185,"timestamp":1771317450193}
{"symbol":"IOC-EQ","action":"SELL","price":537.1,"quantity":1,"pnl":127.43365553632651,"timestamp":1771317450208}
{"symbol":"ICICIGI-EQ","action":"SELL","price":51.58,"quantity":1,"pnl":-99.56211707035341,"timestamp":1771317450218}
{"symbol":"NAUKRI-EQ","action":"SELL","price":463.29,"quantity":1,"pnl":-2.854985938716311,"timestamp":1771317451204}
{"symbol":"DLF-EQ","action":"SELL","price":401.75,"quantity":1,"pnl":-163.0222569444445,"timestamp":1771317451214}
{"symbol":"PFC-EQ","action":"SELL","price":262.79,"quantity":1,"pnl":-32.78670014880947,"timestamp":1771317453199}
{"symbol":"BAJAJHLDNG-EQ","action":"SELL","price":20930.1,"quantity":1,"pnl":-282.31142857142913,"timestamp":1771317453206}
{"symbol":"TORNTPHARM-EQ","action":"SELL","price":8149.95,"quantity":1,"pnl":727.9097737487855,"timestamp":1771317454214}
{"symbol":"JINDALSTEL-EQ","action":"SELL","price":702.19,"quantity":1,"pnl":70.12900859675472,"timestamp":1771317455212}
{"symbol":"SIEMENS-EQ","action":"SELL","price":1421.44,"quantity":1,"pnl":263.1917580922591,"timestamp":1771317455229}
{"symbol":"BRITANNIA-EQ","action":"SELL","price":6932.08,"quantity":1,"pnl":975.2930402332377,"timestamp":1771317457195}
{"symbol":"IOC-EQ","action":"SELL","price":573.95,"quantity":1,"pnl":164.28365553632653,"timestamp":1771317457201}
{"symbol":"GODREJCP-EQ","action":"SELL","price":2019.66,"quantity":1,"pnl":-252.31873333333283,"timestamp":1771317458199}
{"symbol":"ZYDUSLIFE-EQ","action":"SELL","price":1589.82,"quantity":1,"pnl":-230.4183333333333,"timestamp":1771317458217}
{"symbol":"JSWENERGY-EQ","action":"SELL","price":850.95,"quantity":1,"pnl":67.70248110355249,"timestamp":1771317461226}
{"symbol":"TVSMOTOR-EQ","action":"BUY","price":1621.29,"quantity":1,"timestamp":1771317464197}
{"symbol":"DIVISLAB-EQ","action":"BUY","price":5723.14,"quantity":1,"timestamp":1771317464204}
{"symbol":"GAIL-EQ","action":"BUY","price":306.25,"quantity":1,"timestamp":1771317464226}
{"symbol":"LTIM-EQ","action":"BUY","price":5976.28,"quantity":1,"timestamp":1771317466203}
{"symbol":"BPCL-EQ","action":"BUY","price":406.52,"quantity":1,"timestamp":1771317468201}
{"symbol":"VBL-EQ","action":"BUY","price":509.38,"quantity":1,"timestamp":1771317468210}
{"symbol":"CANBK-EQ","action":"BUY","price":331.85,"quantity":1,"timestamp":1771317468219}
{"symbol":"HAL-EQ","action":"BUY","price":7003.45,"quantity":1,"timestamp":1771317469199}
{"symbol":"MOTHERSON-EQ","action":"BUY","price":33.76,"quantity":1,"timestamp":1771317470213}
{"symbol":"CHOLAFIN-EQ","action":"BUY","price":511.76,"quantity":1,"timestamp":1771317471201}
{"symbol":"BRITANNIA-EQ","action":"BUY","price":6201.24,"quantity":1,"timestamp":1771317471208}
{"symbol":"ADANIENSOL-EQ","action":"BUY","price":402.83,"quantity":1,"timestamp":1771317471233}
{"symbol":"JSWENERGY-EQ","action":"BUY","price":828.3,"quantity":1,"timestamp":1771317471240}
{"symbol":"LICI-EQ","action":"BUY","price":490.99,"quantity":1,"timestamp":1771317472243}
{"symbol":"HINDZINC-EQ","action":"SELL","price":213.31,"quantity":1,"pnl":-3.2158835978835896,"timestamp":1771317473236}
{"symbol":"GAIL-EQ","action":"SELL","price":321.94,"quantity":1,"pnl":-0.5458508538810065,"timestamp":1771317474208}
{"symbol":"TVSMOTOR-EQ","action":"SELL","price":1708,"quantity":1,"pnl":-714.8674483298728,"timestamp":1771317478204}
{"symbol":"GODREJCP-EQ","action":"SELL","price":2154.4,"quantity":1,"pnl":-117.57873333333282,"timestamp":1771317479220}
{"symbol":"BAJAJHFL-EQ","action":"SELL","price":350.74,"quantity":1,"pnl":84.27208462222222,"timestamp":1771317479261}
{"symbol":"AMBUJACEM-EQ","action":"SELL","price":254.24,"quantity":1,"pnl":42.169205338525614,"timestamp":1771317481223}
{"symbol":"LICI-EQ","action":"SELL","price":515.87,"quantity":1,"pnl":0.6299565181174103,"timestamp":1771317483270}
{"symbol":"ABB-EQ","action":"SELL","price":4217.8,"quantity":1,"pnl":728.8170551240528,"timestamp":1771317484290}
{"symbol":"TVSMOTOR-EQ","action":"SELL","price":1796.34,"quantity":1,"pnl":-626.5274483298724,"timestamp":1771317486205}
{"symbol":"IOC-EQ","action":"SELL","price":614.76,"quantity":1,"pnl":205.09365553632654,"timestamp":1771317486269}
{"symbol":"PIDILITIND-EQ","action":"SELL","price":760.76,"quantity":1,"pnl":-336.2563204668925,"timestamp":1771317486320}
{"symbol":"HINDZINC-EQ","action":"SELL","price":225.26,"quantity":1,"pnl":8.734116402116427,"timestamp":1771317486410}
{"symbol":"HAL-EQ","action":"SELL","price":6945.86,"quantity":1,"pnl":-1787.1575000000003,"timestamp":1771317487208}
{"symbol":"AMBUJACEM-EQ","action":"BUY","price":226.85,"quantity":1,"timestamp":1771317488243}
{"symbol":"ADANIPOWER-EQ","action":"BUY","price":97.7,"quantity":1,"timestamp":1771317490215}
{"symbol":"SOLARINDS-EQ","action":"SELL","price":8775.91,"quantity":1,"pnl":-953.237768122217,"timestamp":1771317491234}
{"symbol":"LODHA-EQ","action":"SELL","price":526.97,"quantity":1,"pnl":135.90219115196783,"timestamp":1771317491242}
{"symbol":"CHOLAFIN-EQ","action":"SELL","price":540.43,"quantity":1,"pnl":-6.691369791666716,"timestamp":1771317492209}
{"symbol":"ABB-EQ","action":"SELL","price":4492.36,"quantity":1,"pnl":1003.3770551240523,"timestamp":1771317492241}
{"symbol":"NAUKRI-EQ","action":"SELL","price":462.76,"quantity":1,"pnl":-3.3849859387163406,"timestamp":1771317493215}
{"symbol":"ENRIN-EQ","action":"SELL","price":2260.42,"quantity":1,"pnl":464.96951070011346,"timestamp":1771317494252}
{"symbol":"CANBK-EQ","action":"SELL","price":331.21,"quantity":1,"pnl":-111.56958333333336,"timestamp":1771317495225}
{"symbol":"PFC-EQ","action":"SELL","price":243.99,"quantity":1,"pnl":-51.586700148809484,"timestamp":1771317496219}
{"symbol":"CANBK-EQ","action":"SELL","price":349.83,"quantity":1,"pnl":-92.9495833333333,"timestamp":1771317498222}
{"symbol":"SHREECEM-EQ","action":"SELL","price":33476.74,"quantity":1,"pnl":5611.489932333163,"timestamp":1771317499236}
{"symbol":"DMART-EQ","action":"SELL","price":8523.88,"quantity":1,"pnl":2436.296758899325,"timestamp":1771317500220}
{"symbol":"ABB-EQ","action":"SELL","price":4737.39,"quantity":1,"pnl":1248.4070551240534,"timestamp":1771317501250}
{"symbol":"MAZDOCK-EQ","action":"SELL","price":616.16,"quantity":1,"pnl":5.789614197531023,"timestamp":1771317502245}
{"symbol":"BAJAJHLDNG-EQ","action":"SELL","price":19452.92,"quantity":1,"pnl":-1759.4914285714258,"timestamp":1771317503222}
{"symbol":"BAJAJHFL-EQ","action":"SELL","price":368.39,"quantity":1,"pnl":101.9220846222222,"timestamp":1771317503250}
{"symbol":"DIVISLAB-EQ","action":"SELL","price":6357.01,"quantity":1,"pnl":-1069.2407428571423,"timestamp":1771317508217}
{"symbol":"TVSMOTOR-EQ","action":"SELL","price":1901.84,"quantity":1,"pnl":-521.0274483298724,"timestamp":1771317510235}
{"symbol":"JINDALSTEL-EQ","action":"SELL","price":704.52,"quantity":1,"pnl":72.45900859675464,"timestamp":1771317510401}
{"symbol":"ADANIENSOL-EQ","action":"SELL","price":426.22,"quantity":1,"pnl":20.177642754191425,"timestamp":1771317510457}
{"symbol":"ADANIPOWER-EQ","action":"SELL","price":108.44,"quantity":1,"pnl":10.739999999999995,"timestamp":1771317511380}
{"symbol":"BAJAJHLDNG-EQ","action":"SELL","price":20495.1,"quantity":1,"pnl":-717.3114285714255,"timestamp":1771317512368}
{"symbol":"AMBUJACEM-EQ","action":"SELL","price":240.36,"quantity":1,"pnl":27.2335478143452,"timestamp":1771317514611}
{"symbol":"ADANIENSOL-EQ","action":"SELL","price":449.28,"quantity":1,"pnl":43.23764275419131,"timestamp":1771317514770}
{"symbol":"HINDZINC-EQ","action":"SELL","price":237.25,"quantity":1,"pnl":20.724116402116408,"timestamp":1771317514878}
{"symbol":"BRITANNIA-EQ","action":"SELL","price":5918.86,"quantity":1,"pnl":-72.84882265722536,"timestamp":1771317515382}
{"symbol":"PNB-EQ","action":"SELL","price":101.16,"quantity":1,"pnl":-8.539290305653907,"timestamp":1771317515483}
{"symbol":"VEDL-EQ","action":"BUY","price":248.37,"quantity":1,"timestamp":1771317517364}
{"symbol":"LODHA-EQ","action":"SELL","price":561.61,"quantity":1,"pnl":170.54219115196787,"timestamp":1771317519379}
{"symbol":"BRITANNIA-EQ","action":"SELL","price":6223.2,"quantity":1,"pnl":231.49117734277388,"timestamp":1771317520366}
{"symbol":"HAL-EQ","action":"SELL","price":6962.33,"quantity":1,"pnl":-1770.6875,"timestamp":1771317524366}
{"symbol":"IOC-EQ","action":"SELL","price":612,"quantity":1,"pnl":202.33365553632655,"timestamp":1771317524373}
{"symbol":"BAJAJHLDNG-EQ","action":"BUY","price":19467.94,"quantity":1,"timestamp":1771317526400}
{"symbol":"BAJAJHFL-EQ","action":"BUY","price":349.65,"quantity":1,"timestamp":1771317526470}
{"symbol":"MAZDOCK-EQ","action":"BUY","price":583.47,"quantity":1,"timestamp":1771317527425}
{"symbol":"SIEMENS-EQ","action":"BUY","price":1179.68,"quantity":1,"timestamp":1771317528392}
{"symbol":"BAJAJHFL-EQ","action":"SELL","price":367.67,"quantity":1,"pnl":59.611042311111134,"timestamp":1771317530430}
{"symbol":"VBL-EQ","action":"SELL","price":449.14,"quantity":1,"pnl":23.790249999999958,"timestamp":1771317531379}
{"symbol":"DMART-EQ","action":"SELL","price":9146.6,"quantity":1,"pnl":3059.0167588993263,"timestamp":1771317531389}
{"symbol":"PNB-EQ","action":"SELL","price":106.91,"quantity":1,"pnl":-2.789290305653907,"timestamp":1771317531403}
{"symbol":"BOSCHLTD-EQ","action":"SELL","price":11502.55,"quantity":1,"pnl":-2823.0661943980977,"timestamp":1771317531422}
{"symbol":"CANBK-EQ","action":"SELL","price":369.49,"quantity":1,"pnl":-73.28958333333333,"timestamp":1771317532381}
{"symbol":"GODREJCP-EQ","action":"SELL","price":2119.25,"quantity":1,"pnl":-152.7287333333329,"timestamp":1771317533389}
{"symbol":"BRITANNIA-EQ","action":"SELL","price":6586.88,"quantity":1,"pnl":595.1711773427751,"timestamp":1771317535374}
{"symbol":"GAIL-EQ","action":"SELL","price":322.45,"quantity":1,"pnl":-0.03585085388101561,"timestamp":1771317536387}
{"symbol":"AMBUJACEM-EQ","action":"SELL","price":240.83,"quantity":1,"pnl":27.7035478143452,"timestamp":1771317536419}
{"symbol":"ADANIENSOL-EQ","action":"SELL","price":475.29,"quantity":1,"pnl":69.24764275419142,"timestamp":1771317536436}
{"symbol":"PIDILITIND-EQ","action":"SELL","price":758.44,"quantity":1,"pnl":-338.5763204668922,"timestamp":1771317537384}
{"symbol":"DLF-EQ","action":"SELL","price":377.22,"quantity":1,"pnl":-187.55225694444448,"timestamp":1771317537397}
{"symbol":"TVSMOTOR-EQ","action":"SELL","price":2001.76,"quantity":1,"pnl":-421.10744832987234,"timestamp":1771317538374}
{"symbol":"JINDALSTEL-EQ","action":"SELL","price":669.78,"quantity":1,"pnl":37.719008596754634,"timestamp":1771317539394}
{"symbol":"DIVISLAB-EQ","action":"SELL","price":6295.97,"quantity":1,"pnl":-1130.2807428571432,"timestamp":1771317541373}
{"symbol":"BANKBARODA-EQ","action":"SELL","price":300.46,"quantity":1,"pnl":66.24512777777775,"timestamp":1771317541385}
{"symbol":"DMART-EQ","action":"SELL","price":9625.03,"quantity":1,"pnl":3537.4467588993266,"timestamp":1771317541389}
{"symbol":"MOTHERSON-EQ","action":"SELL","price":35.95,"quantity":1,"pnl":-3.2046771107844947,"timestamp":1771317541407}
{"symbol":"TORNTPHARM-EQ","action":"SELL","price":6860.65,"quantity":1,"pnl":-561.3902262512147,"timestamp":1771317541417}
{"symbol":"HAL-EQ","action":"SELL","price":7412.68,"quantity":1,"pnl":-1320.3374999999978,"timestamp":1771317542373}
{"symbol":"BPCL-EQ","action":"SELL","price":406.25,"quantity":1,"pnl":20.081160317460387,"timestamp":1771317542386}
{"symbol":"VBL-EQ","action":"SELL","price":473.67,"quantity":1,"pnl":48.320250000000044,"timestamp":1771317543376}
{"symbol":"AMBUJACEM-EQ","action":"SELL","price":258.21,"quantity":1,"pnl":45.08354781434517,"timestamp":1771317543406}
{"symbol":"SOLARINDS-EQ","action":"SELL","price":7174.04,"quantity":1,"pnl":-2555.107768122217,"timestamp":1771317543412}
{"symbol":"GODREJCP-EQ","action":"SELL","price":2230.8,"quantity":1,"pnl":-41.178733333332275,"timestamp":1771317544411}
{"symbol":"BAJAJHLDNG-EQ","action":"SELL","price":20483.61,"quantity":1,"pnl":1015.6700000000019,"timestamp":1771317544460}
{"symbol":"ICICIGI-EQ","action":"SELL","price":38.44,"quantity":1,"pnl":-112.70211707035341,"timestamp":1771317544500}
{"symbol":"BAJAJHFL-EQ","action":"SELL","price":389.07,"quantity":1,"pnl":81.01104231111111,"timestamp":1771317544582}
{"symbol":"BPCL-EQ","action":"BUY","price":381.05,"quantity":1,"timestamp":1771317546378}
{"symbol":"ADANIPOWER-EQ","action":"BUY","price":119.59,"quantity":1,"timestamp":1771317546389}
{"symbol":"PIDILITIND-EQ","action":"BUY","price":717.55,"quantity":1,"timestamp":1771317546395}
{"symbol":"RECLTD-EQ","action":"BUY","price":548.11,"quantity":1,"timestamp":1771317546406}
{"symbol":"TVSMOTOR-EQ","action":"SELL","price":2109.24,"quantity":1,"pnl":-313.62744832987255,"timestamp":1771317547376}
{"symbol":"INDHOTEL-EQ","action":"BUY","price":914.78,"quantity":1,"timestamp":1771317548383}
{"symbol":"ICICIGI-EQ","action":"BUY","price":36.44,"quantity":1,"timestamp":1771317548404}
{"symbol":"BAJAJHLDNG-EQ","action":"BUY","price":19265.99,"quantity":1,"timestamp":1771317549389}
{"symbol":"SOLARINDS-EQ","action":"BUY","price":6730.01,"quantity":1,"timestamp":1771317550399}
{"symbol":"ZYDUSLIFE-EQ","action":"BUY","price":1586.51,"quantity":1,"timestamp":1771317551405}
{"symbol":"HAL-EQ","action":"BUY","price":7318.03,"quantity":1,"timestamp":1771317552379}
{"symbol":"DLF-EQ","action":"BUY","price":351.08,"quantity":1,"timestamp":1771317552424}
{"symbol":"IRFC-EQ","action":"BUY","price":37.75,"quantity":1,"timestamp":1771317552454}
{"symbol":"UNITDSPR-EQ","action":"BUY","price":847.94,"quantity":1,"timestamp":1771317553398}
{"symbol":"LICI-EQ","action":"BUY","price":461.34,"quantity":1,"timestamp":1771317553409}
{"symbol":"VEDL-EQ","action":"SELL","price":264.37,"quantity":1,"pnl":-35.97138321995459,"timestamp":1771317555380}
{"symbol":"GODREJCP-EQ","action":"SELL","price":2344.33,"quantity":1,"pnl":72.35126666666747,"timestamp":1771317556438}
{"symbol":"JINDALSTEL-EQ","action":"SELL","price":706.49,"quantity":1,"pnl":74.42900859675467,"timestamp":1771317556499}
{"symbol":"BANKBARODA-EQ","action":"SELL","price":334.39,"quantity":1,"pnl":100.17512777777776,"timestamp":1771317558413}
{"symbol":"TORNTPHARM-EQ","action":"SELL","price":7224.05,"quantity":1,"pnl":-197.99022625121415,"timestamp":1771317558427}
{"symbol":"ABB-EQ","action":"SELL","price":4735.53,"quantity":1,"pnl":1246.5470551240528,"timestamp":1771317558446}
{"symbol":"LTIM-EQ","action":"SELL","price":6691.8,"quantity":1,"pnl":-526.8530833333325,"timestamp":1771317560420}
{"symbol":"JINDALSTEL-EQ","action":"SELL","price":753.21,"quantity":1,"pnl":121.14900859675458,"timestamp":1771317561428}
{"symbol":"HINDZINC-EQ","action":"SELL","price":249.34,"quantity":1,"pnl":32.81411640211641,"timestamp":1771317561450}
{"symbol":"MOTHERSON-EQ","action":"SELL","price":35.64,"quantity":1,"pnl":-3.514677110784504,"timestamp":1771317562426}
{"symbol":"DLF-EQ","action":"SELL","price":389.45,"quantity":1,"pnl":-144.79479166666675,"timestamp":1771317562441}
{"symbol":"CHOLAFIN-EQ","action":"SELL","price":478.94,"quantity":1,"pnl":-68.18136979166667,"timestamp":1771317563421}
{"symbol":"BANKBARODA-EQ","action":"SELL","price":352.18,"quantity":1,"pnl":117.96512777777775,"timestamp":1771317563452}
{"symbol":"AMBUJACEM-EQ","action":"SELL","price":287.45,"quantity":1,"pnl":74.32354781434515,"timestamp":1771317563512}
{"symbol":"SIEMENS-EQ","action":"SELL","price":1318.47,"quantity":1,"pnl":155.93540647380723,"timestamp":1771317563543}
{"symbol":"ADANIPOWER-EQ","action":"SELL","price":127.72,"quantity":1,"pnl":8.129999999999995,"timestamp":1771317564422}
{"symbol":"BPCL-EQ","action":"SELL","price":385.42,"quantity":1,"pnl":-0.01757687074820069,"timestamp":1771317566418}
{"symbol":"MOTHERSON-EQ","action":"SELL","price":38.13,"quantity":1,"pnl":-1.024677110784502,"timestamp":1771317566472}
{"symbol":"LTIM-EQ","action":"SELL","price":6702.1,"quantity":1,"pnl":-516.5530833333332,"timestamp":1771317568441}
{"symbol":"UNITDSPR-EQ","action":"SELL","price":851.17,"quantity":1,"pnl":3.2299999999999045,"timestamp":1771317568504}
{"symbol":"INDHOTEL-EQ","action":"SELL","price":1025.37,"quantity":1,"pnl":110.58999999999992,"timestamp":1771317569433}
{"symbol":"PIDILITIND-EQ","action":"SELL","price":765.05,"quantity":1,"pnl":-294.019688420203,"timestamp":1771317569467}
{"symbol":"AMBUJACEM-EQ","action":"SELL","price":303.78,"quantity":1,"pnl":90.65354781434513,"timestamp":1771317570450}
{"symbol":"JSWENERGY-EQ","action":"SELL","price":867.15,"quantity":1,"pnl":76.39373425296048,"timestamp":1771317570478}
{"symbol":"ADANIENSOL-EQ","action":"BUY","price":429.41,"quantity":1,"timestamp":1771317571458}
{"symbol":"HINDZINC-EQ","action":"BUY","price":219.85,"quantity":1,"timestamp":1771317571473}
{"symbol":"MOTHERSON-EQ","action":"BUY","price":35.76,"quantity":1,"timestamp":1771317572442}
{"symbol":"MAZDOCK-EQ","action":"BUY","price":513.29,"quantity":1,"timestamp":1771317572475}
{"symbol":"BPCL-EQ","action":"BUY","price":365.35,"quantity":1,"timestamp":1771317573458}
{"symbol":"NAUKRI-EQ","action":"BUY","price":414.45,"quantity":1,"timestamp":1771317574513}
{"symbol":"DLF-EQ","action":"BUY","price":364.26,"quantity":1,"timestamp":1771317574534}
{"symbol":"HAVELLS-EQ","action":"BUY","price":993.7,"quantity":1,"timestamp":1771317575448}
{"symbol":"TATAPOWER-EQ","action":"BUY","price":238.23,"quantity":1,"timestamp":1771318029690}
{"symbol":"INDHOTEL-EQ","action":"BUY","price":968.54,"quantity":1,"timestamp":1771318029710}
{"symbol":"GODREJCP-EQ","action":"BUY","price":2215.67,"quantity":1,"timestamp":1771318029774}
{"symbol":"GAIL-EQ","action":"BUY","price":284.07,"quantity":1,"timestamp":1771318029829}
{"symbol":"ZYDUSLIFE-EQ","action":"BUY","price":1319.13,"quantity":1,"timestamp":1771318029970}
{"symbol":"TVSMOTOR-EQ","action":"BUY","price":1996.16,"quantity":1,"timestamp":1771318031773}
{"symbol":"BRITANNIA-EQ","action":"BUY","price":6844.04,"quantity":1,"timestamp":1771318032770}
{"symbol":"ADANIGREEN-EQ","action":"BUY","price":595.26,"quantity":1,"timestamp":1771318032914}
{"symbol":"BPCL-EQ","action":"BUY","price":345.1,"quantity":1,"timestamp":1771318033771}
{"symbol":"IOC-EQ","action":"BUY","price":571.81,"quantity":1,"timestamp":1771318033787}
{"symbol":"ABB-EQ","action":"BUY","price":4435.48,"quantity":1,"timestamp":1771318033827}
{"symbol":"HYUNDAI-EQ","action":"BUY","price":16898,"quantity":1,"timestamp":1771318034809}
{"symbol":"SOLARINDS-EQ","action":"BUY","price":6273.06,"quantity":1,"timestamp":1771318035787}
{"symbol":"JINDALSTEL-EQ","action":"BUY","price":749.96,"quantity":1,"timestamp":1771318036787}
{"symbol":"LICI-EQ","action":"BUY","price":435.34,"quantity":1,"timestamp":1771318036800}
{"symbol":"GODREJCP-EQ","action":"BUY","price":2103.67,"quantity":1,"timestamp":1771318037782}
{"symbol":"BAJAJHLDNG-EQ","action":"BUY","price":17263.35,"quantity":1,"timestamp":1771318037786}
{"symbol":"ICICIGI-EQ","action":"BUY","price":36.06,"quantity":1,"timestamp":1771318037793}
{"symbol":"PIDILITIND-EQ","action":"BUY","price":723.98,"quantity":1,"timestamp":1771318038784}
{"symbol":"UNITDSPR-EQ","action":"BUY","price":901.93,"quantity":1,"timestamp":1771318038795}
{"symbol":"SIEMENS-EQ","action":"BUY","price":1178.45,"quantity":1,"timestamp":1771318038811}
{"symbol":"ENRIN-EQ","action":"BUY","price":1882.75,"quantity":1,"timestamp":1771318038817}
{"symbol":"HAL-EQ","action":"BUY","price":7427.95,"quantity":1,"timestamp":1771318039773}
{"symbol":"DIVISLAB-EQ","action":"BUY","price":5969.02,"quantity":1,"timestamp":1771318039779}
{"symbol":"VEDL-EQ","action":"SELL","price":294.9,"quantity":1,"pnl":-5.441383219954616,"timestamp":1771318044772}
{"symbol":"TATAPOWER-EQ","action":"SELL","price":266.4,"quantity":1,"pnl":28.169999999999987,"timestamp":1771318044787}
{"symbol":"ABB-EQ","action":"SELL","price":4702.42,"quantity":1,"pnl":1024.1376440992422,"timestamp":1771318045792}
{"symbol":"INDHOTEL-EQ","action":"SELL","price":1025.56,"quantity":1,"pnl":57.01999999999998,"timestamp":1771318048783}
{"symbol":"NAUKRI-EQ","action":"SELL","price":439.03,"quantity":1,"pnl":24.579999999999984,"timestamp":1771318049784}
{"symbol":"RECLTD-EQ","action":"SELL","price":544.71,"quantity":1,"pnl":-3.3999999999999773,"timestamp":1771318049793}
{"symbol":"GAIL-EQ","action":"SELL","price":299.96,"quantity":1,"pnl":-14.842680683104788,"timestamp":1771318049798}
{"symbol":"HAVELLS-EQ","action":"SELL","price":1115.28,"quantity":1,"pnl":121.57999999999993,"timestamp":1771318049806}
{"symbol":"LICI-EQ","action":"SELL","price":456.89,"quantity":1,"pnl":-41.62503261141194,"timestamp":1771318049820}
{"symbol":"TVSMOTOR-EQ","action":"SELL","price":2104.17,"quantity":1,"pnl":-212.02058624740403,"timestamp":1771318050775}
{"symbol":"PFC-EQ","action":"SELL","price":252.41,"quantity":1,"pnl":-43.1667001488095,"timestamp":1771318050788}
{"symbol":"LODHA-EQ","action":"SELL","price":562.13,"quantity":1,"pnl":171.0621911519678,"timestamp":1771318050804}
{"symbol":"CANBK-EQ","action":"SELL","price":349.99,"quantity":1,"pnl":-92.78958333333333,"timestamp":1771318051798}
{"symbol":"AMBUJACEM-EQ","action":"SELL","price":303.45,"quantity":1,"pnl":90.32354781434515,"timestamp":1771318052818}
{"symbol":"JINDALSTEL-EQ","action":"SELL","price":755.04,"quantity":1,"pnl":64.02950429837722,"timestamp":1771318053942}
{"symbol":"JSWENERGY-EQ","action":"SELL","price":912.26,"quantity":1,"pnl":121.50373425296038,"timestamp":1771318053985}
{"symbol":"ADANIGREEN-EQ","action":"SELL","price":631.06,"quantity":1,"pnl":-227.52088169642877,"timestamp":1771318056888}
{"symbol":"HINDZINC-EQ","action":"SELL","price":232.66,"quantity":1,"pnl":12.810000000000002,"timestamp":1771318056895}
{"symbol":"UNITDSPR-EQ","action":"SELL","price":896.39,"quantity":1,"pnl":-5.539999999999964,"timestamp":1771318057892}
{"symbol":"IRFC-EQ","action":"SELL","price":39.16,"quantity":1,"pnl":-11.90484127097394,"timestamp":1771318057916}
{"symbol":"TVSMOTOR-EQ","action":"SELL","price":2214.52,"quantity":1,"pnl":-101.67058624740412,"timestamp":1771318058877}
{"symbol":"GODREJCP-EQ","action":"SELL","price":2086.02,"quantity":1,"pnl":-73.65000000000009,"timestamp":1771318058902}
{"symbol":"SOLARINDS-EQ","action":"SELL","price":6710.3,"quantity":1,"pnl":-1405.041384061109,"timestamp":1771318059890}
{"symbol":"ABB-EQ","action":"SELL","price":4968.73,"quantity":1,"pnl":1290.4476440992416,"timestamp":1771318060960}
{"symbol":"HYUNDAI-EQ","action":"SELL","price":18990.78,"quantity":1,"pnl":2092.779999999999,"timestamp":1771318061886}
{"symbol":"ENRIN-EQ","action":"SELL","price":1981.47,"quantity":1,"pnl":98.72000000000003,"timestamp":1771318061901}
{"symbol":"BRITANNIA-EQ","action":"SELL","price":6872.14,"quantity":1,"pnl":709.9649418742201,"timestamp":1771318063885}
{"symbol":"BAJAJHLDNG-EQ","action":"SELL","price":17190.23,"quantity":1,"pnl":-1074.4399999999987,"timestamp":1771318063914}
{"symbol":"CANBK-EQ","action":"BUY","price":328.87,"quantity":1,"timestamp":1771318066070}
{"symbol":"GODREJCP-EQ","action":"BUY","price":1977.25,"quantity":1,"timestamp":1771318066253}
{"symbol":"LICI-EQ","action":"BUY","price":429.84,"quantity":1,"timestamp":1771318066420}
{"symbol":"CHOLAFIN-EQ","action":"BUY","price":536.44,"quantity":1,"timestamp":1771318067011}
{"symbol":"PFC-EQ","action":"BUY","price":234.91,"quantity":1,"timestamp":1771318067123}
{"symbol":"MOTHERSON-EQ","action":"BUY","price":35.79,"quantity":1,"timestamp":1771318067217}
{"symbol":"AMBUJACEM-EQ","action":"BUY","price":285.27,"quantity":1,"timestamp":1771318067286}
{"symbol":"BAJAJHFL-EQ","action":"BUY","price":389.9,"quantity":1,"timestamp":1771318067439}
{"symbol":"BAJAJHLDNG-EQ","action":"SELL","price":18211.75,"quantity":1,"pnl":-52.919999999998254,"timestamp":1771318068119}
{"symbol":"ADANIENSOL-EQ","action":"SELL","price":461.17,"quantity":1,"pnl":43.44382137709573,"timestamp":1771318068305}
{"symbol":"PNB-EQ","action":"SELL","price":121.06,"quantity":1,"pnl":11.360709694346099,"timestamp":1771318069140}
{"symbol":"LICI-EQ","action":"SELL","price":456.06,"quantity":1,"pnl":-33.87065353498548,"timestamp":1771318069222}
{"symbol":"IOC-EQ","action":"SELL","price":512.18,"quantity":1,"pnl":-59.629999999999995,"timestamp":1771318072115}
{"symbol":"CHOLAFIN-EQ","action":"SELL","price":567.43,"quantity":1,"pnl":30.989999999999895,"timestamp":1771318073102}
{"symbol":"VBL-EQ","action":"SELL","price":474.03,"quantity":1,"pnl":48.68025,"timestamp":1771318073114}
{"symbol":"PFC-EQ","action":"SELL","price":246.68,"quantity":1,"pnl":-28.67446676587292,"timestamp":1771318074123}
{"symbol":"GAIL-EQ","action":"SELL","price":315.64,"quantity":1,"pnl":0.8373193168952184,"timestamp":1771318075152}
{"symbol":"ADANIENSOL-EQ","action":"SELL","price":494.35,"quantity":1,"pnl":76.62382137709574,"timestamp":1771318075194}
{"symbol":"MAZDOCK-EQ","action":"SELL","price":542.06,"quantity":1,"pnl":-37.31519290123447,"timestamp":1771318075219}
{"symbol":"MOTHERSON-EQ","action":"SELL","price":37.6,"quantity":1,"pnl":-0.2028062664707022,"timestamp":1771318076192}
{"symbol":"LICI-EQ","action":"SELL","price":485.62,"quantity":1,"pnl":-4.310653534985477,"timestamp":1771318076266}
{"symbol":"TORNTPHARM-EQ","action":"SELL","price":7750.88,"quantity":1,"pnl":328.8397737487858,"timestamp":1771318078187}
{"symbol":"VEDL-EQ","action":"BUY","price":254.51,"quantity":1,"timestamp":1771318080110}
{"symbol":"JINDALSTEL-EQ","action":"BUY","price":671.37,"quantity":1,"timestamp":1771318080169}
{"symbol":"HYUNDAI-EQ","action":"BUY","price":18961.58,"quantity":1,"timestamp":1771318080186}
{"symbol":"JSWENERGY-EQ","action":"BUY","price":816.38,"quantity":1,"timestamp":1771318080206}
{"symbol":"MAZDOCK-EQ","action":"SELL","price":574.66,"quantity":1,"pnl":-4.715192901234445,"timestamp":1771318082165}
{"symbol":"BANKBARODA-EQ","action":"SELL","price":347.98,"quantity":1,"pnl":113.76512777777776,"timestamp":1771318085125}
{"symbol":"MAZDOCK-EQ","action":"SELL","price":606.23,"quantity":1,"pnl":26.854807098765605,"timestamp":1771318086141}
{"symbol":"PIDILITIND-EQ","action":"SELL","price":771.65,"quantity":1,"pnl":-253.9107195781827,"timestamp":1771318089180}
{"symbol":"SIEMENS-EQ","action":"SELL","price":1119.92,"quantity":1,"pnl":-45.79767482095417,"timestamp":1771318091204}
{"symbol":"PFC-EQ","action":"SELL","price":261.15,"quantity":1,"pnl":-14.204466765873008,"timestamp":1771318092133}
{"symbol":"DLF-EQ","action":"SELL","price":323.58,"quantity":1,"pnl":-186.38125000000002,"timestamp":1771318092154}
{"symbol":"CANBK-EQ","action":"BUY","price":310.26,"quantity":1,"timestamp":1771318095160}
{"symbol":"ADANIGREEN-EQ","action":"BUY","price":552.02,"quantity":1,"timestamp":1771318095367}
{"symbol":"TVSMOTOR-EQ","action":"BUY","price":2048.08,"quantity":1,"timestamp":1771318096123}
{"symbol":"VBL-EQ","action":"BUY","price":450.17,"quantity":1,"timestamp":1771318096165}
{"symbol":"TORNTPHARM-EQ","action":"BUY","price":6948.74,"quantity":1,"timestamp":1771318096369}
{"symbol":"ADANIPOWER-EQ","action":"BUY","price":100.5,"quantity":1,"timestamp":1771318097125}
{"symbol":"INDHOTEL-EQ","action":"BUY","price":1143.03,"quantity":1,"timestamp":1771318098133}
{"symbol":"MOTHERSON-EQ","action":"BUY","price":33.82,"quantity":1,"timestamp":1771318098155}
{"symbol":"GODREJCP-EQ","action":"BUY","price":1573.1,"quantity":1,"timestamp":1771318098169}
{"symbol":"ICICIGI-EQ","action":"BUY","price":31.89,"quantity":1,"timestamp":1771318098193}
{"symbol":"AMBUJACEM-EQ","action":"BUY","price":240.12,"quantity":1,"timestamp":1771318098234}
{"symbol":"ENRIN-EQ","action":"BUY","price":2101.16,"quantity":1,"timestamp":1771318098283}
{"symbol":"IRFC-EQ","action":"BUY","price":39.12,"quantity":1,"timestamp":1771318099159}
{"symbol":"TVSMOTOR-EQ","action":"BUY","price":1913.82,"quantity":1,"timestamp":1771318100125}
{"symbol":"TATAPOWER-EQ","action":"BUY","price":278.57,"quantity":1,"timestamp":1771318100139}
{"symbol":"BANKBARODA-EQ","action":"BUY","price":328.67,"quantity":1,"timestamp":1771318100145}
{"symbol":"ADANIENSOL-EQ","action":"BUY","price":466.04,"quantity":1,"timestamp":1771318100168}
{"symbol":"SHREECEM-EQ","action":"BUY","price":26161.23,"quantity":1,"timestamp":1771318101147}
{"symbol":"GAIL-EQ","action":"BUY","price":282.84,"quantity":1,"timestamp":1771318102135}
{"symbol":"CGPOWER-EQ","action":"BUY","price":1290.13,"quantity":1,"timestamp":1771318103141}
{"symbol":"TORNTPHARM-EQ","action":"BUY","price":6538.72,"quantity":1,"timestamp":1771318104198}
{"symbol":"ICICIGI-EQ","action":"BUY","price":30.13,"quantity":1,"timestamp":1771318105217}
{"symbol":"SOLARINDS-EQ","action":"BUY","price":6190.16,"quantity":1,"timestamp":1771318105290}
{"symbol":"ENRIN-EQ","action":"BUY","price":1987.41,"quantity":1,"timestamp":1771318105348}
{"symbol":"ADANIENSOL-EQ","action":"BUY","price":441.78,"quantity":1,"timestamp":1771318106160}
{"symbol":"GAIL-EQ","action":"BUY","price":266.29,"quantity":1,"timestamp":1771318107145}
{"symbol":"IRFC-EQ","action":"BUY","price":36.67,"quantity":1,"timestamp":1771318107170}
{"symbol":"CHOLAFIN-EQ","action":"BUY","price":528.59,"quantity":1,"timestamp":1771318108132}
{"symbol":"GODREJCP-EQ","action":"BUY","price":1562.04,"quantity":1,"timestamp":1771318108146}
{"symbol":"ADANIGREEN-EQ","action":"BUY","price":516.14,"quantity":1,"timestamp":1771318108164}
{"symbol":"NAUKRI-EQ","action":"BUY","price":495.24,"quantity":1,"timestamp":1771318110146}
{"symbol":"ICICIGI-EQ","action":"BUY","price":28.49,"quantity":1,"timestamp":1771318110155}
{"symbol":"UNITDSPR-EQ","action":"BUY","price":739.77,"quantity":1,"timestamp":1771318110161}
{"symbol":"LTIM-EQ","action":"SELL","price":7341.08,"quantity":1,"pnl":122.42691666666724,"timestamp":1771318112143}
{"symbol":"GAIL-EQ","action":"SELL","price":279.64,"quantity":1,"pnl":-19.067608409862885,"timestamp":1771318112152}
{"symbol":"ABB-EQ","action":"SELL","price":4734.72,"quantity":1,"pnl":1056.4376440992423,"timestamp":1771318112168}
{"symbol":"MAZDOCK-EQ","action":"SELL","price":674.97,"quantity":1,"pnl":95.59480709876561,"timestamp":1771318112176}
{"symbol":"NAUKRI-EQ","action":"SELL","price":524.19,"quantity":1,"pnl":28.950000000000045,"timestamp":1771318114141}
{"symbol":"ADANIGREEN-EQ","action":"SELL","price":543.25,"quantity":1,"pnl":-243.21957465277785,"timestamp":1771318114168}
{"symbol":"DIVISLAB-EQ","action":"SELL","price":5947.31,"quantity":1,"pnl":-1236.0689523809533,"timestamp":1771318115136}
{"symbol":"SIEMENS-EQ","action":"BUY","price":1010.32,"quantity":1,"timestamp":1771318116160}
{"symbol":"ENRIN-EQ","action":"BUY","price":1869.92,"quantity":1,"timestamp":1771318116171}
{"symbol":"INDHOTEL-EQ","action":"BUY","price":1141.04,"quantity":1,"timestamp":1771318117143}
{"symbol":"CANBK-EQ","action":"BUY","price":305.92,"quantity":1,"timestamp":1771318117157}
{"symbol":"TORNTPHARM-EQ","action":"BUY","price":6203.09,"quantity":1,"timestamp":1771318117172}
{"symbol":"IRFC-EQ","action":"BUY","price":34.39,"quantity":1,"timestamp":1771318118215}
{"symbol":"LICI-EQ","action":"BUY","price":436.32,"quantity":1,"timestamp":1771318118222}
{"symbol":"ADANIENSOL-EQ","action":"BUY","price":394.89,"quantity":1,"timestamp":1771318119199}
{"symbol":"ZYDUSLIFE-EQ","action":"BUY","price":1228.08,"quantity":1,"timestamp":1771318120197}
{"symbol":"PNB-EQ","action":"BUY","price":120.37,"quantity":1,"timestamp":1771318121190}
{"symbol":"HAL-EQ","action":"BUY","price":6205.02,"quantity":1,"timestamp":1771318122139}
{"symbol":"UNITDSPR-EQ","action":"BUY","price":743.41,"quantity":1,"timestamp":1771318122159}
{"symbol":"ABB-EQ","action":"BUY","price":4462.02,"quantity":1,"timestamp":1771318122173}
{"symbol":"GAIL-EQ","action":"BUY","price":263.7,"quantity":1,"timestamp":1771318123561}
{"symbol":"HAVELLS-EQ","action":"BUY","price":1246.65,"quantity":1,"timestamp":1771318123570}
{"symbol":"VBL-EQ","action":"BUY","price":446.43,"quantity":1,"timestamp":1771318914440}
{"symbol":"AMBUJACEM-EQ","action":"BUY","price":237.01,"quantity":1,"timestamp":1771318914463}
{"symbol":"PFC-EQ","action":"BUY","price":264.62,"quantity":1,"timestamp":1771318915446}
{"symbol":"HAVELLS-EQ","action":"BUY","price":1181.38,"quantity":1,"timestamp":1771318915457}
{"symbol":"CGPOWER-EQ","action":"BUY","price":1275.03,"quantity":1,"timestamp":1771318916447}
{"symbol":"PFC-EQ","action":"BUY","price":251.13,"quantity":1,"timestamp":1771318922487}
{"symbol":"LODHA-EQ","action":"BUY","price":551.3,"quantity":1,"timestamp":1771318922503}
{"symbol":"GODREJCP-EQ","action":"BUY","price":1400.01,"quantity":1,"timestamp":1771318923494}
{"symbol":"BPCL-EQ","action":"BUY","price":329.37,"quantity":1,"timestamp":1771318924492}
{"symbol":"ZYDUSLIFE-EQ","action":"BUY","price":1165.38,"quantity":1,"timestamp":1771318924512}
{"symbol":"ADANIPOWER-EQ","action":"BUY","price":100.09,"quantity":1,"timestamp":1771318925496}
{"symbol":"ZYDUSLIFE-EQ","action":"BUY","price":1087.76,"quantity":1,"timestamp":1771318928521}
{"symbol":"BOSCHLTD-EQ","action":"BUY","price":10987.81,"quantity":1,"timestamp":1771318930580}
{"symbol":"SOLARINDS-EQ","action":"BUY","price":5472.77,"quantity":1,"timestamp":1771318930630}
{"symbol":"NAUKRI-EQ","action":"BUY","price":552.35,"quantity":1,"timestamp":1771318931554}
{"symbol":"GAIL-EQ","action":"BUY","price":247.69,"quantity":1,"timestamp":1771318931564}
{"symbol":"BAJAJHFL-EQ","action":"BUY","price":440.75,"quantity":1,"timestamp":1771318931576}
{"symbol":"BOSCHLTD-EQ","action":"SELL","price":11633.02,"quantity":1,"pnl":645.210000000001,"timestamp":1771318935573}
{"symbol":"ZYDUSLIFE-EQ","action":"SELL","price":1155.42,"quantity":1,"pnl":28.84999999999991,"timestamp":1771318937597}
{"symbol":"GAIL-EQ","action":"SELL","price":261.06,"quantity":1,"pnl":13.370000000000005,"timestamp":1771318942621}
{"symbol":"ADANIPOWER-EQ","action":"SELL","price":94.45,"quantity":1,"pnl":-5.640000000000001,"timestamp":1771318947647}
{"symbol":"AMBUJACEM-EQ","action":"SELL","price":251.33,"quantity":1,"pnl":14.320000000000022,"timestamp":1771318947657}
{"symbol":"PNB-EQ","action":"BUY","price":122.19,"quantity":1,"timestamp":1771318949652}
{"symbol":"MOTHERSON-EQ","action":"BUY","price":34.88,"quantity":1,"timestamp":1771318950654}
{"symbol":"RECLTD-EQ","action":"BUY","price":541.09,"quantity":1,"timestamp":1771318950660}
{"symbol":"SOLARINDS-EQ","action":"SELL","price":5816.63,"quantity":1,"pnl":343.8599999999997,"timestamp":1771318953678}
{"symbol":"PNB-EQ","action":"SELL","price":128.54,"quantity":1,"pnl":6.349999999999994,"timestamp":1771318955688}
{"symbol":"CHOLAFIN-EQ","action":"BUY","price":514.05,"quantity":1,"timestamp":1771318957681}
{"symbol":"ADANIENSOL-EQ","action":"BUY","price":444.47,"quantity":1,"timestamp":1771318957690}
{"symbol":"DLF-EQ","action":"BUY","price":342.33,"quantity":1,"timestamp":1771318958686}
{"symbol":"TVSMOTOR-EQ","action":"BUY","price":2234.43,"quantity":1,"timestamp":1771318959685}
{"symbol":"PFC-EQ","action":"BUY","price":234.1,"quantity":1,"timestamp":1771318961702}
{"symbol":"GAIL-EQ","action":"BUY","price":243.81,"quantity":1,"timestamp":1771318961709}
{"symbol":"HYUNDAI-EQ","action":"BUY","price":17993.6,"quantity":1,"timestamp":1771318961714}
{"symbol":"ABB-EQ","action":"BUY","price":4042.77,"quantity":1,"timestamp":1771318961720}
{"symbol":"MAZDOCK-EQ","action":"BUY","price":584.25,"quantity":1,"timestamp":1771318961724}
{"symbol":"IRFC-EQ","action":"BUY","price":38.03,"quantity":1,"timestamp":1771318964761}
{"symbol":"GODREJCP-EQ","action":"SELL","price":1586.87,"quantity":1,"pnl":186.8599999999999,"timestamp":1771318968786}
{"symbol":"CGPOWER-EQ","action":"SELL","price":1342.53,"quantity":1,"pnl":67.5,"timestamp":1771318968794}
{"symbol":"PFC-EQ","action":"SELL","price":247.1,"quantity":1,"pnl":-2.8500000000000227,"timestamp":1771318971805}
{"symbol":"ADANIENSOL-EQ","action":"BUY","price":437.63,"quantity":1,"timestamp":1771318972816}
{"symbol":"LODHA-EQ","action":"BUY","price":523.01,"quantity":1,"timestamp":1771318972823}
{"symbol":"PIDILITIND-EQ","action":"BUY","price":950.5,"quantity":1,"timestamp":1771318975834}
{"symbol":"GAIL-EQ","action":"BUY","price":228.23,"quantity":1,"timestamp":1771318975839}
{"symbol":"ABB-EQ","action":"BUY","price":3811.63,"quantity":1,"timestamp":1771318975847}
{"symbol":"BRITANNIA-EQ","action":"BUY","price":6938.28,"quantity":1,"timestamp":1771318976837}
{"symbol":"ICICIGI-EQ","action":"BUY","price":33.34,"quantity":1,"timestamp":1771318976846}
{"symbol":"ADANIENSOL-EQ","action":"BUY","price":415.07,"quantity":1,"timestamp":1771318976853}
{"symbol":"ZYDUSLIFE-EQ","action":"BUY","price":1086.43,"quantity":1,"timestamp":1771318976858}
{"symbol":"IRFC-EQ","action":"BUY","price":35.86,"quantity":1,"timestamp":1771318976862}
{"symbol":"VBL-EQ","action":"SELL","price":525.79,"quantity":1,"pnl":79.35999999999996,"timestamp":1771318977846}
{"symbol":"ZYDUSLIFE-EQ","action":"SELL","price":1146.27,"quantity":1,"pnl":39.76999999999998,"timestamp":1771318980882}
{"symbol":"MOTHERSON-EQ","action":"SELL","price":37.04,"quantity":1,"pnl":2.1599999999999966,"timestamp":1771318981883}
{"symbol":"ICICIGI-EQ","action":"SELL","price":35.15,"quantity":1,"pnl":1.8099999999999952,"timestamp":1771318982896}
{"symbol":"ADANIENSOL-EQ","action":"SELL","price":440.21,"quantity":1,"pnl":7.819999999999936,"timestamp":1771318982910}
{"symbol":"BRITANNIA-EQ","action":"SELL","price":7358.89,"quantity":1,"pnl":420.6100000000006,"timestamp":1771318983901}
{"symbol":"LODHA-EQ","action":"SELL","price":549.58,"quantity":1,"pnl":12.425000000000068,"timestamp":1771318983913}
{"symbol":"TVSMOTOR-EQ","action":"SELL","price":2214.01,"quantity":1,"pnl":-20.419999999999618,"timestamp":1771318985929}
{"symbol":"MAZDOCK-EQ","action":"SELL","price":613.51,"quantity":1,"pnl":29.25999999999999,"timestamp":1771318987948}
{"symbol":"DLF-EQ","action":"SELL","price":360.89,"quantity":1,"pnl":18.560000000000002,"timestamp":1771318989956}
{"symbol":"HAVELLS-EQ","action":"SELL","price":1095.45,"quantity":1,"pnl":-85.93000000000006,"timestamp":1771318990966}
{"symbol":"GODREJCP-EQ","action":"BUY","price":1504.65,"quantity":1,"timestamp":1771318996002}
{"symbol":"SIEMENS-EQ","action":"BUY","price":1126.73,"quantity":1,"timestamp":1771318996013}
{"symbol":"HYUNDAI-EQ","action":"BUY","price":15913.25,"quantity":1,"timestamp":1771318998015}
{"symbol":"CHOLAFIN-EQ","action":"SELL","price":510.49,"quantity":1,"pnl":-3.5599999999999454,"timestamp":1771318999025}
{"symbol":"LODHA-EQ","action":"SELL","price":542.63,"quantity":1,"pnl":5.475000000000023,"timestamp":1771319001039}
{"symbol":"BAJAJHFL-EQ","action":"SELL","price":418.31,"quantity":1,"pnl":-22.439999999999998,"timestamp":1771319002044}
{"symbol":"HYUNDAI-EQ","action":"SELL","price":15548.38,"quantity":1,"pnl":-1405.045,"timestamp":1771319012110}
{"symbol":"ZYDUSLIFE-EQ","action":"SELL","price":1140.91,"quantity":1,"pnl":34.41000000000008,"timestamp":1771319013125}
{"symbol":"ADANIENSOL-EQ","action":"SELL","price":463.07,"quantity":1,"pnl":30.680000000000007,"timestamp":1771319014134}
{"symbol":"HYUNDAI-EQ","action":"SELL","price":16480.53,"quantity":1,"pnl":-472.89500000000044,"timestamp":1771319015129}
{"symbol":"HINDZINC-EQ","action":"BUY","price":206.77,"quantity":1,"timestamp":1771319017145}
{"symbol":"ENRIN-EQ","action":"BUY","price":1543.88,"quantity":1,"timestamp":1771319018158}
{"symbol":"DMART-EQ","action":"BUY","price":11665.37,"quantity":1,"timestamp":1771319019157}
{"symbol":"SHREECEM-EQ","action":"BUY","price":25344.34,"quantity":1,"timestamp":1771319019166}
{"symbol":"LICI-EQ","action":"BUY","price":496.37,"quantity":1,"timestamp":1771319019175}
{"symbol":"MOTHERSON-EQ","action":"BUY","price":31.12,"quantity":1,"timestamp":1771319020162}
{"symbol":"BAJAJHLDNG-EQ","action":"BUY","price":21028.92,"quantity":1,"timestamp":1771319020170}
{"symbol":"TORNTPHARM-EQ","action":"BUY","price":5964.74,"quantity":1,"timestamp":1771319020175}
{"symbol":"ENRIN-EQ","action":"SELL","price":1643.16,"quantity":1,"pnl":99.27999999999997,"timestamp":1771319022170}
{"symbol":"TVSMOTOR-EQ","action":"BUY","price":2327.85,"quantity":1,"timestamp":1771319025197}
{"symbol":"MOTHERSON-EQ","action":"BUY","price":29.5,"quantity":1,"timestamp":1771319025205}
{"symbol":"ABB-EQ","action":"BUY","price":3362.96,"quantity":1,"timestamp":1771319026209}
{"symbol":"BAJAJHLDNG-EQ","action":"SELL","price":22347.26,"quantity":1,"pnl":1318.3400000000001,"timestamp":1771319027218}
{"symbol":"IRFC-EQ","action":"SELL","price":37.88,"quantity":1,"pnl":0.9350000000000023,"timestamp":1771319031262}
{"symbol":"DIVISLAB-EQ","action":"BUY","price":5247.09,"quantity":1,"timestamp":1771319034286}
{"symbol":"CHOLAFIN-EQ","action":"BUY","price":504.93,"quantity":1,"timestamp":1771319035299}
{"symbol":"HINDZINC-EQ","action":"BUY","price":185.37,"quantity":1,"timestamp":1771319036307}
{"symbol":"LODHA-EQ","action":"BUY","price":486.31,"quantity":1,"timestamp":1771319037320}
{"symbol":"HAVELLS-EQ","action":"BUY","price":1030.34,"quantity":1,"timestamp":1771319038328}
{"symbol":"VEDL-EQ","action":"BUY","price":252.85,"quantity":1,"timestamp":1771319039334}
{"symbol":"NAUKRI-EQ","action":"BUY","price":438.93,"quantity":1,"timestamp":1771319039345}
{"symbol":"DLF-EQ","action":"BUY","price":361.18,"quantity":1,"timestamp":1771319039353}
{"symbol":"JSWENERGY-EQ","action":"BUY","price":1049.9,"quantity":1,"timestamp":1771319040349}
{"symbol":"CHOLAFIN-EQ","action":"SELL","price":538.44,"quantity":1,"pnl":33.51000000000005,"timestamp":1771319041349}
{"symbol":"RECLTD-EQ","action":"SELL","price":504.72,"quantity":1,"pnl":-36.370000000000005,"timestamp":1771319041356}
{"symbol":"DMART-EQ","action":"SELL","price":11603.8,"quantity":1,"pnl":-61.57000000000153,"timestamp":1771319042353}
{"symbol":"IRFC-EQ","action":"SELL","price":40.14,"quantity":1,"pnl":3.1950000000000003,"timestamp":1771319042364}
{"symbol":"PNB-EQ","action":"BUY","price":128.2,"quantity":1,"timestamp":1771319045371}
{"symbol":"CGPOWER-EQ","action":"BUY","price":1021.42,"quantity":1,"timestamp":1771319045376}
{"symbol":"SHREECEM-EQ","action":"BUY","price":23591,"quantity":1,"timestamp":1771319046375}
{"symbol":"LICI-EQ","action":"BUY","price":439.9,"quantity":1,"timestamp":1771319046382}
{"symbol":"HAL-EQ","action":"BUY","price":7405.38,"quantity":1,"timestamp":1771319047380}
{"symbol":"CHOLAFIN-EQ","action":"BUY","price":510.15,"quantity":1,"timestamp":1771319047387}
{"symbol":"TATAPOWER-EQ","action":"BUY","price":315.32,"quantity":1,"timestamp":1771319047392}
{"symbol":"INDHOTEL-EQ","action":"BUY","price":1180.62,"quantity":1,"timestamp":1771319047395}
{"symbol":"PIDILITIND-EQ","action":"BUY","price":749.04,"quantity":1,"timestamp":1771319047401}
{"symbol":"ABB-EQ","action":"BUY","price":3176.64,"quantity":1,"timestamp":1771319047408}
{"symbol":"MOTHERSON-EQ","action":"SELL","price":31.6,"quantity":1,"pnl":1.2899999999999991,"timestamp":1771319049401}
{"symbol":"JSWENERGY-EQ","action":"SELL","price":1121.63,"quantity":1,"pnl":71.73000000000002,"timestamp":1771319050412}
{"symbol":"TORNTPHARM-EQ","action":"BUY","price":5606.91,"quantity":1,"timestamp":1771319051425}
{"symbol":"BPCL-EQ","action":"BUY","price":319.02,"quantity":1,"timestamp":1771319052430}
{"symbol":"ADANIPOWER-EQ","action":"BUY","price":106.08,"quantity":1,"timestamp":1771319053442}
{"symbol":"NAUKRI-EQ","action":"BUY","price":438.64,"quantity":1,"timestamp":1771319054447}
{"symbol":"HINDZINC-EQ","action":"BUY","price":173.22,"quantity":1,"timestamp":1771319054455}
{"symbol":"BAJAJHFL-EQ","action":"BUY","price":416.51,"quantity":1,"timestamp":1771319054460}
{"symbol":"HAL-EQ","action":"BUY","price":6997.4,"quantity":1,"timestamp":1771319055447}
{"symbol":"ENRIN-EQ","action":"BUY","price":1538.5,"quantity":1,"timestamp":1771319055458}
{"symbol":"DIVISLAB-EQ","action":"SELL","price":5485.12,"quantity":1,"pnl":238.02999999999975,"timestamp":1771319056447}
{"symbol":"ABB-EQ","action":"SELL","price":3198.12,"quantity":1,"pnl":-400.3800000000001,"timestamp":1771319056457}
{"symbol":"GODREJCP-EQ","action":"SELL","price":1499.21,"quantity":1,"pnl":-5.440000000000055,"timestamp":1771319057468}
{"symbol":"HAVELLS-EQ","action":"SELL","price":1086.87,"quantity":1,"pnl":56.52999999999997,"timestamp":1771319057474}
{"symbol":"BAJAJHFL-EQ","action":"SELL","price":439.82,"quantity":1,"pnl":23.310000000000002,"timestamp":1771319059484}
{"symbol":"HAL-EQ","action":"SELL","price":7351,"quantity":1,"pnl":149.61000000000058,"timestamp":1771319060480}
{"symbol":"PFC-EQ","action":"SELL","price":208.27,"quantity":1,"pnl":-41.67999999999998,"timestamp":1771319060489}
{"symbol":"GAIL-EQ","action":"SELL","price":199.57,"quantity":1,"pnl":-36.44999999999999,"timestamp":1771319060536}
{"symbol":"SHREECEM-EQ","action":"SELL","price":26021.82,"quantity":1,"pnl":1554.1500000000015,"timestamp":1771319061490}
{"symbol":"CHOLAFIN-EQ","action":"SELL","price":536.68,"quantity":1,"pnl":26.529999999999973,"timestamp":1771319062494}
{"symbol":"AMBUJACEM-EQ","action":"BUY","price":255.25,"quantity":1,"timestamp":1771319063508}
{"symbol":"ABB-EQ","action":"BUY","price":3034.24,"quantity":1,"timestamp":1771319064518}
{"symbol":"VEDL-EQ","action":"SELL","price":267.55,"quantity":1,"pnl":14.700000000000017,"timestamp":1771319066524}
{"symbol":"TVSMOTOR-EQ","action":"SELL","price":2765.75,"quantity":1,"pnl":437.9000000000001,"timestamp":1771319066530}
{"symbol":"PFC-EQ","action":"SELL","price":221.58,"quantity":1,"pnl":-28.369999999999976,"timestamp":1771319066536}
{"symbol":"CGPOWER-EQ","action":"SELL","price":1002.72,"quantity":1,"pnl":-18.699999999999932,"timestamp":1771319068540}
{"symbol":"MOTHERSON-EQ","action":"SELL","price":35.26,"quantity":1,"pnl":4.949999999999996,"timestamp":1771319069548}
{"symbol":"SHREECEM-EQ","action":"SELL","price":27621.89,"quantity":1,"pnl":3154.220000000001,"timestamp":1771319069554}
{"symbol":"ABB-EQ","action":"SELL","price":3193.28,"quantity":1,"pnl":-264.15499999999975,"timestamp":1771319070562}
{"symbol":"INDHOTEL-EQ","action":"BUY","price":1111.13,"quantity":1,"timestamp":1771319072571}
{"symbol":"ADANIGREEN-EQ","action":"BUY","price":571.64,"quantity":1,"timestamp":1771319074590}
{"symbol":"ENRIN-EQ","action":"SELL","price":1628.43,"quantity":1,"pnl":89.93000000000006,"timestamp":1771319075598}
{"symbol":"INDHOTEL-EQ","action":"SELL","price":1171.66,"quantity":1,"pnl":25.785000000000082,"timestamp":1771319077605}
{"symbol":"BRITANNIA-EQ","action":"BUY","price":7625.28,"quantity":1,"timestamp":1771319079622}
{"symbol":"TORNTPHARM-EQ","action":"BUY","price":5260.33,"quantity":1,"timestamp":1771319079631}
{"symbol":"BANKBARODA-EQ","action":"BUY","price":291.44,"quantity":1,"timestamp":1771319083662}
{"symbol":"DLF-EQ","action":"BUY","price":320.77,"quantity":1,"timestamp":1771319083669}
{"symbol":"JINDALSTEL-EQ","action":"BUY","price":836.13,"quantity":1,"timestamp":1771319084676}
{"symbol":"HAL-EQ","action":"BUY","price":6878.06,"quantity":1,"timestamp":1771319085683}
{"symbol":"VBL-EQ","action":"BUY","price":586.89,"quantity":1,"timestamp":1771319088702}
{"symbol":"ICICIGI-EQ","action":"BUY","price":38.29,"quantity":1,"timestamp":1771319088711}
{"symbol":"HINDZINC-EQ","action":"BUY","price":163.91,"quantity":1,"timestamp":1771319088717}
{"symbol":"VEDL-EQ","action":"BUY","price":251.33,"quantity":1,"timestamp":1771319089703}
{"symbol":"BAJAJHLDNG-EQ","action":"BUY","price":21366.04,"quantity":1,"timestamp":1771319089712}
{"symbol":"ABB-EQ","action":"BUY","price":2979.37,"quantity":1,"timestamp":1771319089721}
{"symbol":"PNB-EQ","action":"SELL","price":128.78,"quantity":1,"pnl":0.5800000000000125,"timestamp":1771319090712}
{"symbol":"ICICIGI-EQ","action":"SELL","price":40.6,"quantity":1,"pnl":2.3100000000000023,"timestamp":1771319091724}
{"symbol":"DLF-EQ","action":"SELL","price":356.6,"quantity":1,"pnl":15.625,"timestamp":1771319091730}
{"symbol":"CANBK-EQ","action":"BUY","price":336.46,"quantity":1,"timestamp":1771319094742}
{"symbol":"GODREJCP-EQ","action":"BUY","price":1569.25,"quantity":1,"timestamp":1771319094747}
{"symbol":"VBL-EQ","action":"BUY","price":553.59,"quantity":1,"timestamp":1771319096757}
{"symbol":"MOTHERSON-EQ","action":"BUY","price":33.32,"quantity":1,"timestamp":1771319098780}
{"symbol":"VEDL-EQ","action":"BUY","price":238.36,"quantity":1,"timestamp":1771319101798}
{"symbol":"PIDILITIND-EQ","action":"BUY","price":674.61,"quantity":1,"timestamp":1771319101807}
{"symbol":"ICICIGI-EQ","action":"BUY","price":38.17,"quantity":1,"timestamp":1771319102805}
{"symbol":"ABB-EQ","action":"SELL","price":3172.97,"quantity":1,"pnl":-164.94875000000002,"timestamp":1771319103816}
{"symbol":"BRITANNIA-EQ","action":"SELL","price":8473.32,"quantity":1,"pnl":848.04,"timestamp":1771319105837}
{"symbol":"TORNTPHARM-EQ","action":"SELL","price":5588.54,"quantity":1,"pnl":-22.11999999999989,"timestamp":1771319105846}
{"symbol":"DLF-EQ","action":"SELL","price":377.03,"quantity":1,"pnl":36.05499999999995,"timestamp":1771319106850}
{"symbol":"HAL-EQ","action":"SELL","price":6439.87,"quantity":1,"pnl":-599.8550000000005,"timestamp":1771319107856}
{"symbol":"BAJAJHLDNG-EQ","action":"SELL","price":21197.59,"quantity":1,"pnl":-168.45000000000073,"timestamp":1771319108868}
{"symbol":"VBL-EQ","action":"SELL","price":592.02,"quantity":1,"pnl":21.779999999999973,"timestamp":1771319109872}
{"symbol":"CANBK-EQ","action":"SELL","price":357.72,"quantity":1,"pnl":21.260000000000048,"timestamp":1771319111889}
{"symbol":"PIDILITIND-EQ","action":"SELL","price":709.84,"quantity":1,"pnl":-81.5433333333333,"timestamp":1771319111897}
{"symbol":"ABB-EQ","action":"SELL","price":3356.17,"quantity":1,"pnl":18.25125000000071,"timestamp":1771319111906}
{"symbol":"CHOLAFIN-EQ","action":"BUY","price":535.64,"quantity":1,"timestamp":1771319112888}
{"symbol":"ENRIN-EQ","action":"BUY","price":1532.66,"quantity":1,"timestamp":1771319112899}
{"symbol":"BAJAJHFL-EQ","action":"BUY","price":412.78,"quantity":1,"timestamp":1771319112904}
{"symbol":"GODREJCP-EQ","action":"BUY","price":1482.6,"quantity":1,"timestamp":1771319113893}
{"symbol":"INDHOTEL-EQ","action":"BUY","price":1107.5,"quantity":1,"timestamp":1771319114895}
{"symbol":"BRITANNIA-EQ","action":"BUY","price":7948.67,"quantity":1,"timestamp":1771319115903}
{"symbol":"RECLTD-EQ","action":"BUY","price":524.28,"quantity":1,"timestamp":1771319115910}
{"symbol":"ICICIGI-EQ","action":"BUY","price":35.92,"quantity":1,"timestamp":1771319115914}
{"symbol":"HAVELLS-EQ","action":"BUY","price":1030.54,"quantity":1,"timestamp":1771319115919}
{"symbol":"BANKBARODA-EQ","action":"BUY","price":276.45,"quantity":1,"timestamp":1771319116909}
{"symbol":"HINDZINC-EQ","action":"BUY","price":145.31,"quantity":1,"timestamp":1771319116919}
{"symbol":"BAJAJHFL-EQ","action":"BUY","price":390.71,"quantity":1,"timestamp":1771319116926}
{"symbol":"TATAPOWER-EQ","action":"BUY","price":282.85,"quantity":1,"timestamp":1771319117915}
{"symbol":"JINDALSTEL-EQ","action":"BUY","price":829.95,"quantity":1,"timestamp":1771319117926}
{"symbol":"UNITDSPR-EQ","action":"BUY","price":1105.94,"quantity":1,"timestamp":1771319118931}
{"symbol":"IRFC-EQ","action":"BUY","price":37.25,"quantity":1,"timestamp":1771319118939}
{"symbol":"HYUNDAI-EQ","action":"BUY","price":17561.38,"quantity":1,"timestamp":1771319119936}
{"symbol":"BOSCHLTD-EQ","action":"BUY","price":13165.82,"quantity":1,"timestamp":1771319119941}
{"symbol":"ADANIPOWER-EQ","action":"BUY","price":94.97,"quantity":1,"timestamp":1771319120941}
{"symbol":"TORNTPHARM-EQ","action":"BUY","price":5237.56,"quantity":1,"timestamp":1771319120948}
{"symbol":"MOTHERSON-EQ","action":"BUY","price":31.39,"quantity":1,"timestamp":1771319121944}
{"symbol":"PFC-EQ","action":"BUY","price":209.76,"quantity":1,"timestamp":1771319122949}
{"symbol":"DIVISLAB-EQ","action":"BUY","price":5189.49,"quantity":1,"timestamp":1771319123957}
{"symbol":"TATAPOWER-EQ","action":"BUY","price":266.55,"quantity":1,"timestamp":1771319123965}
{"symbol":"ADANIPOWER-EQ","action":"BUY","price":89.91,"quantity":1,"timestamp":1771319123971}
{"symbol":"HAL-EQ","action":"SELL","price":7515.23,"quantity":1,"pnl":475.5049999999992,"timestamp":1771319125971}
{"symbol":"ICICIGI-EQ","action":"SELL","price":38.02,"quantity":1,"pnl":0.9750000000000014,"timestamp":1771319125980}
{"symbol":"AMBUJACEM-EQ","action":"SELL","price":240,"quantity":1,"pnl":-15.25,"timestamp":1771319128025}
{"symbol":"PFC-EQ","action":"SELL","price":222.14,"quantity":1,"pnl":12.379999999999995,"timestamp":1771319130041}
{"symbol":"NAUKRI-EQ","action":"SELL","price":454.76,"quantity":1,"pnl":-21.880000000000052,"timestamp":1771319130074}
{"symbol":"TATAPOWER-EQ","action":"SELL","price":280.51,"quantity":1,"pnl":-7.730000000000018,"timestamp":1771319132065}
{"symbol":"GAIL-EQ","action":"SELL","price":234.08,"quantity":1,"pnl":-1.9399999999999693,"timestamp":1771319132078}
{"symbol":"IRFC-EQ","action":"SELL","price":39.42,"quantity":1,"pnl":2.1700000000000017,"timestamp":1771319132135}
{"symbol":"ADANIGREEN-EQ","action":"BUY","price":510.26,"quantity":1,"timestamp":1771319135096}
{"symbol":"GODREJCP-EQ","action":"SELL","price":1569.12,"quantity":1,"pnl":43.194999999999936,"timestamp":1771319136111}
{"symbol":"CHOLAFIN-EQ","action":"SELL","price":601.62,"quantity":1,"pnl":65.98000000000002,"timestamp":1771319137115}
{"symbol":"INDHOTEL-EQ","action":"SELL","price":1229.46,"quantity":1,"pnl":102.77250000000004,"timestamp":1771319139131}
{"symbol":"LODHA-EQ","action":"SELL","price":425.83,"quantity":1,"pnl":-60.48000000000002,"timestamp":1771319139141}
{"symbol":"ADANIGREEN-EQ","action":"SELL","price":535.91,"quantity":1,"pnl":-5.040000000000077,"timestamp":1771319142153}
{"symbol":"SOLARINDS-EQ","action":"BUY","price":5074.47,"quantity":1,"timestamp":1771319143153}
{"symbol":"ENRIN-EQ","action":"BUY","price":1368.59,"quantity":1,"timestamp":1771319143167}
{"symbol":"GAIL-EQ","action":"BUY","price":221.19,"quantity":1,"timestamp":1771319144160}
{"symbol":"DMART-EQ","action":"BUY","price":12564.41,"quantity":1,"timestamp":1771319145171}
{"symbol":"SIEMENS-EQ","action":"BUY","price":962.14,"quantity":1,"timestamp":1771319145185}
{"symbol":"DIVISLAB-EQ","action":"BUY","price":4859.12,"quantity":1,"timestamp":1771319147175}
{"symbol":"ENRIN-EQ","action":"BUY","price":1299.91,"quantity":1,"timestamp":1771319147189}
{"symbol":"ADANIPOWER-EQ","action":"BUY","price":84.93,"quantity":1,"timestamp":1771319148181}
{"symbol":"ADANIENSOL-EQ","action":"BUY","price":433.28,"quantity":1,"timestamp":1771319148193}
{"symbol":"SHREECEM-EQ","action":"BUY","price":23947.83,"quantity":1,"timestamp":1771319149191}
{"symbol":"JSWENERGY-EQ","action":"BUY","price":862.2,"quantity":1,"timestamp":1771319149198}
{"symbol":"BAJAJHFL-EQ","action":"BUY","price":348.97,"quantity":1,"timestamp":1771319150198}
{"symbol":"ABB-EQ","action":"BUY","price":3176.15,"quantity":1,"timestamp":1771319151202}
{"symbol":"ICICIGI-EQ","action":"BUY","price":38.4,"quantity":1,"timestamp":1771319152205}
{"symbol":"GAIL-EQ","action":"BUY","price":208.96,"quantity":1,"timestamp":1771319152211}
{"symbol":"ADANIENSOL-EQ","action":"BUY","price":411.41,"quantity":1,"timestamp":1771319152221}
{"symbol":"INDHOTEL-EQ","action":"BUY","price":1226.8,"quantity":1,"timestamp":1771319153217}
{"symbol":"HAVELLS-EQ","action":"BUY","price":1022.86,"quantity":1,"timestamp":1771319153227}
{"symbol":"PIDILITIND-EQ","action":"BUY","price":717.39,"quantity":1,"timestamp":1771319154225}
{"symbol":"BOSCHLTD-EQ","action":"BUY","price":12330.7,"quantity":1,"timestamp":1771319154232}
{"symbol":"PFC-EQ","action":"BUY","price":199.88,"quantity":1,"timestamp":1771319156243}
{"symbol":"JINDALSTEL-EQ","action":"BUY","price":822.71,"quantity":1,"timestamp":1771319156254}
{"symbol":"SOLARINDS-EQ","action":"BUY","price":4794.4,"quantity":1,"timestamp":1771319156263}
{"symbol":"SIEMENS-EQ","action":"SELL","price":1011.09,"quantity":1,"pnl":-33.344999999999914,"timestamp":1771319157254}
{"symbol":"LICI-EQ","action":"SELL","price":362.07,"quantity":1,"pnl":-106.065,"timestamp":1771319157268}
{"symbol":"GAIL-EQ","action":"SELL","price":220.58,"quantity":1,"pnl":5.505000000000024,"timestamp":1771319158268}
{"symbol":"RECLTD-EQ","action":"SELL","price":590.19,"quantity":1,"pnl":65.91000000000008,"timestamp":1771319159271}
{"symbol":"TORNTPHARM-EQ","action":"SELL","price":5212.42,"quantity":1,"pnl":-273.8733333333339,"timestamp":1771319159286}
{"symbol":"BOSCHLTD-EQ","action":"SELL","price":13002.28,"quantity":1,"pnl":254.02000000000044,"timestamp":1771319160284}
{"symbol":"BPCL-EQ","action":"SELL","price":393.54,"quantity":1,"pnl":69.34500000000003,"timestamp":1771319161280}
{"symbol":"PFC-EQ","action":"SELL","price":212.94,"quantity":1,"pnl":13.060000000000002,"timestamp":1771319161288}
{"symbol":"JINDALSTEL-EQ","action":"SELL","price":865.65,"quantity":1,"pnl":36.053333333333285,"timestamp":1771319161298}
{"symbol":"TATAPOWER-EQ","action":"SELL","price":296.08,"quantity":1,"pnl":7.839999999999975,"timestamp":1771319162293}
{"symbol":"ICICIGI-EQ","action":"SELL","price":40.72,"quantity":1,"pnl":2.9975000000000023,"timestamp":1771319162303}
{"symbol":"HYUNDAI-EQ","action":"SELL","price":18642.39,"quantity":1,"pnl":1081.0099999999984,"timestamp":1771319162315}
{"symbol":"MOTHERSON-EQ","action":"SELL","price":33.45,"quantity":1,"pnl":1.0949999999999989,"timestamp":1771319163297}
{"symbol":"SHREECEM-EQ","action":"SELL","price":25609.28,"quantity":1,"pnl":1661.449999999997,"timestamp":1771319163304}
{"symbol":"AMBUJACEM-EQ","action":"BUY","price":215.32,"quantity":1,"timestamp":1771319164302}
{"symbol":"ENRIN-EQ","action":"BUY","price":1229.94,"quantity":1,"timestamp":1771319164309}
{"symbol":"TATAPOWER-EQ","action":"BUY","price":280.17,"quantity":1,"timestamp":1771319165299}
{"symbol":"HINDZINC-EQ","action":"BUY","price":135.75,"quantity":1,"timestamp":1771319166311}
{"symbol":"SIEMENS-EQ","action":"BUY","price":953.29,"quantity":1,"timestamp":1771319166319}
{"symbol":"PFC-EQ","action":"BUY","price":201.38,"quantity":1,"timestamp":1771319167318}
{"symbol":"ZYDUSLIFE-EQ","action":"BUY","price":1378.05,"quantity":1,"timestamp":1771319167330}
{"symbol":"HYUNDAI-EQ","action":"BUY","price":17699.98,"quantity":1,"timestamp":1771319168327}
{"symbol":"ABB-EQ","action":"BUY","price":3015.92,"quantity":1,"timestamp":1771319168334}
{"symbol":"ADANIENSOL-EQ","action":"BUY","price":368.37,"quantity":1,"timestamp":1771319169331}
{"symbol":"AMBUJACEM-EQ","action":"BUY","price":203.49,"quantity":1,"timestamp":1771319170341}
{"symbol":"ZYDUSLIFE-EQ","action":"BUY","price":1304.06,"quantity":1,"timestamp":1771319170354}
{"symbol":"ENRIN-EQ","action":"BUY","price":1166,"quantity":1,"timestamp":1771319170361}
{"symbol":"PFC-EQ","action":"BUY","price":190.56,"quantity":1,"timestamp":1771319172339}
{"symbol":"JSWENERGY-EQ","action":"BUY","price":765.95,"quantity":1,"timestamp":1771319174356}
{"symbol":"CANBK-EQ","action":"BUY","price":397.74,"quantity":1,"timestamp":1771319175371}
{"symbol":"HAVELLS-EQ","action":"BUY","price":897.39,"quantity":1,"timestamp":1771319175382}
{"symbol":"DMART-EQ","action":"BUY","price":11185.05,"quantity":1,"timestamp":1771319177386}
{"symbol":"MOTHERSON-EQ","action":"BUY","price":31.36,"quantity":1,"timestamp":1771319177400}
{"symbol":"JINDALSTEL-EQ","action":"BUY","price":862.59,"quantity":1,"timestamp":1771319179387}
{"symbol":"ADANIPOWER-EQ","action":"BUY","price":85.02,"quantity":1,"timestamp":1771319180388}
{"symbol":"PFC-EQ","action":"BUY","price":191.15,"quantity":1,"timestamp":1771319180396}
{"symbol":"TORNTPHARM-EQ","action":"BUY","price":4901.27,"quantity":1,"timestamp":1771319180403}
{"symbol":"HAVELLS-EQ","action":"BUY","price":841.52,"quantity":1,"timestamp":1771319180410}
{"symbol":"HAL-EQ","action":"BUY","price":8358.12,"quantity":1,"timestamp":1771319183401}
{"symbol":"CHOLAFIN-EQ","action":"BUY","price":593.4,"quantity":1,"timestamp":1771319183418}
{"symbol":"BPCL-EQ","action":"BUY","price":388.53,"quantity":1,"timestamp":1771319183425}
{"symbol":"GODREJCP-EQ","action":"BUY","price":1658.83,"quantity":1,"timestamp":1771319184406}
{"symbol":"SHREECEM-EQ","action":"BUY","price":24025.85,"quantity":1,"timestamp":1771319185414}
{"symbol":"BAJAJHFL-EQ","action":"BUY","price":350.07,"quantity":1,"timestamp":1771319185423}
{"symbol":"AMBUJACEM-EQ","action":"BUY","price":192.79,"quantity":1,"timestamp":1771319188526}
{"symbol":"ENRIN-EQ","action":"BUY","price":1156.4,"quantity":1,"timestamp":1771319188587}
{"symbol":"GAIL-EQ","action":"SELL","price":265.31,"quantity":1,"pnl":50.235000000000014,"timestamp":1771319189453}
{"symbol":"BPCL-EQ","action":"SELL","price":407.97,"quantity":1,"pnl":51.60750000000007,"timestamp":1771319190454}
{"symbol":"SHREECEM-EQ","action":"SELL","price":25731.82,"quantity":1,"pnl":1705.9700000000012,"timestamp":1771319190509}
{"symbol":"SOLARINDS-EQ","action":"SELL","price":4764.12,"quantity":1,"pnl":-170.3149999999996,"timestamp":1771319190534}
{"symbol":"JINDALSTEL-EQ","action":"SELL","price":960.37,"quantity":1,"pnl":119.77555555555557,"timestamp":1771319191527}
{"symbol":"LICI-EQ","action":"SELL","price":387.14,"quantity":1,"pnl":-80.995,"timestamp":1771319194498}
{"symbol":"INDHOTEL-EQ","action":"SELL","price":1445.97,"quantity":1,"pnl":269.22624999999994,"timestamp":1771319195495}
{"symbol":"NAUKRI-EQ","action":"BUY","price":484.2,"quantity":1,"timestamp":1771319196500}
{"symbol":"RECLTD-EQ","action":"BUY","price":629.6,"quantity":1,"timestamp":1771319196515}
{"symbol":"JSWENERGY-EQ","action":"BUY","price":724.9,"quantity":1,"timestamp":1771319196524}
{"symbol":"MAZDOCK-EQ","action":"BUY","price":882.29,"quantity":1,"timestamp":1771319197513}
{"symbol":"PIDILITIND-EQ","action":"BUY","price":749.16,"quantity":1,"timestamp":1771319198508}
{"symbol":"GAIL-EQ","action":"BUY","price":248.03,"quantity":1,"timestamp":1771319198520}
{"symbol":"TORNTPHARM-EQ","action":"BUY","price":4623.08,"quantity":1,"timestamp":1771319201538}
{"symbol":"ZYDUSLIFE-EQ","action":"BUY","price":1274.78,"quantity":1,"timestamp":1771319201545}
{"symbol":"IRFC-EQ","action":"BUY","price":39.54,"quantity":1,"timestamp":1771319201551}
{"symbol":"CANBK-EQ","action":"SELL","price":397.04,"quantity":1,"pnl":-0.6999999999999886,"timestamp":1771319202535}
{"symbol":"ADANIGREEN-EQ","action":"SELL","price":594.75,"quantity":1,"pnl":53.799999999999955,"timestamp":1771319202551}
{"symbol":"DIVISLAB-EQ","action":"SELL","price":5429.18,"quantity":1,"pnl":404.875,"timestamp":1771319203547}
{"symbol":"TATAPOWER-EQ","action":"SELL","price":300.98,"quantity":1,"pnl":16.774999999999977,"timestamp":1771319204563}
{"symbol":"ADANIPOWER-EQ","action":"SELL","price":94.88,"quantity":1,"pnl":2.6979999999999933,"timestamp":1771319204571}
{"symbol":"HAVELLS-EQ","action":"SELL","price":885.54,"quantity":1,"pnl":-62.53750000000002,"timestamp":1771319204580}
{"symbol":"ADANIENSOL-EQ","action":"SELL","price":387.22,"quantity":1,"pnl":-24.142499999999927,"timestamp":1771319204585}
{"symbol":"GAIL-EQ","action":"SELL","price":265.96,"quantity":1,"pnl":17.92999999999998,"timestamp":1771319207587}
{"symbol":"ENRIN-EQ","action":"SELL","price":1216.4,"quantity":1,"pnl":-75.84999999999991,"timestamp":1771319207596}
{"symbol":"HAVELLS-EQ","action":"SELL","price":942.59,"quantity":1,"pnl":-5.4874999999999545,"timestamp":1771319209606}
{"symbol":"AMBUJACEM-EQ","action":"SELL","price":215.01,"quantity":1,"pnl":11.143333333333317,"timestamp":1771319209611}
{"symbol":"DLF-EQ","action":"BUY","price":465.65,"quantity":1,"timestamp":1771319211614}
{"symbol":"MAZDOCK-EQ","action":"BUY","price":785.33,"quantity":1,"timestamp":1771319211623}
{"symbol":"RECLTD-EQ","action":"BUY","price":636.47,"quantity":1,"timestamp":1771319212608}
{"symbol":"BAJAJHLDNG-EQ","action":"BUY","price":22399.95,"quantity":1,"timestamp":1771319213620}
{"symbol":"SHREECEM-EQ","action":"BUY","price":25206.19,"quantity":1,"timestamp":1771319213628}
{"symbol":"ADANIENSOL-EQ","action":"SELL","price":388.56,"quantity":1,"pnl":-22.802499999999952,"timestamp":1771319215655}
{"symbol":"HINDZINC-EQ","action":"SELL","price":167.12,"quantity":1,"pnl":-1.2683333333333167,"timestamp":1771319215662}
{"symbol":"ADANIPOWER-EQ","action":"SELL","price":99.91,"quantity":1,"pnl":7.727999999999994,"timestamp":1771319216653}
{"symbol":"PFC-EQ","action":"SELL","price":203.62,"quantity":1,"pnl":9.25666666666666,"timestamp":1771319216659}
{"symbol":"INDHOTEL-EQ","action":"BUY","price":1356.88,"quantity":1,"timestamp":1771319217663}
{"symbol":"JSWENERGY-EQ","action":"BUY","price":679.89,"quantity":1,"timestamp":1771319218679}
{"symbol":"LTIM-EQ","action":"BUY","price":6949.98,"quantity":1,"timestamp":1771319219680}
{"symbol":"SOLARINDS-EQ","action":"BUY","price":4196.03,"quantity":1,"timestamp":1771319219692}
{"symbol":"VEDL-EQ","action":"BUY","price":239.97,"quantity":1,"timestamp":1771319220678}
{"symbol":"ABB-EQ","action":"BUY","price":2795.63,"quantity":1,"timestamp":1771319221690}
{"symbol":"TATAPOWER-EQ","action":"BUY","price":302.95,"quantity":1,"timestamp":1771319223715}
{"symbol":"GODREJCP-EQ","action":"BUY","price":1558.78,"quantity":1,"timestamp":1771319223722}
{"symbol":"PNB-EQ","action":"BUY","price":143.44,"quantity":1,"timestamp":1771319223727}
{"symbol":"UNITDSPR-EQ","action":"BUY","price":1039.9,"quantity":1,"timestamp":1771319225732}
{"symbol":"NAUKRI-EQ","action":"BUY","price":454.59,"quantity":1,"timestamp":1771319226739}
{"symbol":"CGPOWER-EQ","action":"BUY","price":1148.66,"quantity":1,"timestamp":1771319227751}
{"symbol":"IRFC-EQ","action":"BUY","price":37.47,"quantity":1,"timestamp":1771319229770}
{"symbol":"LICI-EQ","action":"BUY","price":406.98,"quantity":1,"timestamp":1771319229774}
{"symbol":"DLF-EQ","action":"BUY","price":441.51,"quantity":1,"timestamp":1771319230775}
{"symbol":"ICICIGI-EQ","action":"BUY","price":51.66,"quantity":1,"timestamp":1771319231780}
{"symbol":"BRITANNIA-EQ","action":"BUY","price":7846.21,"quantity":1,"timestamp":1771319232782}
{"symbol":"BPCL-EQ","action":"BUY","price":477.6,"quantity":1,"timestamp":1771319232788}
{"symbol":"TVSMOTOR-EQ","action":"BUY","price":2498.52,"quantity":1,"timestamp":1771319234802}
{"symbol":"TATAPOWER-EQ","action":"BUY","price":286.24,"quantity":1,"timestamp":1771319234810}
{"symbol":"LTIM-EQ","action":"BUY","price":6539.12,"quantity":1,"timestamp":1771319234814}
{"symbol":"BAJAJHFL-EQ","action":"BUY","price":332.09,"quantity":1,"timestamp":1771319234824}
{"symbol":"BAJAJHLDNG-EQ","action":"BUY","price":21936.39,"quantity":1,"timestamp":1771319236823}
{"symbol":"INDHOTEL-EQ","action":"BUY","price":1286.18,"quantity":1,"timestamp":1771319237823}
{"symbol":"ADANIENSOL-EQ","action":"BUY","price":394.06,"quantity":1,"timestamp":1771319237834}
{"symbol":"LODHA-EQ","action":"BUY","price":520.15,"quantity":1,"timestamp":1771319237838}
{"symbol":"HAL-EQ","action":"BUY","price":8296.71,"quantity":1,"timestamp":1771319238835}
{"symbol":"CHOLAFIN-EQ","action":"BUY","price":586.76,"quantity":1,"timestamp":1771319238841}
{"symbol":"IOC-EQ","action":"BUY","price":577.43,"quantity":1,"timestamp":1771319238846}
{"symbol":"GODREJCP-EQ","action":"BUY","price":1475.56,"quantity":1,"timestamp":1771319238851}
{"symbol":"PNB-EQ","action":"BUY","price":135.54,"quantity":1,"timestamp":1771319238856}
{"symbol":"DLF-EQ","action":"SELL","price":472.02,"quantity":1,"pnl":18.439999999999998,"timestamp":1771319239853}
{"symbol":"CGPOWER-EQ","action":"SELL","price":1231.24,"quantity":1,"pnl":82.57999999999993,"timestamp":1771319239857}
{"symbol":"ZYDUSLIFE-EQ","action":"SELL","price":1194.5,"quantity":1,"pnl":-124.46333333333314,"timestamp":1771319239864}
{"symbol":"BOSCHLTD-EQ","action":"SELL","price":13609.92,"quantity":1,"pnl":861.6599999999999,"timestamp":1771319240861}
{"symbol":"HAVELLS-EQ","action":"SELL","price":988.95,"quantity":1,"pnl":40.872499999999945,"timestamp":1771319241869}
{"symbol":"SOLARINDS-EQ","action":"SELL","price":4962.53,"quantity":1,"pnl":397.2974999999997,"timestamp":1771319241878}
{"symbol":"LODHA-EQ","action":"BUY","price":492.24,"quantity":1,"timestamp":1771319244900}
{"symbol":"BRITANNIA-EQ","action":"SELL","price":7755.62,"quantity":1,"pnl":-141.82000000000062,"timestamp":1771319246915}
{"symbol":"MOTHERSON-EQ","action":"SELL","price":31.15,"quantity":1,"pnl":-0.7075000000000031,"timestamp":1771319246924}
{"symbol":"VBL-EQ","action":"SELL","price":656.5,"quantity":1,"pnl":86.25999999999999,"timestamp":1771319247918}
{"symbol":"LODHA-EQ","action":"SELL","price":519.04,"quantity":1,"pnl":12.84499999999997,"timestamp":1771319247930}
{"symbol":"IRFC-EQ","action":"SELL","price":39.37,"quantity":1,"pnl":0.865000000000002,"timestamp":1771319250942}
{"symbol":"DIVISLAB-EQ","action":"SELL","price":7305.06,"quantity":1,"pnl":2280.755,"timestamp":1771319252961}
{"symbol":"ABB-EQ","action":"BUY","price":2632.63,"quantity":1,"timestamp":1771319254978}
{"symbol":"RECLTD-EQ","action":"BUY","price":540.45,"quantity":1,"timestamp":1771319255980}
{"symbol":"ZYDUSLIFE-EQ","action":"BUY","price":1128.6,"quantity":1,"timestamp":1771319255988}
{"symbol":"BRITANNIA-EQ","action":"BUY","price":7301.67,"quantity":1,"timestamp":1771319256978}
{"symbol":"SHREECEM-EQ","action":"BUY","price":25675.16,"quantity":1,"timestamp":1771319256987}
{"symbol":"VBL-EQ","action":"BUY","price":622.69,"quantity":1,"timestamp":1771319257988}
{"symbol":"HYUNDAI-EQ","action":"BUY","price":18701.38,"quantity":1,"timestamp":1771319257999}
{"symbol":"BOSCHLTD-EQ","action":"BUY","price":13472.34,"quantity":1,"timestamp":1771319258003}
{"symbol":"ADANIGREEN-EQ","action":"BUY","price":591.92,"quantity":1,"timestamp":1771319258007}
{"symbol":"BAJAJHFL-EQ","action":"BUY","price":315.46,"quantity":1,"timestamp":1771319258013}
{"symbol":"DMART-EQ","action":"BUY","price":9765.7,"quantity":1,"timestamp":1771319258996}
{"symbol":"TVSMOTOR-EQ","action":"BUY","price":2216.87,"quantity":1,"timestamp":1771319259997}
{"symbol":"VBL-EQ","action":"BUY","price":584.14,"quantity":1,"timestamp":1771319261004}
{"symbol":"LICI-EQ","action":"BUY","price":406.48,"quantity":1,"timestamp":1771319261018}
{"symbol":"NAUKRI-EQ","action":"BUY","price":454.95,"quantity":1,"timestamp":1771319262012}
{"symbol":"ICICIGI-EQ","action":"BUY","price":48.04,"quantity":1,"timestamp":1771319262020}
{"symbol":"GAIL-EQ","action":"BUY","price":275.71,"quantity":1,"timestamp":1771319262024}
{"symbol":"DMART-EQ","action":"BUY","price":9240.29,"quantity":1,"timestamp":1771319263018}
{"symbol":"VEDL-EQ","action":"BUY","price":237.97,"quantity":1,"timestamp":1771319264019}
{"symbol":"VBL-EQ","action":"BUY","price":554.44,"quantity":1,"timestamp":1771319264026}
{"symbol":"LTIM-EQ","action":"BUY","price":6592.93,"quantity":1,"timestamp":1771319264032}
{"symbol":"HYUNDAI-EQ","action":"BUY","price":17663.47,"quantity":1,"timestamp":1771319264040}
{"symbol":"ZYDUSLIFE-EQ","action":"BUY","price":1066.74,"quantity":1,"timestamp":1771319264045}
{"symbol":"INDHOTEL-EQ","action":"BUY","price":1283.95,"quantity":1,"timestamp":1771319266030}
{"symbol":"BANKBARODA-EQ","action":"BUY","price":233.59,"quantity":1,"timestamp":1771319267036}
{"symbol":"AMBUJACEM-EQ","action":"BUY","price":213.89,"quantity":1,"timestamp":1771319268074}
{"symbol":"DIVISLAB-EQ","action":"BUY","price":6887.67,"quantity":1,"timestamp":1771319269072}
{"symbol":"PIDILITIND-EQ","action":"BUY","price":795.22,"quantity":1,"timestamp":1771319269084}
{"symbol":"CGPOWER-EQ","action":"BUY","price":1165.82,"quantity":1,"timestamp":1771319269091}
{"symbol":"HAVELLS-EQ","action":"BUY","price":995.11,"quantity":1,"timestamp":1771319269097}
{"symbol":"ADANIENSOL-EQ","action":"SELL","price":388.87,"quantity":1,"pnl":-16.724999999999966,"timestamp":1771319270082}
{"symbol":"CHOLAFIN-EQ","action":"SELL","price":659.75,"quantity":1,"pnl":69.67000000000007,"timestamp":1771319271083}
{"symbol":"HYUNDAI-EQ","action":"SELL","price":18726.76,"quantity":1,"pnl":705.1499999999978,"timestamp":1771319272117}
{"symbol":"DIVISLAB-EQ","action":"SELL","price":7271.52,"quantity":1,"pnl":383.85000000000036,"timestamp":1771319273109}
{"symbol":"PIDILITIND-EQ","action":"SELL","price":835.99,"quantity":1,"pnl":67.08266666666668,"timestamp":1771319275125}
{"symbol":"BPCL-EQ","action":"BUY","price":505.02,"quantity":1,"timestamp":1771319277139}
{"symbol":"TATAPOWER-EQ","action":"BUY","price":265.03,"quantity":1,"timestamp":1771319278153}
{"symbol":"JSWENERGY-EQ","action":"BUY","price":598.2,"quantity":1,"timestamp":1771319278166}
{"symbol":"TORNTPHARM-EQ","action":"BUY","price":4353.83,"quantity":1,"timestamp":1771319279168}
{"symbol":"AMBUJACEM-EQ","action":"BUY","price":203.02,"quantity":1,"timestamp":1771319279183}
{"symbol":"LICI-EQ","action":"BUY","price":386.02,"quantity":1,"timestamp":1771319279193}
{"symbol":"ABB-EQ","action":"BUY","price":2630.53,"quantity":1,"timestamp":1771319280211}
{"symbol":"RECLTD-EQ","action":"BUY","price":510.21,"quantity":1,"timestamp":1771319281190}
{"symbol":"IOC-EQ","action":"BUY","price":514.16,"quantity":1,"timestamp":1771319282199}
{"symbol":"PIDILITIND-EQ","action":"BUY","price":790.55,"quantity":1,"timestamp":1771319282244}
{"symbol":"HAVELLS-EQ","action":"BUY","price":933.86,"quantity":1,"timestamp":1771319282252}
{"symbol":"DMART-EQ","action":"BUY","price":8208,"quantity":1,"timestamp":1771319283205}
{"symbol":"LODHA-EQ","action":"BUY","price":518.54,"quantity":1,"timestamp":1771319283225}
{"symbol":"PFC-EQ","action":"BUY","price":212.51,"quantity":1,"timestamp":1771319284218}
{"symbol":"IRFC-EQ","action":"BUY","price":37.36,"quantity":1,"timestamp":1771319284245}
{"symbol":"IOC-EQ","action":"BUY","price":481.87,"quantity":1,"timestamp":1771319285232}
{"symbol":"DLF-EQ","action":"BUY","price":446.88,"quantity":1,"timestamp":1771319285259}
{"symbol":"HYUNDAI-EQ","action":"BUY","price":17623.53,"quantity":1,"timestamp":1771319286254}
{"symbol":"ADANIENSOL-EQ","action":"BUY","price":366.03,"quantity":1,"timestamp":1771319286259}
{"symbol":"ADANIGREEN-EQ","action":"BUY","price":619.62,"quantity":1,"timestamp":1771319288270}
{"symbol":"ABB-EQ","action":"BUY","price":2491.01,"quantity":1,"timestamp":1771319288274}
{"symbol":"ENRIN-EQ","action":"BUY","price":1255.27,"quantity":1,"timestamp":1771319288279}
{"symbol":"LICI-EQ","action":"BUY","price":361.73,"quantity":1,"timestamp":1771319288282}
{"symbol":"INDHOTEL-EQ","action":"BUY","price":1214.92,"quantity":1,"timestamp":1771319290274}
{"symbol":"BAJAJHFL-EQ","action":"BUY","price":312.06,"quantity":1,"timestamp":1771319291288}
{"symbol":"PNB-EQ","action":"SELL","price":152.47,"quantity":1,"pnl":12.97999999999999,"timestamp":1771319292295}
{"symbol":"JSWENERGY-EQ","action":"SELL","price":637.4,"quantity":1,"pnl":-88.82800000000009,"timestamp":1771319292304}
{"symbol":"ADANIPOWER-EQ","action":"BUY","price":107.06,"quantity":1,"timestamp":1771319294307}
{"symbol":"IOC-EQ","action":"BUY","price":482.25,"quantity":1,"timestamp":1771319295311}
{"symbol":"BAJAJHFL-EQ","action":"BUY","price":294.56,"quantity":1,"timestamp":1771319296332}
{"symbol":"VEDL-EQ","action":"BUY","price":225.75,"quantity":1,"timestamp":1771319297327}
{"symbol":"BANKBARODA-EQ","action":"BUY","price":218.91,"quantity":1,"timestamp":1771319297336}
{"symbol":"PIDILITIND-EQ","action":"BUY","price":749.09,"quantity":1,"timestamp":1771319299349}
{"symbol":"CGPOWER-EQ","action":"BUY","price":1089.74,"quantity":1,"timestamp":1771319299355}
{"symbol":"SOLARINDS-EQ","action":"BUY","price":4400.31,"quantity":1,"timestamp":1771319299361}
{"symbol":"CHOLAFIN-EQ","action":"BUY","price":624.48,"quantity":1,"timestamp":1771319300351}
{"symbol":"ADANIPOWER-EQ","action":"BUY","price":101.55,"quantity":1,"timestamp":1771319300360}
{"symbol":"JINDALSTEL-EQ","action":"BUY","price":997.69,"quantity":1,"timestamp":1771319300368}
{"symbol":"ABB-EQ","action":"BUY","price":2329.64,"quantity":1,"timestamp":1771319300374}
{"symbol":"BPCL-EQ","action":"BUY","price":471.76,"quantity":1,"timestamp":1771319301353}
{"symbol":"INDHOTEL-EQ","action":"SELL","price":1356.02,"quantity":1,"pnl":92.2852499999999,"timestamp":1771319305371}
{"symbol":"PIDILITIND-EQ","action":"SELL","price":796.99,"quantity":1,"pnl":27.778444444444403,"timestamp":1771319305383}
{"symbol":"ADANIENSOL-EQ","action":"SELL","price":385.19,"quantity":1,"pnl":-7.216666666666583,"timestamp":1771319305390}
{"symbol":"VEDL-EQ","action":"SELL","price":241.35,"quantity":1,"pnl":2.673999999999978,"timestamp":1771319306376}
{"symbol":"ZYDUSLIFE-EQ","action":"SELL","price":1192.99,"quantity":1,"pnl":-15.326666666666597,"timestamp":1771319306398}
{"symbol":"ENRIN-EQ","action":"SELL","price":1406.29,"quantity":1,"pnl":120.20333333333315,"timestamp":1771319306406}
{"symbol":"AMBUJACEM-EQ","action":"SELL","price":215,"quantity":1,"pnl":8.83916666666667,"timestamp":1771319307387}
{"symbol":"ADANIGREEN-EQ","action":"SELL","price":614.21,"quantity":1,"pnl":8.440000000000055,"timestamp":1771319307395}
{"symbol":"BPCL-EQ","action":"SELL","price":496.71,"quantity":1,"pnl":44.024374999999964,"timestamp":1771319309399}
{"symbol":"ABB-EQ","action":"SELL","price":2450.06,"quantity":1,"pnl":-410.7563888888885,"timestamp":1771319309446}
{"symbol":"ZYDUSLIFE-EQ","action":"SELL","price":1254.65,"quantity":1,"pnl":46.333333333333485,"timestamp":1771319309455}
{"symbol":"CGPOWER-EQ","action":"BUY","price":966.73,"quantity":1,"timestamp":1771319310421}
{"symbol":"DMART-EQ","action":"BUY","price":7784.07,"quantity":1,"timestamp":1771319311421}
{"symbol":"NAUKRI-EQ","action":"BUY","price":428.49,"quantity":1,"timestamp":1771319311432}
{"symbol":"ICICIGI-EQ","action":"BUY","price":48,"quantity":1,"timestamp":1771319311437}
{"symbol":"SHREECEM-EQ","action":"BUY","price":30439.96,"quantity":1,"timestamp":1771319311444}
{"symbol":"LICI-EQ","action":"BUY","price":363.4,"quantity":1,"timestamp":1771319311454}
{"symbol":"BOSCHLTD-EQ","action":"SELL","price":13484.15,"quantity":1,"pnl":11.80999999999949,"timestamp":1771319312439}
{"symbol":"TORNTPHARM-EQ","action":"SELL","price":4592.86,"quantity":1,"pnl":-377.293333333334,"timestamp":1771319313446}
{"symbol":"JSWENERGY-EQ","action":"SELL","price":679.25,"quantity":1,"pnl":-46.978000000000065,"timestamp":1771319313462}
{"symbol":"UNITDSPR-EQ","action":"SELL","price":1222.38,"quantity":1,"pnl":149.46000000000004,"timestamp":1771319314496}
{"symbol":"NAUKRI-EQ","action":"BUY","price":407.03,"quantity":1,"timestamp":1771319315475}
{"symbol":"GODREJCP-EQ","action":"BUY","price":1466,"quantity":1,"timestamp":1771319315481}
{"symbol":"HYUNDAI-EQ","action":"BUY","price":15656.99,"quantity":1,"timestamp":1771319315491}
{"symbol":"BAJAJHFL-EQ","action":"BUY","price":293.14,"quantity":1,"timestamp":1771319315498}
{"symbol":"BPCL-EQ","action":"BUY","price":468.57,"quantity":1,"timestamp":1771319316486}
{"symbol":"DMART-EQ","action":"SELL","price":8193.22,"quantity":1,"pnl":-1598.0333333333347,"timestamp":1771319319514}
{"symbol":"BAJAJHLDNG-EQ","action":"SELL","price":24665.09,"quantity":1,"pnl":2496.920000000002,"timestamp":1771319319525}
{"symbol":"HAVELLS-EQ","action":"SELL","price":981.44,"quantity":1,"pnl":22.42416666666668,"timestamp":1771319319534}
{"symbol":"SIEMENS-EQ","action":"SELL","price":1404.85,"quantity":1,"pnl":405.98749999999995,"timestamp":1771319319542}
{"symbol":"TVSMOTOR-EQ","action":"SELL","price":2367.79,"quantity":1,"pnl":10.095000000000255,"timestamp":1771319320513}
{"symbol":"LICI-EQ","action":"SELL","price":382.37,"quantity":1,"pnl":-2.552000000000021,"timestamp":1771319320532}
{"symbol":"BANKBARODA-EQ","action":"SELL","price":235.2,"quantity":1,"pnl":-19.897500000000008,"timestamp":1771319322539}
{"symbol":"ADANIPOWER-EQ","action":"BUY","price":90.49,"quantity":1,"timestamp":1771319324552}
{"symbol":"MOTHERSON-EQ","action":"BUY","price":34.85,"quantity":1,"timestamp":1771319324558}
{"symbol":"SIEMENS-EQ","action":"BUY","price":1329.8,"quantity":1,"timestamp":1771319324567}
{"symbol":"DMART-EQ","action":"BUY","price":7627.42,"quantity":1,"timestamp":1771319328562}
{"symbol":"UNITDSPR-EQ","action":"BUY","price":1145.34,"quantity":1,"timestamp":1771319328571}
{"symbol":"ADANIGREEN-EQ","action":"BUY","price":579.7,"quantity":1,"timestamp":1771319328577}
{"symbol":"VBL-EQ","action":"BUY","price":579.69,"quantity":1,"timestamp":1771319329573}
{"symbol":"BAJAJHFL-EQ","action":"BUY","price":272.36,"quantity":1,"timestamp":1771319329590}
{"symbol":"CANBK-EQ","action":"BUY","price":492.75,"quantity":1,"timestamp":1771319330589}
{"symbol":"PIDILITIND-EQ","action":"BUY","price":793.5,"quantity":1,"timestamp":1771319330596}
{"symbol":"PNB-EQ","action":"BUY","price":172.53,"quantity":1,"timestamp":1771319330604}
{"symbol":"LODHA-EQ","action":"BUY","price":461.29,"quantity":1,"timestamp":1771319330613}
{"symbol":"VEDL-EQ","action":"BUY","price":236.17,"quantity":1,"timestamp":1771319331591}
{"symbol":"INDHOTEL-EQ","action":"BUY","price":1288.9,"quantity":1,"timestamp":1771319332606}
{"symbol":"NAUKRI-EQ","action":"BUY","price":382.86,"quantity":1,"timestamp":1771319332613}
{"symbol":"DMART-EQ","action":"SELL","price":8154.13,"quantity":1,"pnl":-1276.4844444444452,"timestamp":1771319334626}
{"symbol":"GODREJCP-EQ","action":"SELL","price":1637.23,"quantity":1,"pnl":100.21100000000024,"timestamp":1771319334635}
{"symbol":"HAVELLS-EQ","action":"SELL","price":1089.1,"quantity":1,"pnl":130.08416666666653,"timestamp":1771319334642}
{"symbol":"SHREECEM-EQ","action":"SELL","price":32096.14,"quantity":1,"pnl":4989.036666666667,"timestamp":1771319336640}
{"symbol":"HINDZINC-EQ","action":"BUY","price":167.54,"quantity":1,"timestamp":1771319337652}
{"symbol":"CANBK-EQ","action":"BUY","price":494.44,"quantity":1,"timestamp":1771319338655}
{"symbol":"BRITANNIA-EQ","action":"BUY","price":7290.87,"quantity":1,"timestamp":1771319339665}
{"symbol":"ADANIPOWER-EQ","action":"BUY","price":85.85,"quantity":1,"timestamp":1771319339673}
{"symbol":"DMART-EQ","action":"BUY","price":7653.95,"quantity":1,"timestamp":1771319340671}
{"symbol":"DLF-EQ","action":"BUY","price":414.04,"quantity":1,"timestamp":1771319340682}
{"symbol":"CANBK-EQ","action":"SELL","price":521.25,"quantity":1,"pnl":27.654999999999973,"timestamp":1771319341675}
{"symbol":"IRFC-EQ","action":"SELL","price":37.28,"quantity":1,"pnl":-0.6524999999999963,"timestamp":1771319341689}
{"symbol":"HYUNDAI-EQ","action":"SELL","price":14704.27,"quantity":1,"pnl":-2626.665000000001,"timestamp":1771319342681}
{"symbol":"NAUKRI-EQ","action":"SELL","price":406.07,"quantity":1,"pnl":-39.60500000000002,"timestamp":1771319343689}
{"symbol":"ADANIPOWER-EQ","action":"SELL","price":90.88,"quantity":1,"pnl":-3.619428571428571,"timestamp":1771319346703}
{"symbol":"HYUNDAI-EQ","action":"SELL","price":15594.35,"quantity":1,"pnl":-1736.585000000001,"timestamp":1771319346716}
{"symbol":"TVSMOTOR-EQ","action":"SELL","price":2744.19,"quantity":1,"pnl":386.49500000000035,"timestamp":1771319347718}
{"symbol":"BPCL-EQ","action":"SELL","price":495.05,"quantity":1,"pnl":38.39328125000003,"timestamp":1771319347724}
{"symbol":"JSWENERGY-EQ","action":"SELL","price":729.91,"quantity":1,"pnl":3.6819999999999027,"timestamp":1771319348736}
{"symbol":"IRFC-EQ","action":"SELL","price":39.78,"quantity":1,"pnl":1.8475000000000037,"timestamp":1771319348744}
{"symbol":"ENRIN-EQ","action":"SELL","price":1487.04,"quantity":1,"pnl":200.95333333333338,"timestamp":1771319349745}
{"symbol":"GAIL-EQ","action":"SELL","price":334.31,"quantity":1,"pnl":58.60000000000002,"timestamp":1771319351760}
{"symbol":"SIEMENS-EQ","action":"SELL","price":1475.77,"quantity":1,"pnl":311.43875,"timestamp":1771319351770}
{"symbol":"VEDL-EQ","action":"SELL","price":234.62,"quantity":1,"pnl":-3.5548,"timestamp":1771319353760}
{"symbol":"HAL-EQ","action":"BUY","price":9727.95,"quantity":1,"timestamp":1771319357800}
{"symbol":"AMBUJACEM-EQ","action":"BUY","price":168.65,"quantity":1,"timestamp":1771319357813}
{"symbol":"GODREJCP-EQ","action":"BUY","price":1554.48,"quantity":1,"timestamp":1771319358814}
{"symbol":"PNB-EQ","action":"BUY","price":171.71,"quantity":1,"timestamp":1771319358823}
{"symbol":"HAVELLS-EQ","action":"BUY","price":1021.03,"quantity":1,"timestamp":1771319358828}
{"symbol":"IOC-EQ","action":"BUY","price":479.21,"quantity":1,"timestamp":1771319359825}
{"symbol":"LICI-EQ","action":"BUY","price":321.64,"quantity":1,"timestamp":1771319360844}
{"symbol":"BAJAJHFL-EQ","action":"BUY","price":258.28,"quantity":1,"timestamp":1771319360850}
{"symbol":"BOSCHLTD-EQ","action":"BUY","price":13639.75,"quantity":1,"timestamp":1771319361844}
{"symbol":"ICICIGI-EQ","action":"BUY","price":45.06,"quantity":1,"timestamp":1771319362848}
{"symbol":"CGPOWER-EQ","action":"BUY","price":858.95,"quantity":1,"timestamp":1771319362856}
{"symbol":"HAVELLS-EQ","action":"BUY","price":960.28,"quantity":1,"timestamp":1771319362861}
{"symbol":"ZYDUSLIFE-EQ","action":"SELL","price":1494.25,"quantity":1,"pnl":285.9333333333334,"timestamp":1771319363861}
{"symbol":"LTIM-EQ","action":"SELL","price":7415.06,"quantity":1,"pnl":721.0500000000011,"timestamp":1771319364865}
{"symbol":"PFC-EQ","action":"SELL","price":201.75,"quantity":1,"pnl":1.3377777777777737,"timestamp":1771319364870}
{"symbol":"HINDZINC-EQ","action":"SELL","price":176.24,"quantity":1,"pnl":7.993055555555571,"timestamp":1771319364912}
{"symbol":"ADANIGREEN-EQ","action":"SELL","price":646.34,"quantity":1,"pnl":53.60500000000002,"timestamp":1771319365886}
{"symbol":"JSWENERGY-EQ","action":"SELL","price":825.83,"quantity":1,"pnl":99.60199999999998,"timestamp":1771319366893}
{"symbol":"LTIM-EQ","action":"SELL","price":7831.29,"quantity":1,"pnl":1137.2799999999997,"timestamp":1771319367896}
{"symbol":"PNB-EQ","action":"SELL","price":181.27,"quantity":1,"pnl":20.02666666666667,"timestamp":1771319367905}
{"symbol":"BAJAJHFL-EQ","action":"SELL","price":271.8,"quantity":1,"pnl":-53.69818181818175,"timestamp":1771319367920}
{"symbol":"NAUKRI-EQ","action":"SELL","price":409.55,"quantity":1,"pnl":-36.125,"timestamp":1771319369905}
{"symbol":"DMART-EQ","action":"BUY","price":6442.27,"quantity":1,"timestamp":1771319370913}
{"symbol":"ADANIPOWER-EQ","action":"BUY","price":75.97,"quantity":1,"timestamp":1771319370920}
{"symbol":"SHREECEM-EQ","action":"BUY","price":28570.8,"quantity":1,"timestamp":1771319370931}
{"symbol":"CGPOWER-EQ","action":"BUY","price":807.15,"quantity":1,"timestamp":1771319371926}
{"symbol":"VBL-EQ","action":"BUY","price":544.35,"quantity":1,"timestamp":1771319372933}
{"symbol":"MOTHERSON-EQ","action":"BUY","price":31.22,"quantity":1,"timestamp":1771319373936}
{"symbol":"GAIL-EQ","action":"BUY","price":315.83,"quantity":1,"timestamp":1771319373944}
{"symbol":"SHREECEM-EQ","action":"BUY","price":26957.55,"quantity":1,"timestamp":1771319373950}
{"symbol":"SOLARINDS-EQ","action":"BUY","price":3640.34,"quantity":1,"timestamp":1771319373955}
{"symbol":"IRFC-EQ","action":"BUY","price":37.72,"quantity":1,"timestamp":1771319374956}
{"symbol":"TVSMOTOR-EQ","action":"BUY","price":2854.6,"quantity":1,"timestamp":1771319377959}
{"symbol":"VBL-EQ","action":"BUY","price":512.05,"quantity":1,"timestamp":1771319377967}
{"symbol":"INDHOTEL-EQ","action":"BUY","price":1264.46,"quantity":1,"timestamp":1771319377972}
{"symbol":"PIDILITIND-EQ","action":"BUY","price":693.97,"quantity":1,"timestamp":1771319378979}
{"symbol":"HYUNDAI-EQ","action":"BUY","price":14813.4,"quantity":1,"timestamp":1771319380991}
{"symbol":"SOLARINDS-EQ","action":"BUY","price":3439.57,"quantity":1,"timestamp":1771319382002}
{"symbol":"HAL-EQ","action":"SELL","price":10856.68,"quantity":1,"pnl":2062.42,"timestamp":1771319384019}
{"symbol":"ENRIN-EQ","action":"SELL","price":1675,"quantity":1,"pnl":388.9133333333334,"timestamp":1771319384037}
{"symbol":"LODHA-EQ","action":"SELL","price":459.82,"quantity":1,"pnl":-35.52166666666665,"timestamp":1771319385030}
{"symbol":"JSWENERGY-EQ","action":"SELL","price":879.15,"quantity":1,"pnl":152.9219999999999,"timestamp":1771319385036}
{"symbol":"IRFC-EQ","action":"SELL","price":39.94,"quantity":1,"pnl":2.219999999999999,"timestamp":1771319385041}
{"symbol":"DLF-EQ","action":"SELL","price":413.1,"quantity":1,"pnl":-25.066666666666663,"timestamp":1771319386034}
{"symbol":"VEDL-EQ","action":"SELL","price":246.66,"quantity":1,"pnl":8.485199999999992,"timestamp":1771319387040}
{"symbol":"ADANIENSOL-EQ","action":"SELL","price":346.86,"quantity":1,"pnl":-45.546666666666624,"timestamp":1771319387056}
{"symbol":"MOTHERSON-EQ","action":"SELL","price":32.79,"quantity":1,"pnl":0.14749999999999375,"timestamp":1771319388064}
{"symbol":"HAL-EQ","action":"SELL","price":11414.48,"quantity":1,"pnl":2620.2199999999975,"timestamp":1771319389066}
{"symbol":"SIEMENS-EQ","action":"SELL","price":1579.39,"quantity":1,"pnl":415.05875000000015,"timestamp":1771319389081}
{"symbol":"PFC-EQ","action":"BUY","price":200.24,"quantity":1,"timestamp":1771319390076}
{"symbol":"GODREJCP-EQ","action":"BUY","price":1544.38,"quantity":1,"timestamp":1771319390081}
{"symbol":"TORNTPHARM-EQ","action":"BUY","price":3886.54,"quantity":1,"timestamp":1771319391078}
{"symbol":"PNB-EQ","action":"BUY","price":180.46,"quantity":1,"timestamp":1771319392091}
{"symbol":"PFC-EQ","action":"BUY","price":187.76,"quantity":1,"timestamp":1771319393093}
{"symbol":"IOC-EQ","action":"BUY","price":452.67,"quantity":1,"timestamp":1771319394091}
{"symbol":"PIDILITIND-EQ","action":"BUY","price":650.52,"quantity":1,"timestamp":1771319394101}
{"symbol":"DLF-EQ","action":"BUY","price":388.96,"quantity":1,"timestamp":1771319394108}
{"symbol":"HAL-EQ","action":"BUY","price":10833.68,"quantity":1,"timestamp":1771319395091}
{"symbol":"BRITANNIA-EQ","action":"BUY","price":7262.43,"quantity":1,"timestamp":1771319395101}
{"symbol":"BAJAJHLDNG-EQ","action":"BUY","price":23990.19,"quantity":1,"timestamp":1771319395110}
{"symbol":"CGPOWER-EQ","action":"BUY","price":765.37,"quantity":1,"timestamp":1771319395115}
{"symbol":"BAJAJHFL-EQ","action":"BUY","price":242.68,"quantity":1,"timestamp":1771319396106}
{"symbol":"TVSMOTOR-EQ","action":"BUY","price":2852.07,"quantity":1,"timestamp":1771319397107}
{"symbol":"CHOLAFIN-EQ","action":"BUY","price":585.44,"quantity":1,"timestamp":1771319400121}
{"symbol":"TATAPOWER-EQ","action":"BUY","price":238.58,"quantity":1,"timestamp":1771319400127}
{"symbol":"INDHOTEL-EQ","action":"BUY","price":1259.48,"quantity":1,"timestamp":1771319402151}
{"symbol":"PFC-EQ","action":"BUY","price":176.58,"quantity":1,"timestamp":1771319403154}
{"symbol":"BPCL-EQ","action":"BUY","price":469.5,"quantity":1,"timestamp":1771319404159}
{"symbol":"PIDILITIND-EQ","action":"BUY","price":615.21,"quantity":1,"timestamp":1771319404167}
{"symbol":"SOLARINDS-EQ","action":"BUY","price":3434.47,"quantity":1,"timestamp":1771319404176}
{"symbol":"TVSMOTOR-EQ","action":"BUY","price":2667.79,"quantity":1,"timestamp":1771319405170}
{"symbol":"DIVISLAB-EQ","action":"BUY","price":8003.34,"quantity":1,"timestamp":1771319405177}
{"symbol":"DMART-EQ","action":"BUY","price":6321.84,"quantity":1,"timestamp":1771319405184}
{"symbol":"DLF-EQ","action":"BUY","price":365.46,"quantity":1,"timestamp":1771319406183}
{"symbol":"HAVELLS-EQ","action":"BUY","price":1010.54,"quantity":1,"timestamp":1771319406191}
{"symbol":"CHOLAFIN-EQ","action":"BUY","price":550.19,"quantity":1,"timestamp":1771319407187}
{"symbol":"PNB-EQ","action":"BUY","price":170.52,"quantity":1,"timestamp":1771319407200}
{"symbol":"IOC-EQ","action":"BUY","price":426.7,"quantity":1,"timestamp":1771319408199}
{"symbol":"GODREJCP-EQ","action":"BUY","price":1456.26,"quantity":1,"timestamp":1771319408206}
{"symbol":"VEDL-EQ","action":"BUY","price":233.3,"quantity":1,"timestamp":1771319409203}
{"symbol":"BRITANNIA-EQ","action":"BUY","price":7204.73,"quantity":1,"timestamp":1771319409211}
{"symbol":"ADANIGREEN-EQ","action":"BUY","price":641.46,"quantity":1,"timestamp":1771319409224}
{"symbol":"VBL-EQ","action":"BUY","price":481.17,"quantity":1,"timestamp":1771319410206}
{"symbol":"TORNTPHARM-EQ","action":"BUY","price":3671.17,"quantity":1,"timestamp":1771319411212}
{"symbol":"JSWENERGY-EQ","action":"BUY","price":923.93,"quantity":1,"timestamp":1771319411229}
{"symbol":"MOTHERSON-EQ","action":"BUY","price":32.9,"quantity":1,"timestamp":1771319412212}
{"symbol":"CANBK-EQ","action":"SELL","price":537.85,"quantity":1,"pnl":44.254999999999995,"timestamp":1771319414228}
{"symbol":"ICICIGI-EQ","action":"SELL","price":50.29,"quantity":1,"pnl":4.1935,"timestamp":1771319414235}
{"symbol":"GAIL-EQ","action":"SELL","price":358.07,"quantity":1,"pnl":42.24000000000001,"timestamp":1771319414239}
{"symbol":"CHOLAFIN-EQ","action":"BUY","price":518.35,"quantity":1,"timestamp":1771319415237}
{"symbol":"ZYDUSLIFE-EQ","action":"BUY","price":1675.27,"quantity":1,"timestamp":1771319416258}
{"symbol":"IRFC-EQ","action":"BUY","price":42.11,"quantity":1,"timestamp":1771319418284}
{"symbol":"INDHOTEL-EQ","action":"BUY","price":1242.44,"quantity":1,"timestamp":1771319419283}
{"symbol":"ENRIN-EQ","action":"BUY","price":1575.09,"quantity":1,"timestamp":1771319419306}
{"symbol":"JSWENERGY-EQ","action":"SELL","price":973.91,"quantity":1,"pnl":49.98000000000002,"timestamp":1771319420305}
{"symbol":"MOTHERSON-EQ","action":"SELL","price":34.72,"quantity":1,"pnl":1.9916666666666671,"timestamp":1771319421311}
{"symbol":"JINDALSTEL-EQ","action":"SELL","price":1238.07,"quantity":1,"pnl":345.11037037037033,"timestamp":1771319421324}
{"symbol":"VBL-EQ","action":"SELL","price":506.15,"quantity":1,"pnl":-47.92571428571432,"timestamp":1771319422312}
{"symbol":"MAZDOCK-EQ","action":"SELL","price":920.02,"quantity":1,"pnl":86.21000000000004,"timestamp":1771319422326}
{"symbol":"TATAPOWER-EQ","action":"SELL","price":251.7,"quantity":1,"pnl":-23.700999999999965,"timestamp":1771319423315}
{"symbol":"INDHOTEL-EQ","action":"SELL","price":1328.01,"quantity":1,"pnl":64.23262499999987,"timestamp":1771319425334}
{"symbol":"ICICIGI-EQ","action":"BUY","price":46.71,"quantity":1,"timestamp":1771319426347}
{"symbol":"BPCL-EQ","action":"BUY","price":441.78,"quantity":1,"timestamp":1771319427350}
{"symbol":"VBL-EQ","action":"BUY","price":478.68,"quantity":1,"timestamp":1771319427357}
{"symbol":"CANBK-EQ","action":"BUY","price":506.67,"quantity":1,"timestamp":1771319427364}
{"symbol":"HINDZINC-EQ","action":"BUY","price":188.84,"quantity":1,"timestamp":1771319427375}
{"symbol":"LTIM-EQ","action":"BUY","price":7830.07,"quantity":1,"timestamp":1771319428367}
{"symbol":"ZYDUSLIFE-EQ","action":"BUY","price":1588.52,"quantity":1,"timestamp":1771319429386}
{"symbol":"HAL-EQ","action":"BUY","price":10284.77,"quantity":1,"timestamp":1771319430380}
{"symbol":"IOC-EQ","action":"BUY","price":400.02,"quantity":1,"timestamp":1771319430389}
{"symbol":"CANBK-EQ","action":"SELL","price":536.04,"quantity":1,"pnl":29.369999999999948,"timestamp":1771319431388}
{"symbol":"BANKBARODA-EQ","action":"SELL","price":235.61,"quantity":1,"pnl":-19.487499999999983,"timestamp":1771319432400}
{"symbol":"HAL-EQ","action":"SELL","price":10843.05,"quantity":1,"pnl":872.1466666666656,"timestamp":1771319433401}
{"symbol":"CGPOWER-EQ","action":"SELL","price":808.94,"quantity":1,"pnl":-133.35333333333313,"timestamp":1771319433414}
{"symbol":"DIVISLAB-EQ","action":"SELL","price":8442.59,"quantity":1,"pnl":439.25,"timestamp":1771319435406}
{"symbol":"BOSCHLTD-EQ","action":"SELL","price":13770.38,"quantity":1,"pnl":130.6299999999992,"timestamp":1771319437435}
{"symbol":"BPCL-EQ","action":"SELL","price":469.6,"quantity":1,"pnl":13.349968750000016,"timestamp":1771319438425}
{"symbol":"VBL-EQ","action":"SELL","price":510.61,"quantity":1,"pnl":-32.69489795918366,"timestamp":1771319438432}
{"symbol":"SHREECEM-EQ","action":"SELL","price":29771.42,"quantity":1,"pnl":2335.7808333333305,"timestamp":1771319438443}
{"symbol":"SOLARINDS-EQ","action":"SELL","price":3418.35,"quantity":1,"pnl":-477.6345000000001,"timestamp":1771319438449}
{"symbol":"VEDL-EQ","action":"SELL","price":205.72,"quantity":1,"pnl":-31.236099999999993,"timestamp":1771319439429}
{"symbol":"IRFC-EQ","action":"SELL","price":47.35,"quantity":1,"pnl":5.240000000000002,"timestamp":1771319439445}
{"symbol":"BAJAJHFL-EQ","action":"SELL","price":255.69,"quantity":1,"pnl":-62.27925619834707,"timestamp":1771319439451}
{"symbol":"HYUNDAI-EQ","action":"SELL","price":16388.56,"quantity":1,"pnl":-103.19666666667035,"timestamp":1771319440452}
{"symbol":"MAZDOCK-EQ","action":"SELL","price":976.42,"quantity":1,"pnl":142.61,"timestamp":1771319440462}
{"symbol":"LTIM-EQ","action":"SELL","price":8275.53,"quantity":1,"pnl":1013.4900000000007,"timestamp":1771319441449}
{"symbol":"JINDALSTEL-EQ","action":"SELL","price":1394.38,"quantity":1,"pnl":501.4203703703704,"timestamp":1771319441462}
{"symbol":"ABB-EQ","action":"SELL","price":3201.4,"quantity":1,"pnl":340.5836111111116,"timestamp":1771319441469}
{"symbol":"BANKBARODA-EQ","action":"SELL","price":249.77,"quantity":1,"pnl":-5.327500000000015,"timestamp":1771319444471}
{"symbol":"TORNTPHARM-EQ","action":"SELL","price":3867.39,"quantity":1,"pnl":-705.6638888888888,"timestamp":1771319444491}
{"symbol":"AMBUJACEM-EQ","action":"SELL","price":199.4,"quantity":1,"pnl":2.6168750000000216,"timestamp":1771319446488}
{"symbol":"DMART-EQ","action":"SELL","price":6680.9,"quantity":1,"pnl":-1765.4915277777782,"timestamp":1771319447487}
{"symbol":"CGPOWER-EQ","action":"SELL","price":853,"quantity":1,"pnl":-89.2933333333333,"timestamp":1771319448495}
{"symbol":"ADANIGREEN-EQ","action":"SELL","price":683.11,"quantity":1,"pnl":66.01249999999993,"timestamp":1771319448504}
{"symbol":"HAL-EQ","action":"BUY","price":10219.54,"quantity":1,"timestamp":1771319449493}
{"symbol":"BANKBARODA-EQ","action":"BUY","price":233.48,"quantity":1,"timestamp":1771319449503}
{"symbol":"ADANIPOWER-EQ","action":"BUY","price":85.63,"quantity":1,"timestamp":1771319449507}
{"symbol":"PFC-EQ","action":"BUY","price":173.59,"quantity":1,"timestamp":1771319450502}
{"symbol":"ADANIENSOL-EQ","action":"BUY","price":328.38,"quantity":1,"timestamp":1771319450524}
{"symbol":"IOC-EQ","action":"BUY","price":359.19,"quantity":1,"timestamp":1771319451507}
{"symbol":"SHREECEM-EQ","action":"BUY","price":28231.92,"quantity":1,"timestamp":1771319451522}
{"symbol":"CHOLAFIN-EQ","action":"BUY","price":457.59,"quantity":1,"timestamp":1771319452515}
{"symbol":"HINDZINC-EQ","action":"BUY","price":178.22,"quantity":1,"timestamp":1771319452527}
{"symbol":"TORNTPHARM-EQ","action":"SELL","price":4064.21,"quantity":1,"pnl":-508.8438888888895,"timestamp":1771319453523}
{"symbol":"BAJAJHFL-EQ","action":"SELL","price":257.8,"quantity":1,"pnl":-60.16925619834706,"timestamp":1771319453537}
{"symbol":"LICI-EQ","action":"SELL","price":355.54,"quantity":1,"pnl":-16.725599999999986,"timestamp":1771319455565}
{"symbol":"LTIM-EQ","action":"SELL","price":8694.18,"quantity":1,"pnl":1432.1400000000003,"timestamp":1771319457570}
{"symbol":"NAUKRI-EQ","action":"SELL","price":478.23,"quantity":1,"pnl":32.555000000000064,"timestamp":1771319457578}
{"symbol":"ADANIGREEN-EQ","action":"SELL","price":717.96,"quantity":1,"pnl":100.86249999999995,"timestamp":1771319457591}
{"symbol":"HYUNDAI-EQ","action":"SELL","price":18095.85,"quantity":1,"pnl":1604.0933333333305,"timestamp":1771319458589}
{"symbol":"PIDILITIND-EQ","action":"SELL","price":698.35,"quantity":1,"pnl":-34.90086419753084,"timestamp":1771319459592}
{"symbol":"ENRIN-EQ","action":"SELL","price":1746.42,"quantity":1,"pnl":388.0825000000002,"timestamp":1771319459612}
{"symbol":"BRITANNIA-EQ","action":"SELL","price":8102.18,"quantity":1,"pnl":710.7520000000004,"timestamp":1771319460592}
{"symbol":"PFC-EQ","action":"SELL","price":171.71,"quantity":1,"pnl":-18.122407407407422,"timestamp":1771319460600}
{"symbol":"UNITDSPR-EQ","action":"SELL","price":911.15,"quantity":1,"pnl":-197.98000000000013,"timestamp":1771319461616}
{"symbol":"ABB-EQ","action":"SELL","price":3418.39,"quantity":1,"pnl":557.5736111111114,"timestamp":1771319461625}
{"symbol":"DIVISLAB-EQ","action":"BUY","price":8013.21,"quantity":1,"timestamp":1771319462607}
{"symbol":"ADANIPOWER-EQ","action":"BUY","price":79.86,"quantity":1,"timestamp":1771319462619}
{"symbol":"NAUKRI-EQ","action":"BUY","price":453.58,"quantity":1,"timestamp":1771319462626}
{"symbol":"GODREJCP-EQ","action":"BUY","price":1372.79,"quantity":1,"timestamp":1771319462631}
{"symbol":"DLF-EQ","action":"BUY","price":286.85,"quantity":1,"timestamp":1771319462638}
{"symbol":"JINDALSTEL-EQ","action":"BUY","price":1363.91,"quantity":1,"timestamp":1771319462643}
{"symbol":"BOSCHLTD-EQ","action":"BUY","price":12127.27,"quantity":1,"timestamp":1771319464629}
{"symbol":"LODHA-EQ","action":"BUY","price":462.23,"quantity":1,"timestamp":1771319464638}
{"symbol":"DIVISLAB-EQ","action":"SELL","price":8589.25,"quantity":1,"pnl":576.04,"timestamp":1771319465625}
{"symbol":"INDHOTEL-EQ","action":"SELL","price":1325.21,"quantity":1,"pnl":61.432624999999916,"timestamp":1771319465631}
{"symbol":"DMART-EQ","action":"SELL","price":7396.04,"quantity":1,"pnl":-1050.3515277777778,"timestamp":1771319465637}
{"symbol":"AMBUJACEM-EQ","action":"SELL","price":199.76,"quantity":1,"pnl":2.9768749999999784,"timestamp":1771319465646}
{"symbol":"PIDILITIND-EQ","action":"SELL","price":743.74,"quantity":1,"pnl":10.48913580246915,"timestamp":1771319466643}
{"symbol":"BRITANNIA-EQ","action":"SELL","price":8558.16,"quantity":1,"pnl":1166.732,"timestamp":1771319467654}
{"symbol":"BAJAJHLDNG-EQ","action":"SELL","price":27977.54,"quantity":1,"pnl":4898.360000000001,"timestamp":1771319467665}
{"symbol":"HAL-EQ","action":"SELL","price":10883.64,"quantity":1,"pnl":829.8577777777755,"timestamp":1771319469673}
{"symbol":"PFC-EQ","action":"SELL","price":180.8,"quantity":1,"pnl":-9.03240740740739,"timestamp":1771319469684}
{"symbol":"IOC-EQ","action":"SELL","price":377.41,"quantity":1,"pnl":-86.3122222222222,"timestamp":1771319470682}
{"symbol":"TATAPOWER-EQ","action":"SELL","price":251.38,"quantity":1,"pnl":-24.020999999999958,"timestamp":1771319471685}
{"symbol":"MOTHERSON-EQ","action":"SELL","price":34.7,"quantity":1,"pnl":1.971666666666664,"timestamp":1771319472707}
{"symbol":"ABB-EQ","action":"SELL","price":3407.36,"quantity":1,"pnl":546.5436111111117,"timestamp":1771319472719}
{"symbol":"BPCL-EQ","action":"SELL","price":471.47,"quantity":1,"pnl":15.219968750000021,"timestamp":1771319473699}
{"symbol":"INDHOTEL-EQ","action":"SELL","price":1406.97,"quantity":1,"pnl":143.19262499999968,"timestamp":1771319474700}
{"symbol":"ZYDUSLIFE-EQ","action":"SELL","price":1587.55,"quantity":1,"pnl":96.84777777777776,"timestamp":1771319476727}
{"symbol":"IOC-EQ","action":"SELL","price":398.91,"quantity":1,"pnl":-64.8122222222222,"timestamp":1771319479734}
{"symbol":"TORNTPHARM-EQ","action":"SELL","price":4072.31,"quantity":1,"pnl":-500.7438888888896,"timestamp":1771319480739}
{"symbol":"DLF-EQ","action":"SELL","price":301.23,"quantity":1,"pnl":-82.29066666666665,"timestamp":1771319481758}
{"symbol":"PIDILITIND-EQ","action":"SELL","price":788.17,"quantity":1,"pnl":54.9191358024691,"timestamp":1771319482764}
{"symbol":"BAJAJHFL-EQ","action":"SELL","price":261.41,"quantity":1,"pnl":-56.55925619834704,"timestamp":1771319482780}
{"symbol":"BPCL-EQ","action":"SELL","price":499.47,"quantity":1,"pnl":43.21996875000008,"timestamp":1771319483765}
{"symbol":"DLF-EQ","action":"SELL","price":316.6,"quantity":1,"pnl":-66.92066666666665,"timestamp":1771319484778}
{"symbol":"NAUKRI-EQ","action":"SELL","price":477.19,"quantity":1,"pnl":30.19749999999999,"timestamp":1771319485782}
{"symbol":"BAJAJHLDNG-EQ","action":"SELL","price":29699.09,"quantity":1,"pnl":6619.91,"timestamp":1771319486800}
{"symbol":"SOLARINDS-EQ","action":"SELL","price":3595.16,"quantity":1,"pnl":-300.82450000000017,"timestamp":1771319486822}
{"symbol":"DIVISLAB-EQ","action":"BUY","price":8668.7,"quantity":1,"timestamp":1771319487803}
{"symbol":"PFC-EQ","action":"BUY","price":171.57,"quantity":1,"timestamp":1771319487834}
{"symbol":"SHREECEM-EQ","action":"BUY","price":25282.38,"quantity":1,"timestamp":1771319487847}
{"symbol":"ICICIGI-EQ","action":"BUY","price":39.4,"quantity":1,"timestamp":1771319488830}
{"symbol":"ADANIENSOL-EQ","action":"BUY","price":271.89,"quantity":1,"timestamp":1771319488844}
{"symbol":"JSWENERGY-EQ","action":"BUY","price":1007.55,"quantity":1,"timestamp":1771319488853}
{"symbol":"NAUKRI-EQ","action":"BUY","price":451.9,"quantity":1,"timestamp":1771319489856}
{"symbol":"AMBUJACEM-EQ","action":"BUY","price":177.43,"quantity":1,"timestamp":1771319490859}
{"symbol":"BANKBARODA-EQ","action":"BUY","price":203.32,"quantity":1,"timestamp":1771319491846}
{"symbol":"BPCL-EQ","action":"BUY","price":473.78,"quantity":1,"timestamp":1771319492845}
{"symbol":"DLF-EQ","action":"BUY","price":299.52,"quantity":1,"timestamp":1771319492862}
{"symbol":"ABB-EQ","action":"BUY","price":3051.79,"quantity":1,"timestamp":1771319492873}
{"symbol":"ADANIPOWER-EQ","action":"BUY","price":65.82,"quantity":1,"timestamp":1771319494864}
{"symbol":"HYUNDAI-EQ","action":"BUY","price":17306.29,"quantity":1,"timestamp":1771319494892}
{"symbol":"INDHOTEL-EQ","action":"BUY","price":1308.65,"quantity":1,"timestamp":1771319496875}
{"symbol":"PNB-EQ","action":"BUY","price":131.85,"quantity":1,"timestamp":1771319496944}
{"symbol":"PIDILITIND-EQ","action":"SELL","price":839.88,"quantity":1,"pnl":106.62913580246914,"timestamp":1771319497909}
{"symbol":"HINDZINC-EQ","action":"BUY","price":149.1,"quantity":1,"timestamp":1771319498906}
{"symbol":"NAUKRI-EQ","action":"BUY","price":419.52,"quantity":1,"timestamp":1771319499918}
{"symbol":"CGPOWER-EQ","action":"BUY","price":744.35,"quantity":1,"timestamp":1771319500928}
{"symbol":"PIDILITIND-EQ","action":"BUY","price":787.45,"quantity":1,"timestamp":1771319502943}
{"symbol":"DIVISLAB-EQ","action":"BUY","price":8531.16,"quantity":1,"timestamp":1771319503945}
{"symbol":"UNITDSPR-EQ","action":"BUY","price":716.07,"quantity":1,"timestamp":1771319504966}
{"symbol":"SOLARINDS-EQ","action":"BUY","price":3358.34,"quantity":1,"timestamp":1771319504976}
{"symbol":"SIEMENS-EQ","action":"BUY","price":1547.27,"quantity":1,"timestamp":1771319504982}
{"symbol":"DMART-EQ","action":"BUY","price":7019.86,"quantity":1,"timestamp":1771319505969}
{"symbol":"CGPOWER-EQ","action":"BUY","price":696.84,"quantity":1,"timestamp":1771319505981}
{"symbol":"HAVELLS-EQ","action":"BUY","price":893.54,"quantity":1,"timestamp":1771319505991}
{"symbol":"HINDZINC-EQ","action":"BUY","price":141.13,"quantity":1,"timestamp":1771319506000}
{"symbol":"LICI-EQ","action":"BUY","price":319.31,"quantity":1,"timestamp":1771319506009}
{"symbol":"DLF-EQ","action":"BUY","price":301.03,"quantity":1,"timestamp":1771319507011}
{"symbol":"VBL-EQ","action":"BUY","price":452.05,"quantity":1,"timestamp":1771319507991}
{"symbol":"PNB-EQ","action":"BUY","price":124.04,"quantity":1,"timestamp":1771319508995}
{"symbol":"CHOLAFIN-EQ","action":"BUY","price":454.19,"quantity":1,"timestamp":1771319512018}
{"symbol":"HINDZINC-EQ","action":"BUY","price":133.38,"quantity":1,"timestamp":1771319512043}
{"symbol":"BOSCHLTD-EQ","action":"BUY","price":11291.65,"quantity":1,"timestamp":1771319513041}
{"symbol":"LODHA-EQ","action":"BUY","price":388.52,"quantity":1,"timestamp":1771319514077}
{"symbol":"PIDILITIND-EQ","action":"BUY","price":789.26,"quantity":1,"timestamp":1771319516049}
{"symbol":"TORNTPHARM-EQ","action":"BUY","price":4026.39,"quantity":1,"timestamp":1771319516054}
{"symbol":"CGPOWER-EQ","action":"BUY","price":660.55,"quantity":1,"timestamp":1771319516058}
{"symbol":"BAJAJHLDNG-EQ","action":"BUY","price":29239.63,"quantity":1,"timestamp":1771319517064}
{"symbol":"ENRIN-EQ","action":"BUY","price":1639.1,"quantity":1,"timestamp":1771319517074}
{"symbol":"PNB-EQ","action":"BUY","price":116.57,"quantity":1,"timestamp":1771319518066}
{"symbol":"ADANIGREEN-EQ","action":"BUY","price":680.51,"quantity":1,"timestamp":1771319518091}
{"symbol":"INDHOTEL-EQ","action":"BUY","price":1236,"quantity":1,"timestamp":1771319520083}
{"symbol":"BRITANNIA-EQ","action":"BUY","price":8542.11,"quantity":1,"timestamp":1771319523111}
{"symbol":"ICICIGI-EQ","action":"BUY","price":39.54,"quantity":1,"timestamp":1771319524114}
{"symbol":"VBL-EQ","action":"BUY","price":426.36,"quantity":1,"timestamp":1771319525116}
{"symbol":"BANKBARODA-EQ","action":"BUY","price":205.36,"quantity":1,"timestamp":1771319525124}
{"symbol":"PNB-EQ","action":"BUY","price":110.12,"quantity":1,"timestamp":1771319525133}
{"symbol":"ICICIGI-EQ","action":"SELL","price":41.69,"quantity":1,"pnl":-2.6008571428571443,"timestamp":1771319527142}
{"symbol":"ADANIGREEN-EQ","action":"SELL","price":714.66,"quantity":1,"pnl":34.14999999999998,"timestamp":1771319527155}
{"symbol":"LODHA-EQ","action":"SELL","price":431.16,"quantity":1,"pnl":-29.198333333333267,"timestamp":1771319528149}
{"symbol":"PIDILITIND-EQ","action":"SELL","price":831.71,"quantity":1,"pnl":82.71509700176375,"timestamp":1771319530159}
{"symbol":"PNB-EQ","action":"SELL","price":115.67,"quantity":1,"pnl":-28.835833333333326,"timestamp":1771319530168}
{"symbol":"BRITANNIA-EQ","action":"BUY","price":7974.11,"quantity":1,"timestamp":1771319531161}
{"symbol":"TORNTPHARM-EQ","action":"BUY","price":3808.49,"quantity":1,"timestamp":1771319532179}
{"symbol":"DLF-EQ","action":"BUY","price":283.49,"quantity":1,"timestamp":1771319532186}
{"symbol":"SIEMENS-EQ","action":"BUY","price":1463.14,"quantity":1,"timestamp":1771319532196}
{"symbol":"DMART-EQ","action":"BUY","price":7532.47,"quantity":1,"timestamp":1771319534185}
{"symbol":"MOTHERSON-EQ","action":"BUY","price":28.97,"quantity":1,"timestamp":1771319534197}
{"symbol":"JINDALSTEL-EQ","action":"BUY","price":1271.56,"quantity":1,"timestamp":1771319534209}
{"symbol":"JSWENERGY-EQ","action":"BUY","price":1136.22,"quantity":1,"timestamp":1771319534222}
{"symbol":"IRFC-EQ","action":"BUY","price":58.18,"quantity":1,"timestamp":1771319534229}
{"symbol":"RECLTD-EQ","action":"BUY","price":606.68,"quantity":1,"timestamp":1771319535191}
{"symbol":"ENRIN-EQ","action":"BUY","price":1540.61,"quantity":1,"timestamp":1771319535200}
{"symbol":"TORNTPHARM-EQ","action":"SELL","price":4007.68,"quantity":1,"pnl":-303.12833333333447,"timestamp":1771319538226}
{"symbol":"PIDILITIND-EQ","action":"SELL","price":883.93,"quantity":1,"pnl":134.93509700176367,"timestamp":1771319540252}
{"symbol":"HYUNDAI-EQ","action":"SELL","price":18249.44,"quantity":1,"pnl":1350.4166666666642,"timestamp":1771319540261}
{"symbol":"TVSMOTOR-EQ","action":"SELL","price":2381.03,"quantity":1,"pnl":-410.456666666666,"timestamp":1771319542272}
{"symbol":"GODREJCP-EQ","action":"BUY","price":1550.46,"quantity":1,"timestamp":1771319544452}
{"symbol":"SOLARINDS-EQ","action":"BUY","price":2966.78,"quantity":1,"timestamp":1771319544469}
{"symbol":"RECLTD-EQ","action":"BUY","price":570.19,"quantity":1,"timestamp":1771319546470}
{"symbol":"BAJAJHFL-EQ","action":"BUY","price":263.69,"quantity":1,"timestamp":1771319546485}
{"symbol":"CHOLAFIN-EQ","action":"BUY","price":454.88,"quantity":1,"timestamp":1771319547481}
{"symbol":"TORNTPHARM-EQ","action":"BUY","price":3800.19,"quantity":1,"timestamp":1771319547500}
{"symbol":"DLF-EQ","action":"BUY","price":267.88,"quantity":1,"timestamp":1771319547507}
{"symbol":"ADANIGREEN-EQ","action":"BUY","price":711.32,"quantity":1,"timestamp":1771319547520}
{"symbol":"GAIL-EQ","action":"BUY","price":337.82,"quantity":1,"timestamp":1771319548490}
{"symbol":"MAZDOCK-EQ","action":"BUY","price":1096.69,"quantity":1,"timestamp":1771319548506}
{"symbol":"BANKBARODA-EQ","action":"SELL","price":227.27,"quantity":1,"pnl":2.9556249999999977,"timestamp":1771319550497}
{"symbol":"MOTHERSON-EQ","action":"SELL","price":28.95,"quantity":1,"pnl":-1.8991666666666696,"timestamp":1771319550506}
{"symbol":"GODREJCP-EQ","action":"SELL","price":1629.22,"quantity":1,"pnl":115.17044444444491,"timestamp":1771319551511}
{"symbol":"HAVELLS-EQ","action":"SELL","price":876.22,"quantity":1,"pnl":-92.66116666666665,"timestamp":1771319551522}
{"symbol":"NAUKRI-EQ","action":"SELL","price":443.41,"quantity":1,"pnl":-0.3589285714285779,"timestamp":1771319552521}
{"symbol":"DLF-EQ","action":"SELL","price":281.78,"quantity":1,"pnl":-47.146000000000015,"timestamp":1771319552528}
{"symbol":"SHREECEM-EQ","action":"SELL","price":30041.87,"quantity":1,"pnl":2877.6264999999985,"timestamp":1771319552534}
{"symbol":"AMBUJACEM-EQ","action":"SELL","price":186.62,"quantity":1,"pnl":-3.712083333333311,"timestamp":1771319552539}
{"symbol":"DIVISLAB-EQ","action":"BUY","price":8868.74,"quantity":1,"timestamp":1771319553519}
{"symbol":"CANBK-EQ","action":"BUY","price":525.2,"quantity":1,"timestamp":1771319553527}
{"symbol":"ICICIGI-EQ","action":"BUY","price":37.35,"quantity":1,"timestamp":1771319553533}
{"symbol":"PNB-EQ","action":"BUY","price":109.72,"quantity":1,"timestamp":1771319553537}
{"symbol":"HYUNDAI-EQ","action":"BUY","price":16211.76,"quantity":1,"timestamp":1771319555535}
{"symbol":"LICI-EQ","action":"BUY","price":320.57,"quantity":1,"timestamp":1771319555545}
{"symbol":"GAIL-EQ","action":"BUY","price":318.42,"quantity":1,"timestamp":1771319556542}
{"symbol":"JINDALSTEL-EQ","action":"BUY","price":1202.82,"quantity":1,"timestamp":1771319556552}
{"symbol":"HINDZINC-EQ","action":"BUY","price":139.61,"quantity":1,"timestamp":1771319556566}
{"symbol":"ICICIGI-EQ","action":"BUY","price":35.06,"quantity":1,"timestamp":1771319557552}
{"symbol":"BAJAJHFL-EQ","action":"BUY","price":246.04,"quantity":1,"timestamp":1771319557589}
{"symbol":"JSWENERGY-EQ","action":"BUY","price":1077.7,"quantity":1,"timestamp":1771319558551}
{"symbol":"CANBK-EQ","action":"BUY","price":495.76,"quantity":1,"timestamp":1771319560559}
{"symbol":"HINDZINC-EQ","action":"BUY","price":132.28,"quantity":1,"timestamp":1771319560572}
{"symbol":"TATAPOWER-EQ","action":"BUY","price":277.24,"quantity":1,"timestamp":1771319561565}
{"symbol":"ADANIPOWER-EQ","action":"BUY","price":56.91,"quantity":1,"timestamp":1771319561576}
{"symbol":"SHREECEM-EQ","action":"BUY","price":28539.04,"quantity":1,"timestamp":1771319561586}
{"symbol":"ADANIGREEN-EQ","action":"BUY","price":673.76,"quantity":1,"timestamp":1771319561594}
{"symbol":"GAIL-EQ","action":"BUY","price":300.64,"quantity":1,"timestamp":1771319562573}
{"symbol":"HAVELLS-EQ","action":"BUY","price":823.48,"quantity":1,"timestamp":1771319562583}
{"symbol":"ENRIN-EQ","action":"BUY","price":1368.35,"quantity":1,"timestamp":1771319562590}
{"symbol":"BPCL-EQ","action":"BUY","price":396.79,"quantity":1,"timestamp":1771319563574}
{"symbol":"JINDALSTEL-EQ","action":"SELL","price":1263.45,"quantity":1,"pnl":80.63759259259268,"timestamp":1771319564588}
{"symbol":"TATAPOWER-EQ","action":"SELL","price":292.48,"quantity":1,"pnl":16.61925000000008,"timestamp":1771319566585}
{"symbol":"RECLTD-EQ","action":"SELL","price":603.34,"quantity":1,"pnl":21.07333333333338,"timestamp":1771319566598}
{"symbol":"PNB-EQ","action":"SELL","price":115.98,"quantity":1,"pnl":-24.177604166666654,"timestamp":1771319566604}
{"symbol":"BRITANNIA-EQ","action":"SELL","price":8428.12,"quantity":1,"pnl":690.0192000000006,"timestamp":1771319569621}
{"symbol":"JINDALSTEL-EQ","action":"SELL","price":1332.75,"quantity":1,"pnl":149.93759259259264,"timestamp":1771319569638}
{"symbol":"BAJAJHLDNG-EQ","action":"BUY","price":34781.62,"quantity":1,"timestamp":1771319570643}
{"symbol":"CHOLAFIN-EQ","action":"BUY","price":479.78,"quantity":1,"timestamp":1771319573672}
{"symbol":"PFC-EQ","action":"BUY","price":168.1,"quantity":1,"timestamp":1771319573685}
{"symbol":"JSWENERGY-EQ","action":"BUY","price":1072.44,"quantity":1,"timestamp":1771319573699}
{"symbol":"CGPOWER-EQ","action":"BUY","price":556.54,"quantity":1,"timestamp":1771319574683}
{"symbol":"UNITDSPR-EQ","action":"BUY","price":798.2,"quantity":1,"timestamp":1771319574687}
{"symbol":"AMBUJACEM-EQ","action":"BUY","price":177.09,"quantity":1,"timestamp":1771319574692}
{"symbol":"SOLARINDS-EQ","action":"BUY","price":2947.41,"quantity":1,"timestamp":1771319574697}
{"symbol":"GODREJCP-EQ","action":"BUY","price":1508.21,"quantity":1,"timestamp":1771319575680}
{"symbol":"GAIL-EQ","action":"BUY","price":285.11,"quantity":1,"timestamp":1771319576691}
{"symbol":"TORNTPHARM-EQ","action":"BUY","price":3362.81,"quantity":1,"timestamp":1771319577693}
{"symbol":"INDHOTEL-EQ","action":"BUY","price":1083.95,"quantity":1,"timestamp":1771319578703}
{"symbol":"ICICIGI-EQ","action":"SELL","price":36.87,"quantity":1,"pnl":-5.399392857142864,"timestamp":1771319581749}
{"symbol":"IOC-EQ","action":"SELL","price":450.71,"quantity":1,"pnl":-13.012222222222249,"timestamp":1771319582753}
{"symbol":"ADANIPOWER-EQ","action":"SELL","price":63.16,"quantity":1,"pnl":-21.493324675324686,"timestamp":1771319582763}
{"symbol":"LODHA-EQ","action":"SELL","price":426.16,"quantity":1,"pnl":-34.19833333333327,"timestamp":1771319582825}
{"symbol":"GODREJCP-EQ","action":"SELL","price":1594.43,"quantity":1,"pnl":81.02928395061758,"timestamp":1771319583770}
{"symbol":"DLF-EQ","action":"SELL","price":312.35,"quantity":1,"pnl":-16.575999999999965,"timestamp":1771319583777}
{"symbol":"ADANIENSOL-EQ","action":"SELL","price":347.91,"quantity":1,"pnl":17.017777777777837,"timestamp":1771319584772}
{"symbol":"PIDILITIND-EQ","action":"SELL","price":885.47,"quantity":1,"pnl":136.47509700176374,"timestamp":1771319586779}
{"symbol":"CANBK-EQ","action":"SELL","price":581.41,"quantity":1,"pnl":70.92999999999995,"timestamp":1771319587798}
{"symbol":"HAL-EQ","action":"SELL","price":10448.63,"quantity":1,"pnl":394.84777777777526,"timestamp":1771319588786}
{"symbol":"GAIL-EQ","action":"SELL","price":281.1,"quantity":1,"pnl":-29.39749999999998,"timestamp":1771319588799}
{"symbol":"ADANIENSOL-EQ","action":"SELL","price":365.41,"quantity":1,"pnl":34.51777777777778,"timestamp":1771319588805}
{"symbol":"LICI-EQ","action":"SELL","price":361.05,"quantity":1,"pnl":6.226266666666675,"timestamp":1771319588812}
{"symbol":"TORNTPHARM-EQ","action":"SELL","price":3605.39,"quantity":1,"pnl":-462.31555555555633,"timestamp":1771319589796}
{"symbol":"ADANIGREEN-EQ","action":"SELL","price":751.09,"quantity":1,"pnl":58.55000000000007,"timestamp":1771319589805}
{"symbol":"BRITANNIA-EQ","action":"SELL","price":9412.89,"quantity":1,"pnl":1674.7891999999993,"timestamp":1771319590802}
{"symbol":"JSWENERGY-EQ","action":"SELL","price":1133.53,"quantity":1,"pnl":60.05250000000001,"timestamp":1771319590817}
{"symbol":"GAIL-EQ","action":"BUY","price":264.92,"quantity":1,"timestamp":1771319592827}
{"symbol":"ADANIGREEN-EQ","action":"SELL","price":789.73,"quantity":1,"pnl":97.19000000000005,"timestamp":1771319594860}
{"symbol":"TVSMOTOR-EQ","action":"SELL","price":2640.69,"quantity":1,"pnl":-150.79666666666662,"timestamp":1771319595850}
{"symbol":"IOC-EQ","action":"SELL","price":503.58,"quantity":1,"pnl":39.857777777777756,"timestamp":1771319595857}
{"symbol":"RECLTD-EQ","action":"SELL","price":636.09,"quantity":1,"pnl":53.82333333333338,"timestamp":1771319595865}
{"symbol":"DIVISLAB-EQ","action":"SELL","price":9385.13,"quantity":1,"pnl":695.5966666666664,"timestamp":1771319596858}
{"symbol":"ADANIPOWER-EQ","action":"SELL","price":70.78,"quantity":1,"pnl":-13.873324675324682,"timestamp":1771319596868}
{"symbol":"HAVELLS-EQ","action":"SELL","price":820.57,"quantity":1,"pnl":-119.23093333333327,"timestamp":1771319596876}
{"symbol":"INDHOTEL-EQ","action":"SELL","price":1146.35,"quantity":1,"pnl":-97.08585937500038,"timestamp":1771319597866}
{"symbol":"BANKBARODA-EQ","action":"SELL","price":215.56,"quantity":1,"pnl":-8.75437500000001,"timestamp":1771319597874}
{"symbol":"DMART-EQ","action":"SELL","price":7519.17,"quantity":1,"pnl":-634.6648958333335,"timestamp":1771319597878}
{"symbol":"HYUNDAI-EQ","action":"SELL","price":16162.47,"quantity":1,"pnl":-392.9216666666671,"timestamp":1771319597889}
{"symbol":"BRITANNIA-EQ","action":"SELL","price":10086.6,"quantity":1,"pnl":2348.4992,"timestamp":1771319598871}
{"symbol":"VBL-EQ","action":"SELL","price":393.46,"quantity":1,"pnl":-123.81992346938779,"timestamp":1771319598879}
{"symbol":"UNITDSPR-EQ","action":"SELL","price":850.77,"quantity":1,"pnl":-23.69666666666683,"timestamp":1771319598889}
{"symbol":"SHREECEM-EQ","action":"SELL","price":28427.62,"quantity":1,"pnl":988.4171999999999,"timestamp":1771319598894}
{"symbol":"HAL-EQ","action":"SELL","price":10993.98,"quantity":1,"pnl":940.1977777777756,"timestamp":1771319599882}
{"symbol":"PNB-EQ","action":"SELL","price":108.69,"quantity":1,"pnl":-31.46760416666666,"timestamp":1771319599895}
{"symbol":"HAVELLS-EQ","action":"SELL","price":865.62,"quantity":1,"pnl":-74.18093333333331,"timestamp":1771319599902}
{"symbol":"BPCL-EQ","action":"SELL","price":442.07,"quantity":1,"pnl":-3.697515624999994,"timestamp":1771319600884}
{"symbol":"BAJAJHLDNG-EQ","action":"SELL","price":37099.23,"quantity":1,"pnl":5088.605000000003,"timestamp":1771319601897}
{"symbol":"DLF-EQ","action":"SELL","price":349.68,"quantity":1,"pnl":20.753999999999962,"timestamp":1771319601903}
{"symbol":"BAJAJHFL-EQ","action":"SELL","price":273.01,"quantity":1,"pnl":-32.33840495867764,"timestamp":1771319601914}
{"symbol":"IOC-EQ","action":"SELL","price":537.8,"quantity":1,"pnl":74.07777777777767,"timestamp":1771319602900}
{"symbol":"JINDALSTEL-EQ","action":"SELL","price":1359.38,"quantity":1,"pnl":176.56759259259297,"timestamp":1771319602912}
{"symbol":"HINDZINC-EQ","action":"SELL","price":133.34,"quantity":1,"pnl":-25.309560185185177,"timestamp":1771319602920}
{"symbol":"SIEMENS-EQ","action":"SELL","price":1538.85,"quantity":1,"pnl":33.64499999999998,"timestamp":1771319602925}
{"symbol":"ADANIENSOL-EQ","action":"SELL","price":360.29,"quantity":1,"pnl":29.397777777777776,"timestamp":1771319603913}
{"symbol":"GAIL-EQ","action":"SELL","price":279.75,"quantity":1,"pnl":-19.353125000000034,"timestamp":1771319604907}
{"symbol":"RECLTD-EQ","action":"BUY","price":601.48,"quantity":1,"timestamp":1771319606934}
{"symbol":"NAUKRI-EQ","action":"BUY","price":370.21,"quantity":1,"timestamp":1771319607941}
{"symbol":"ZYDUSLIFE-EQ","action":"BUY","price":1329.14,"quantity":1,"timestamp":1771319607954}
{"symbol":"CGPOWER-EQ","action":"BUY","price":496.26,"quantity":1,"timestamp":1771319608963}
{"symbol":"INDHOTEL-EQ","action":"BUY","price":1078.93,"quantity":1,"timestamp":1771319609957}
{"symbol":"LODHA-EQ","action":"BUY","price":404.12,"quantity":1,"timestamp":1771319609973}
{"symbol":"CANBK-EQ","action":"BUY","price":514.93,"quantity":1,"timestamp":1771319610965}
{"symbol":"RECLTD-EQ","action":"BUY","price":568.99,"quantity":1,"timestamp":1771319612967}
{"symbol":"BOSCHLTD-EQ","action":"BUY","price":15124.24,"quantity":1,"timestamp":1771319612978}
{"symbol":"ADANIGREEN-EQ","action":"BUY","price":694.73,"quantity":1,"timestamp":1771319612984}
{"symbol":"CGPOWER-EQ","action":"BUY","price":470.69,"quantity":1,"timestamp":1771319613984}
{"symbol":"TATAPOWER-EQ","action":"SELL","price":279.4,"quantity":1,"pnl":3.539250000000038,"timestamp":1771319614990}
{"symbol":"ADANIPOWER-EQ","action":"SELL","price":79.42,"quantity":1,"pnl":-5.233324675324667,"timestamp":1771319614998}
{"symbol":"MOTHERSON-EQ","action":"SELL","price":30.5,"quantity":1,"pnl":-0.34916666666666885,"timestamp":1771319615996}
{"symbol":"PIDILITIND-EQ","action":"SELL","price":950.1,"quantity":1,"pnl":201.10509700176374,"timestamp":1771319616003}
{"symbol":"RECLTD-EQ","action":"SELL","price":600.34,"quantity":1,"pnl":17.08388888888885,"timestamp":1771319617003}
{"symbol":"ICICIGI-EQ","action":"SELL","price":37.11,"quantity":1,"pnl":-5.159392857142862,"timestamp":1771319617008}
{"symbol":"SHREECEM-EQ","action":"BUY","price":25143.51,"quantity":1,"timestamp":1771319618013}
{"symbol":"ENRIN-EQ","action":"BUY","price":1346.69,"quantity":1,"timestamp":1771319618024}
{"symbol":"BAJAJHFL-EQ","action":"BUY","price":254.22,"quantity":1,"timestamp":1771319618031}
{"symbol":"CANBK-EQ","action":"BUY","price":450.57,"quantity":1,"timestamp":1771319619013}
{"symbol":"UNITDSPR-EQ","action":"BUY","price":803.51,"quantity":1,"timestamp":1771319620023}
{"symbol":"HINDZINC-EQ","action":"BUY","price":126.09,"quantity":1,"timestamp":1771319620032}
{"symbol":"JSWENERGY-EQ","action":"BUY","price":1072.9,"quantity":1,"timestamp":1771319620035}
{"symbol":"IOC-EQ","action":"BUY","price":506.73,"quantity":1,"timestamp":1771319621023}
{"symbol":"PNB-EQ","action":"BUY","price":89.27,"quantity":1,"timestamp":1771319622043}
{"symbol":"HAL-EQ","action":"BUY","price":9643.39,"quantity":1,"timestamp":1771319623036}
{"symbol":"CGPOWER-EQ","action":"BUY","price":446.1,"quantity":1,"timestamp":1771319623049}
{"symbol":"ABB-EQ","action":"BUY","price":2948.36,"quantity":1,"timestamp":1771319623056}
{"symbol":"CANBK-EQ","action":"SELL","price":476.6,"quantity":1,"pnl":-15.39333333333326,"timestamp":1771319625053}
{"symbol":"JSWENERGY-EQ","action":"SELL","price":1127.69,"quantity":1,"pnl":54.356874999999945,"timestamp":1771319625065}
{"symbol":"ABB-EQ","action":"SELL","price":3113.97,"quantity":1,"pnl":213.36543650793647,"timestamp":1771319627071}
{"symbol":"GAIL-EQ","action":"SELL","price":294.68,"quantity":1,"pnl":-4.423125000000027,"timestamp":1771319628066}
{"symbol":"SHREECEM-EQ","action":"SELL","price":26438.74,"quantity":1,"pnl":-541.3242399999981,"timestamp":1771319628073}
{"symbol":"VBL-EQ","action":"SELL","price":441.55,"quantity":1,"pnl":-75.72992346938776,"timestamp":1771319629069}
{"symbol":"MOTHERSON-EQ","action":"BUY","price":28.95,"quantity":1,"timestamp":1771319631084}
{"symbol":"GODREJCP-EQ","action":"BUY","price":1317.81,"quantity":1,"timestamp":1771319631090}
{"symbol":"ADANIGREEN-EQ","action":"BUY","price":652.69,"quantity":1,"timestamp":1771319632100}
{"symbol":"JSWENERGY-EQ","action":"BUY","price":1067.16,"quantity":1,"timestamp":1771319632107}
{"symbol":"VEDL-EQ","action":"BUY","price":181.37,"quantity":1,"timestamp":1771319633095}
{"symbol":"INDHOTEL-EQ","action":"BUY","price":1019.7,"quantity":1,"timestamp":1771319633105}
{"symbol":"PFC-EQ","action":"BUY","price":139.76,"quantity":1,"timestamp":1771319633110}
{"symbol":"HYUNDAI-EQ","action":"BUY","price":17249.34,"quantity":1,"timestamp":1771319634123}
{"symbol":"ZYDUSLIFE-EQ","action":"BUY","price":1231.04,"quantity":1,"timestamp":1771319634135}
{"symbol":"IRFC-EQ","action":"BUY","price":53.59,"quantity":1,"timestamp":1771319634141}
{"symbol":"ADANIPOWER-EQ","action":"SELL","price":79.04,"quantity":1,"pnl":-5.613324675324662,"timestamp":1771319637121}
{"symbol":"LICI-EQ","action":"SELL","price":405.66,"quantity":1,"pnl":50.836266666666745,"timestamp":1771319637138}
{"symbol":"ADANIGREEN-EQ","action":"SELL","price":692.45,"quantity":1,"pnl":18.74000000000001,"timestamp":1771319638145}
{"symbol":"ZYDUSLIFE-EQ","action":"SELL","price":1297.94,"quantity":1,"pnl":-87.45611111111111,"timestamp":1771319638150}
{"symbol":"HAVELLS-EQ","action":"SELL","price":859.87,"quantity":1,"pnl":-79.93093333333331,"timestamp":1771319639146}
{"symbol":"INDHOTEL-EQ","action":"SELL","price":1071.66,"quantity":1,"pnl":-128.63789062500018,"timestamp":1771319641150}
{"symbol":"PNB-EQ","action":"SELL","price":93.94,"quantity":1,"pnl":-38.94794642857141,"timestamp":1771319641161}
{"symbol":"TVSMOTOR-EQ","action":"SELL","price":2929.28,"quantity":1,"pnl":137.79333333333352,"timestamp":1771319642156}
{"symbol":"IOC-EQ","action":"SELL","price":535.02,"quantity":1,"pnl":62.69622222222216,"timestamp":1771319642172}
{"symbol":"DMART-EQ","action":"SELL","price":7916.54,"quantity":1,"pnl":-237.2948958333327,"timestamp":1771319642181}
{"symbol":"DLF-EQ","action":"SELL","price":395.97,"quantity":1,"pnl":67.04399999999998,"timestamp":1771319643167}
{"symbol":"SHREECEM-EQ","action":"SELL","price":26763.72,"quantity":1,"pnl":-216.34423999999854,"timestamp":1771319643172}
{"symbol":"VEDL-EQ","action":"BUY","price":170.86,"quantity":1,"timestamp":1771319648188}
{"symbol":"ICICIGI-EQ","action":"BUY","price":34.72,"quantity":1,"timestamp":1771319648202}
{"symbol":"DLF-EQ","action":"SELL","price":418.01,"quantity":1,"pnl":89.08399999999995,"timestamp":1771319649197}
{"symbol":"HAL-EQ","action":"SELL","price":9635.11,"quantity":1,"pnl":-8.279999999998836,"timestamp":1771319650200}
{"symbol":"DIVISLAB-EQ","action":"SELL","price":9281.69,"quantity":1,"pnl":592.1566666666677,"timestamp":1771319650204}
{"symbol":"MAZDOCK-EQ","action":"SELL","price":1229.29,"quantity":1,"pnl":132.5999999999999,"timestamp":1771319650217}
{"symbol":"DMART-EQ","action":"BUY","price":6917.65,"quantity":1,"timestamp":1771319653228}
{"symbol":"CHOLAFIN-EQ","action":"BUY","price":478.77,"quantity":1,"timestamp":1771319654238}
{"symbol":"ADANIPOWER-EQ","action":"BUY","price":70.97,"quantity":1,"timestamp":1771319654247}
{"symbol":"ADANIGREEN-EQ","action":"BUY","price":653.64,"quantity":1,"timestamp":1771319654257}
{"symbol":"GODREJCP-EQ","action":"BUY","price":1238,"quantity":1,"timestamp":1771319655248}
{"symbol":"TVSMOTOR-EQ","action":"BUY","price":3080.46,"quantity":1,"timestamp":1771319656254}
{"symbol":"HAL-EQ","action":"BUY","price":9146.2,"quantity":1,"timestamp":1771319657264}
{"symbol":"JINDALSTEL-EQ","action":"BUY","price":1210.71,"quantity":1,"timestamp":1771319657280}
{"symbol":"HYUNDAI-EQ","action":"BUY","price":15323.26,"quantity":1,"timestamp":1771319657285}
{"symbol":"MOTHERSON-EQ","action":"BUY","price":25.89,"quantity":1,"timestamp":1771319659289}
{"symbol":"SIEMENS-EQ","action":"SELL","price":1526.09,"quantity":1,"pnl":20.88499999999999,"timestamp":1771319660303}
{"symbol":"DLF-EQ","action":"SELL","price":439.99,"quantity":1,"pnl":111.06399999999996,"timestamp":1771319661308}
{"symbol":"VEDL-EQ","action":"BUY","price":160.05,"quantity":1,"timestamp":1771319662307}
{"symbol":"HAVELLS-EQ","action":"BUY","price":769.46,"quantity":1,"timestamp":1771319662320}
{"symbol":"CHOLAFIN-EQ","action":"BUY","price":454.39,"quantity":1,"timestamp":1771319663317}
{"symbol":"UNITDSPR-EQ","action":"BUY","price":720.52,"quantity":1,"timestamp":1771319663330}
{"symbol":"ADANIENSOL-EQ","action":"BUY","price":313.26,"quantity":1,"timestamp":1771319663337}
{"symbol":"ZYDUSLIFE-EQ","action":"BUY","price":1222.81,"quantity":1,"timestamp":1771319663344}
{"symbol":"BPCL-EQ","action":"SELL","price":391.24,"quantity":1,"pnl":-54.52751562499998,"timestamp":1771319664327}
{"symbol":"DLF-EQ","action":"SELL","price":465.51,"quantity":1,"pnl":136.58399999999995,"timestamp":1771319665341}
{"symbol":"JSWENERGY-EQ","action":"SELL","price":1139.41,"quantity":1,"pnl":67.62015625000004,"timestamp":1771319665349}
{"symbol":"NAUKRI-EQ","action":"BUY","price":368.12,"quantity":1,"timestamp":1771319668364}
{"symbol":"BAJAJHFL-EQ","action":"BUY","price":240.01,"quantity":1,"timestamp":1771319668379}
{"symbol":"IOC-EQ","action":"BUY","price":531.26,"quantity":1,"timestamp":1771319669377}
{"symbol":"TVSMOTOR-EQ","action":"BUY","price":2865.92,"quantity":1,"timestamp":1771319670387}
{"symbol":"BRITANNIA-EQ","action":"BUY","price":10049.36,"quantity":1,"timestamp":1771319670393}
{"symbol":"PFC-EQ","action":"BUY","price":130.16,"quantity":1,"timestamp":1771319671401}
{"symbol":"MAZDOCK-EQ","action":"BUY","price":1158.21,"quantity":1,"timestamp":1771319671414}
{"symbol":"JINDALSTEL-EQ","action":"SELL","price":1271.27,"quantity":1,"pnl":74.5087962962964,"timestamp":1771319672408}
{"symbol":"ADANIGREEN-EQ","action":"SELL","price":726.35,"quantity":1,"pnl":62.67500000000007,"timestamp":1771319672417}
{"symbol":"ICICIGI-EQ","action":"SELL","price":37.21,"quantity":1,"pnl":-3.980908163265312,"timestamp":1771319673417}
{"symbol":"CGPOWER-EQ","action":"SELL","price":447.15,"quantity":1,"pnl":-265.6230303030304,"timestamp":1771319673425}
{"symbol":"ZYDUSLIFE-EQ","action":"SELL","price":1288.52,"quantity":1,"pnl":-56.22958333333327,"timestamp":1771319673432}
{"symbol":"DMART-EQ","action":"SELL","price":7284.64,"quantity":1,"pnl":-692.5970535714287,"timestamp":1771319674419}
{"symbol":"MOTHERSON-EQ","action":"SELL","price":27.28,"quantity":1,"pnl":-0.14000000000000057,"timestamp":1771319674428}
{"symbol":"TVSMOTOR-EQ","action":"BUY","price":2717.87,"quantity":1,"timestamp":1771319675424}
{"symbol":"NAUKRI-EQ","action":"BUY","price":347.36,"quantity":1,"timestamp":1771319675435}
{"symbol":"DLF-EQ","action":"BUY","price":465.05,"quantity":1,"timestamp":1771319675443}
{"symbol":"HAVELLS-EQ","action":"SELL","price":815.08,"quantity":1,"pnl":-67.94062222222215,"timestamp":1771319677445}
{"symbol":"TVSMOTOR-EQ","action":"SELL","price":2869.64,"quantity":1,"pnl":-18.443333333333612,"timestamp":1771319678446}
{"symbol":"AMBUJACEM-EQ","action":"SELL","price":177.22,"quantity":1,"pnl":-8.698055555555527,"timestamp":1771319678459}
{"symbol":"BAJAJHLDNG-EQ","action":"SELL","price":38322.47,"quantity":1,"pnl":6311.845000000001,"timestamp":1771319679459}
{"symbol":"VEDL-EQ","action":"SELL","price":179.13,"quantity":1,"pnl":-24.728050000000025,"timestamp":1771319680460}
{"symbol":"LODHA-EQ","action":"SELL","price":401.45,"quantity":1,"pnl":-40.162222222222226,"timestamp":1771319680474}
{"symbol":"SIEMENS-EQ","action":"BUY","price":1508.37,"quantity":1,"timestamp":1771319681476}
{"symbol":"ABB-EQ","action":"BUY","price":3316.95,"quantity":1,"timestamp":1771319681481}
{"symbol":"ENRIN-EQ","action":"BUY","price":1255.21,"quantity":1,"timestamp":1771319681486}
{"symbol":"HAVELLS-EQ","action":"BUY","price":770.96,"quantity":1,"timestamp":1771319682478}
{"symbol":"ADANIGREEN-EQ","action":"BUY","price":686.08,"quantity":1,"timestamp":1771319682483}
{"symbol":"INDHOTEL-EQ","action":"SELL","price":1146.25,"quantity":1,"pnl":-54.047890625000264,"timestamp":1771319684490}
{"symbol":"JSWENERGY-EQ","action":"SELL","price":1205.25,"quantity":1,"pnl":133.46015624999995,"timestamp":1771319684501}
{"symbol":"PFC-EQ","action":"SELL","price":139.62,"quantity":1,"pnl":-31.494953703703686,"timestamp":1771319686498}
{"symbol":"ADANIGREEN-EQ","action":"SELL","price":722.22,"quantity":1,"pnl":47.34249999999997,"timestamp":1771319686511}
{"symbol":"IRFC-EQ","action":"SELL","price":56.43,"quantity":1,"pnl":0.5449999999999946,"timestamp":1771319686518}
{"symbol":"DLF-EQ","action":"SELL","price":489.07,"quantity":1,"pnl":24.019999999999982,"timestamp":1771319687504}
{"symbol":"BAJAJHFL-EQ","action":"SELL","price":255.43,"quantity":1,"pnl":-39.33051314800895,"timestamp":1771319687515}
{"symbol":"RECLTD-EQ","action":"SELL","price":630.17,"quantity":1,"pnl":46.91388888888889,"timestamp":1771319688510}
{"symbol":"BPCL-EQ","action":"SELL","price":411.84,"quantity":1,"pnl":-33.92751562500001,"timestamp":1771319689519}
{"symbol":"HINDZINC-EQ","action":"SELL","price":139.75,"quantity":1,"pnl":-16.186263503086394,"timestamp":1771319689534}
{"symbol":"SHREECEM-EQ","action":"SELL","price":27914.11,"quantity":1,"pnl":934.0457600000045,"timestamp":1771319690538}
{"symbol":"ABB-EQ","action":"SELL","price":3487.27,"quantity":1,"pnl":527.1875170068024,"timestamp":1771319691554}
{"symbol":"LTIM-EQ","action":"BUY","price":8457.66,"quantity":1,"timestamp":1771319692553}
{"symbol":"SOLARINDS-EQ","action":"BUY","price":2762.49,"quantity":1,"timestamp":1771319692563}
{"symbol":"TVSMOTOR-EQ","action":"BUY","price":2723.07,"quantity":1,"timestamp":1771319694563}
{"symbol":"HINDZINC-EQ","action":"BUY","price":132.21,"quantity":1,"timestamp":1771319694580}
{"symbol":"MAZDOCK-EQ","action":"BUY","price":1099.51,"quantity":1,"timestamp":1771319694586}
{"symbol":"BAJAJHFL-EQ","action":"BUY","price":241.74,"quantity":1,"timestamp":1771319694590}
{"symbol":"CHOLAFIN-EQ","action":"BUY","price":431.49,"quantity":1,"timestamp":1771319695571}
{"symbol":"TATAPOWER-EQ","action":"BUY","price":240.89,"quantity":1,"timestamp":1771319695579}
{"symbol":"INDHOTEL-EQ","action":"BUY","price":1087.64,"quantity":1,"timestamp":1771319695583}
{"symbol":"DMART-EQ","action":"BUY","price":6801.32,"quantity":1,"timestamp":1771319695587}
{"symbol":"HAVELLS-EQ","action":"BUY","price":690.01,"quantity":1,"timestamp":1771319695596}
{"symbol":"PIDILITIND-EQ","action":"SELL","price":890.53,"quantity":1,"pnl":141.5350970017637,"timestamp":1771319698596}
{"symbol":"CANBK-EQ","action":"SELL","price":453.35,"quantity":1,"pnl":-38.6433333333332,"timestamp":1771319700601}
{"symbol":"TORNTPHARM-EQ","action":"SELL","price":3766.45,"quantity":1,"pnl":-301.2555555555564,"timestamp":1771319700610}
{"symbol":"SIEMENS-EQ","action":"SELL","price":1494.99,"quantity":1,"pnl":-13.379999999999882,"timestamp":1771319700617}
{"symbol":"NAUKRI-EQ","action":"SELL","price":365.45,"quantity":1,"pnl":-51.02817460317465,"timestamp":1771319701612}
{"symbol":"PIDILITIND-EQ","action":"SELL","price":935.23,"quantity":1,"pnl":186.23509700176373,"timestamp":1771319701618}
{"symbol":"ICICIGI-EQ","action":"SELL","price":41.63,"quantity":1,"pnl":0.4390918367346899,"timestamp":1771319701623}
{"symbol":"BRITANNIA-EQ","action":"SELL","price":11130.38,"quantity":1,"pnl":2621.859466666665,"timestamp":1771319702612}
{"symbol":"ADANIENSOL-EQ","action":"SELL","price":349.24,"quantity":1,"pnl":35.98000000000002,"timestamp":1771319702629}
{"symbol":"VEDL-EQ","action":"SELL","price":176.82,"quantity":1,"pnl":-27.03805,"timestamp":1771319704635}
{"symbol":"BPCL-EQ","action":"SELL","price":459.04,"quantity":1,"pnl":13.272484375000033,"timestamp":1771319704644}
{"symbol":"INDHOTEL-EQ","action":"SELL","price":1143.52,"quantity":1,"pnl":-42.69565429687509,"timestamp":1771319704649}
{"symbol":"PFC-EQ","action":"BUY","price":131.74,"quantity":1,"timestamp":1771319705648}
{"symbol":"TATAPOWER-EQ","action":"BUY","price":228.15,"quantity":1,"timestamp":1771319706649}
{"symbol":"LODHA-EQ","action":"BUY","price":380.67,"quantity":1,"timestamp":1771319706666}
{"symbol":"LICI-EQ","action":"BUY","price":383.73,"quantity":1,"timestamp":1771319706674}
{"symbol":"GODREJCP-EQ","action":"BUY","price":1175.96,"quantity":1,"timestamp":1771319707655}
{"symbol":"MAZDOCK-EQ","action":"BUY","price":1036.71,"quantity":1,"timestamp":1771319708669}
{"symbol":"ADANIPOWER-EQ","action":"BUY","price":75.97,"quantity":1,"timestamp":1771319709676}
{"symbol":"CANBK-EQ","action":"BUY","price":406.72,"quantity":1,"timestamp":1771319709686}
{"symbol":"DLF-EQ","action":"BUY","price":490.37,"quantity":1,"timestamp":1771319709693}
{"symbol":"SOLARINDS-EQ","action":"BUY","price":2620.84,"quantity":1,"timestamp":1771319709700}
{"symbol":"PNB-EQ","action":"SELL","price":77.22,"quantity":1,"pnl":-55.66794642857138,"timestamp":1771319710688}
{"symbol":"HAVELLS-EQ","action":"BUY","price":613.16,"quantity":1,"timestamp":1771319712712}
{"symbol":"ADANIENSOL-EQ","action":"BUY","price":328.26,"quantity":1,"timestamp":1771319712728}
{"symbol":"RECLTD-EQ","action":"BUY","price":598.38,"quantity":1,"timestamp":1771319714720}
{"symbol":"HAL-EQ","action":"BUY","price":8216.3,"quantity":1,"timestamp":1771319716740}
{"symbol":"PFC-EQ","action":"BUY","price":124.63,"quantity":1,"timestamp":1771319716752}
{"symbol":"NAUKRI-EQ","action":"BUY","price":346,"quantity":1,"timestamp":1771319717746}
{"symbol":"DLF-EQ","action":"BUY","price":462.6,"quantity":1,"timestamp":1771319717759}
{"symbol":"DMART-EQ","action":"BUY","price":6418.7,"quantity":1,"timestamp":1771319718752}
{"symbol":"PFC-EQ","action":"BUY","price":118.03,"quantity":1,"timestamp":1771319719754}
{"symbol":"GAIL-EQ","action":"BUY","price":248.06,"quantity":1,"timestamp":1771319719764}
{"symbol":"LODHA-EQ","action":"BUY","price":374.41,"quantity":1,"timestamp":1771319719773}
{"symbol":"ABB-EQ","action":"BUY","price":3310.86,"quantity":1,"timestamp":1771319720775}
{"symbol":"ENRIN-EQ","action":"BUY","price":1060.28,"quantity":1,"timestamp":1771319720782}
{"symbol":"SOLARINDS-EQ","action":"BUY","price":2466.68,"quantity":1,"timestamp":1771319721783}
{"symbol":"ADANIGREEN-EQ","action":"BUY","price":643.59,"quantity":1,"timestamp":1771319721787}
{"symbol":"ZYDUSLIFE-EQ","action":"BUY","price":1284.21,"quantity":1,"timestamp":1771319721792}
{"symbol":"CHOLAFIN-EQ","action":"BUY","price":432.42,"quantity":1,"timestamp":1771319722776}
{"symbol":"BAJAJHFL-EQ","action":"BUY","price":213.52,"quantity":1,"timestamp":1771319722799}
{"symbol":"RECLTD-EQ","action":"BUY","price":566.13,"quantity":1,"timestamp":1771319723791}
{"symbol":"ADANIENSOL-EQ","action":"BUY","price":308.64,"quantity":1,"timestamp":1771319723798}
{"symbol":"PIDILITIND-EQ","action":"BUY","price":835.31,"quantity":1,"timestamp":1771319724802}
{"symbol":"VEDL-EQ","action":"BUY","price":167.76,"quantity":1,"timestamp":1771319725795}
{"symbol":"ADANIPOWER-EQ","action":"BUY","price":71.88,"quantity":1,"timestamp":1771319726813}
{"symbol":"BOSCHLTD-EQ","action":"BUY","price":16923.96,"quantity":1,"timestamp":1771319726827}
{"symbol":"TVSMOTOR-EQ","action":"BUY","price":2581.03,"quantity":1,"timestamp":1771319727807}
{"symbol":"VBL-EQ","action":"BUY","price":508.67,"quantity":1,"timestamp":1771319727816}
{"symbol":"JSWENERGY-EQ","action":"BUY","price":1219.68,"quantity":1,"timestamp":1771319727826}
{"symbol":"BAJAJHFL-EQ","action":"BUY","price":201.12,"quantity":1,"timestamp":1771319727831}
{"symbol":"NAUKRI-EQ","action":"BUY","price":327.27,"quantity":1,"timestamp":1771319728819}
{"symbol":"SIEMENS-EQ","action":"BUY","price":1481.58,"quantity":1,"timestamp":1771319728835}
{"symbol":"CHOLAFIN-EQ","action":"BUY","price":408.42,"quantity":1,"timestamp":1771319729818}
{"symbol":"PFC-EQ","action":"BUY","price":110.8,"quantity":1,"timestamp":1771319729833}
{"symbol":"MAZDOCK-EQ","action":"BUY","price":977.86,"quantity":1,"timestamp":1771319730838}
{"symbol":"HAL-EQ","action":"BUY","price":7803.61,"quantity":1,"timestamp":1771319732850}
{"symbol":"LODHA-EQ","action":"BUY","price":354.38,"quantity":1,"timestamp":1771319732867}
{"symbol":"AMBUJACEM-EQ","action":"SELL","price":198.09,"quantity":1,"pnl":12.17194444444445,"timestamp":1771319733865}
{"symbol":"ADANIENSOL-EQ","action":"SELL","price":327.94,"quantity":1,"pnl":9.490000000000009,"timestamp":1771319733872}
{"symbol":"TVSMOTOR-EQ","action":"SELL","price":2716.21,"quantity":1,"pnl":-53.85666666666657,"timestamp":1771319734863}
{"symbol":"PFC-EQ","action":"SELL","price":118.93,"quantity":1,"pnl":-34.07042508417507,"timestamp":1771319734887}
{"symbol":"LODHA-EQ","action":"SELL","price":372.85,"quantity":1,"pnl":-25.686888888888916,"timestamp":1771319735880}
{"symbol":"PIDILITIND-EQ","action":"SELL","price":887.04,"quantity":1,"pnl":94.88754850088185,"timestamp":1771319736886}
{"symbol":"HYUNDAI-EQ","action":"SELL","price":15186.99,"quantity":1,"pnl":-1189.0072222222225,"timestamp":1771319736893}
{"symbol":"HINDZINC-EQ","action":"SELL","price":148.16,"quantity":1,"pnl":-5.799074877829213,"timestamp":1771319736898}
{"symbol":"MAZDOCK-EQ","action":"SELL","price":1039.16,"quantity":1,"pnl":-28.91249999999991,"timestamp":1771319736903}
{"symbol":"ADANIENSOL-EQ","action":"BUY","price":306.97,"quantity":1,"timestamp":1771319738897}
{"symbol":"TATAPOWER-EQ","action":"BUY","price":213.52,"quantity":1,"timestamp":1771319739898}
{"symbol":"INDHOTEL-EQ","action":"BUY","price":1214.68,"quantity":1,"timestamp":1771319739906}
{"symbol":"NAUKRI-EQ","action":"BUY","price":322.68,"quantity":1,"timestamp":1771319739912}
{"symbol":"TVSMOTOR-EQ","action":"BUY","price":2559.1,"quantity":1,"timestamp":1771319741906}
{"symbol":"PFC-EQ","action":"BUY","price":112.23,"quantity":1,"timestamp":1771319742928}
{"symbol":"BAJAJHFL-EQ","action":"BUY","price":187.95,"quantity":1,"timestamp":1771319742946}
{"symbol":"DLF-EQ","action":"BUY","price":437.55,"quantity":1,"timestamp":1771319743939}
{"symbol":"JINDALSTEL-EQ","action":"BUY","price":1082.31,"quantity":1,"timestamp":1771319743946}
{"symbol":"HINDZINC-EQ","action":"BUY","price":139.84,"quantity":1,"timestamp":1771319743953}
{"symbol":"PIDILITIND-EQ","action":"BUY","price":841.43,"quantity":1,"timestamp":1771319744942}
{"symbol":"SOLARINDS-EQ","action":"BUY","price":2324.25,"quantity":1,"timestamp":1771319745948}
{"symbol":"INDHOTEL-EQ","action":"BUY","price":1134.41,"quantity":1,"timestamp":1771319746942}
{"symbol":"NAUKRI-EQ","action":"BUY","price":302.23,"quantity":1,"timestamp":1771319747957}
{"symbol":"BOSCHLTD-EQ","action":"BUY","price":15870.49,"quantity":1,"timestamp":1771319747969}
{"symbol":"PNB-EQ","action":"BUY","price":77.71,"quantity":1,"timestamp":1771319748974}
{"symbol":"MOTHERSON-EQ","action":"BUY","price":21.83,"quantity":1,"timestamp":1771319749982}
{"symbol":"BAJAJHLDNG-EQ","action":"BUY","price":38887.6,"quantity":1,"timestamp":1771319749988}
{"symbol":"LODHA-EQ","action":"BUY","price":349.85,"quantity":1,"timestamp":1771319750004}
{"symbol":"VBL-EQ","action":"BUY","price":473.95,"quantity":1,"timestamp":1771319750978}
{"symbol":"TATAPOWER-EQ","action":"BUY","price":199.15,"quantity":1,"timestamp":1771319750986}
{"symbol":"ADANIENSOL-EQ","action":"BUY","price":311.35,"quantity":1,"timestamp":1771319750996}
{"symbol":"TORNTPHARM-EQ","action":"BUY","price":3969.38,"quantity":1,"timestamp":1771319751986}
{"symbol":"SIEMENS-EQ","action":"BUY","price":1497.09,"quantity":1,"timestamp":1771319751999}
{"symbol":"BAJAJHLDNG-EQ","action":"BUY","price":36716.02,"quantity":1,"timestamp":1771319752991}
{"symbol":"HYUNDAI-EQ","action":"BUY","price":14265.14,"quantity":1,"timestamp":1771319753003}
{"symbol":"IRFC-EQ","action":"BUY","price":55.95,"quantity":1,"timestamp":1771319753023}
{"symbol":"LTIM-EQ","action":"BUY","price":9485.4,"quantity":1,"timestamp":1771319754008}
{"symbol":"CGPOWER-EQ","action":"BUY","price":350.3,"quantity":1,"timestamp":1771319754037}
{"symbol":"TATAPOWER-EQ","action":"SELL","price":209.62,"quantity":1,"pnl":-29.28524999999999,"timestamp":1771319755005}
{"symbol":"MOTHERSON-EQ","action":"SELL","price":22.95,"quantity":1,"pnl":-1.6750000000000007,"timestamp":1771319755016}
{"symbol":"PNB-EQ","action":"SELL","price":81.75,"quantity":1,"pnl":-41.9416220238095,"timestamp":1771319755027}
{"symbol":"ZYDUSLIFE-EQ","action":"SELL","price":1348.76,"quantity":1,"pnl":19.145312500000045,"timestamp":1771319755042}
{"symbol":"VBL-EQ","action":"SELL","price":501.44,"quantity":1,"pnl":-9.347442602040871,"timestamp":1771319756011}
{"symbol":"GAIL-EQ","action":"SELL","price":291.85,"quantity":1,"pnl":9.761250000000075,"timestamp":1771319757045}
{"symbol":"HAL-EQ","action":"SELL","price":8295.98,"quantity":1,"pnl":-92.72333333333336,"timestamp":1771319758030}
{"symbol":"ICICIGI-EQ","action":"SELL","price":48.5,"quantity":1,"pnl":7.30909183673468,"timestamp":1771319758053}
{"symbol":"IRFC-EQ","action":"SELL","price":59.45,"quantity":1,"pnl":3.532499999999999,"timestamp":1771319758069}
{"symbol":"HINDZINC-EQ","action":"SELL","price":147.9,"quantity":1,"pnl":-4.882485304676777,"timestamp":1771319759061}
{"symbol":"PNB-EQ","action":"SELL","price":86.61,"quantity":1,"pnl":-37.081622023809516,"timestamp":1771319760053}
{"symbol":"TORNTPHARM-EQ","action":"SELL","price":4204.53,"quantity":1,"pnl":156.4895555555545,"timestamp":1771319760058}
{"symbol":"HAVELLS-EQ","action":"SELL","price":606.76,"quantity":1,"pnl":-161.2742488888888,"timestamp":1771319760064}
{"symbol":"JSWENERGY-EQ","action":"SELL","price":1214.53,"quantity":1,"pnl":93.44343749999962,"timestamp":1771319760072}
{"symbol":"DIVISLAB-EQ","action":"SELL","price":10470.17,"quantity":1,"pnl":1780.6366666666672,"timestamp":1771319761049}
{"symbol":"INDHOTEL-EQ","action":"SELL","price":1207.29,"quantity":1,"pnl":23.667824435763805,"timestamp":1771319761058}
{"symbol":"DMART-EQ","action":"SELL","price":7070.2,"quantity":1,"pnl":-565.2302901785715,"timestamp":1771319761063}
{"symbol":"SHREECEM-EQ","action":"SELL","price":31012.57,"quantity":1,"pnl":4032.50576,"timestamp":1771319761072}
{"symbol":"MOTHERSON-EQ","action":"SELL","price":24.56,"quantity":1,"pnl":-0.06500000000000128,"timestamp":1771319762056}
{"symbol":"GAIL-EQ","action":"SELL","price":310.01,"quantity":1,"pnl":27.921249999999986,"timestamp":1771319762065}
{"symbol":"JINDALSTEL-EQ","action":"SELL","price":1086.26,"quantity":1,"pnl":-53.27560185185189,"timestamp":1771319762071}
{"symbol":"VBL-EQ","action":"SELL","price":532.23,"quantity":1,"pnl":21.44255739795915,"timestamp":1771319763055}
{"symbol":"SIEMENS-EQ","action":"BUY","price":1409.21,"quantity":1,"timestamp":1771319765069}
{"symbol":"BRITANNIA-EQ","action":"BUY","price":12486.05,"quantity":1,"timestamp":1771319766061}
{"symbol":"BAJAJHLDNG-EQ","action":"BUY","price":34301.1,"quantity":1,"timestamp":1771319767073}
{"symbol":"ADANIGREEN-EQ","action":"BUY","price":572.96,"quantity":1,"timestamp":1771319767084}
{"symbol":"DMART-EQ","action":"BUY","price":6943.47,"quantity":1,"timestamp":1771319771111}
{"symbol":"CANBK-EQ","action":"BUY","price":427.81,"quantity":1,"timestamp":1771319771116}
{"symbol":"NAUKRI-EQ","action":"BUY","price":284.09,"quantity":1,"timestamp":1771319771120}
{"symbol":"HYUNDAI-EQ","action":"BUY","price":12658.11,"quantity":1,"timestamp":1771319771127}
{"symbol":"ICICIGI-EQ","action":"SELL","price":51.2,"quantity":1,"pnl":10.009091836734683,"timestamp":1771319772123}
{"symbol":"UNITDSPR-EQ","action":"SELL","price":721.95,"quantity":1,"pnl":-96.29083333333335,"timestamp":1771319772129}
{"symbol":"JINDALSTEL-EQ","action":"SELL","price":1152.81,"quantity":1,"pnl":13.274398148148066,"timestamp":1771319773121}
{"symbol":"INDHOTEL-EQ","action":"SELL","price":1288.24,"quantity":1,"pnl":104.61782443576385,"timestamp":1771319774125}
{"symbol":"IRFC-EQ","action":"SELL","price":62.73,"quantity":1,"pnl":6.812499999999993,"timestamp":1771319774142}
{"symbol":"DMART-EQ","action":"SELL","price":7335.49,"quantity":1,"pnl":-213.4452539062504,"timestamp":1771319775126}
{"symbol":"ICICIGI-EQ","action":"SELL","price":54.06,"quantity":1,"pnl":12.869091836734682,"timestamp":1771319775136}
{"symbol":"HAVELLS-EQ","action":"SELL","price":640.35,"quantity":1,"pnl":-127.68424888888876,"timestamp":1771319775142}
{"symbol":"PNB-EQ","action":"SELL","price":91.44,"quantity":1,"pnl":-32.25162202380952,"timestamp":1771319778153}
{"symbol":"BAJAJHLDNG-EQ","action":"SELL","price":33928.48,"quantity":1,"pnl":-2706.4266666666663,"timestamp":1771319779154}
{"symbol":"AMBUJACEM-EQ","action":"SELL","price":213.54,"quantity":1,"pnl":27.621944444444438,"timestamp":1771319780166}
{"symbol":"JSWENERGY-EQ","action":"SELL","price":1280.69,"quantity":1,"pnl":159.60343749999993,"timestamp":1771319780172}
{"symbol":"PIDILITIND-EQ","action":"SELL","price":829.08,"quantity":1,"pnl":12.288774250440952,"timestamp":1771319781175}
{"symbol":"CGPOWER-EQ","action":"SELL","price":332.87,"quantity":1,"pnl":-346.9509366391185,"timestamp":1771319781183}
{"symbol":"GODREJCP-EQ","action":"BUY","price":1240.12,"quantity":1,"timestamp":1771319782195}
{"symbol":"HAL-EQ","action":"BUY","price":7631.36,"quantity":1,"timestamp":1771319784204}
{"symbol":"PFC-EQ","action":"BUY","price":105.05,"quantity":1,"timestamp":1771319784217}
{"symbol":"TORNTPHARM-EQ","action":"BUY","price":3985.14,"quantity":1,"timestamp":1771319784225}
{"symbol":"HYUNDAI-EQ","action":"BUY","price":11869.8,"quantity":1,"timestamp":1771319784232}
{"symbol":"ADANIPOWER-EQ","action":"SELL","price":71,"quantity":1,"pnl":-10.139327272727272,"timestamp":1771319785212}
{"symbol":"BAJAJHLDNG-EQ","action":"SELL","price":35771.38,"quantity":1,"pnl":-863.5266666666648,"timestamp":1771319786227}
{"symbol":"ICICIGI-EQ","action":"SELL","price":57.68,"quantity":1,"pnl":16.48909183673468,"timestamp":1771319786232}
{"symbol":"IRFC-EQ","action":"BUY","price":55.51,"quantity":1,"timestamp":1771319787237}
{"symbol":"PFC-EQ","action":"SELL","price":110.71,"quantity":1,"pnl":-34.89702090347923,"timestamp":1771319789242}
{"symbol":"RECLTD-EQ","action":"SELL","price":569.12,"quantity":1,"pnl":-13.802407407407372,"timestamp":1771319789255}
{"symbol":"BOSCHLTD-EQ","action":"SELL","price":15874.35,"quantity":1,"pnl":1606.8279999999995,"timestamp":1771319789266}
{"symbol":"SIEMENS-EQ","action":"SELL","price":1488.78,"quantity":1,"pnl":26.153333333333194,"timestamp":1771319789277}
{"symbol":"BAJAJHFL-EQ","action":"SELL","price":198.54,"quantity":1,"pnl":-72.31250939143493,"timestamp":1771319792281}
{"symbol":"BANKBARODA-EQ","action":"SELL","price":237.76,"quantity":1,"pnl":13.445625000000007,"timestamp":1771319793275}
{"symbol":"PFC-EQ","action":"SELL","price":116.45,"quantity":1,"pnl":-29.15702090347922,"timestamp":1771319793285}
{"symbol":"PIDILITIND-EQ","action":"SELL","price":881.12,"quantity":1,"pnl":64.32877425044092,"timestamp":1771319793291}
{"symbol":"HYUNDAI-EQ","action":"SELL","price":12510.53,"quantity":1,"pnl":-1798.4788888888888,"timestamp":1771319794279}
{"symbol":"UNITDSPR-EQ","action":"SELL","price":764.85,"quantity":1,"pnl":-53.390833333333376,"timestamp":1771319795286}
{"symbol":"SOLARINDS-EQ","action":"SELL","price":2291.8,"quantity":1,"pnl":-821.6743499999998,"timestamp":1771319796291}
{"symbol":"MAZDOCK-EQ","action":"SELL","price":1039.11,"quantity":1,"pnl":-28.96250000000009,"timestamp":1771319797296}
{"symbol":"INDHOTEL-EQ","action":"SELL","price":1367.83,"quantity":1,"pnl":184.20782443576377,"timestamp":1771319798297}
{"symbol":"BANKBARODA-EQ","action":"BUY","price":224.22,"quantity":1,"timestamp":1771319801315}
{"symbol":"HYUNDAI-EQ","action":"BUY","price":11793.93,"quantity":1,"timestamp":1771319801331}
{"symbol":"HAL-EQ","action":"BUY","price":7240.74,"quantity":1,"timestamp":1771319803329}
{"symbol":"PIDILITIND-EQ","action":"BUY","price":825.79,"quantity":1,"timestamp":1771319803341}
{"symbol":"ABB-EQ","action":"BUY","price":2953.61,"quantity":1,"timestamp":1771319803350}
{"symbol":"VBL-EQ","action":"BUY","price":452.95,"quantity":1,"timestamp":1771319804348}
{"symbol":"HINDZINC-EQ","action":"BUY","price":124.84,"quantity":1,"timestamp":1771319805362}
{"symbol":"BAJAJHLDNG-EQ","action":"BUY","price":33744.9,"quantity":1,"timestamp":1771319806365}
{"symbol":"RECLTD-EQ","action":"BUY","price":535.32,"quantity":1,"timestamp":1771319806371}
{"symbol":"SOLARINDS-EQ","action":"SELL","price":2426.55,"quantity":1,"pnl":-686.9243499999998,"timestamp":1771319807373}
{"symbol":"INDHOTEL-EQ","action":"SELL","price":1547,"quantity":1,"pnl":363.37782443576384,"timestamp":1771319808374}
{"symbol":"ZYDUSLIFE-EQ","action":"SELL","price":1705.72,"quantity":1,"pnl":376.1053125000001,"timestamp":1771319808386}
{"symbol":"JSWENERGY-EQ","action":"SELL","price":1347.81,"quantity":1,"pnl":226.72343749999982,"timestamp":1771319810395}
{"symbol":"IRFC-EQ","action":"SELL","price":55.76,"quantity":1,"pnl":0.25,"timestamp":1771319810403}
{"symbol":"LODHA-EQ","action":"SELL","price":353,"quantity":1,"pnl":-35.799511111111144,"timestamp":1771319811401}
{"symbol":"HINDZINC-EQ","action":"SELL","price":131.8,"quantity":1,"pnl":-18.653944862620364,"timestamp":1771319811408}
{"symbol":"ADANIPOWER-EQ","action":"SELL","price":79.71,"quantity":1,"pnl":-1.4293272727272637,"timestamp":1771319814438}
{"symbol":"PFC-EQ","action":"SELL","price":122.71,"quantity":1,"pnl":-22.89702090347923,"timestamp":1771319815442}
{"symbol":"INDHOTEL-EQ","action":"BUY","price":1467.34,"quantity":1,"timestamp":1771319816444}
{"symbol":"ADANIGREEN-EQ","action":"BUY","price":511.01,"quantity":1,"timestamp":1771319816457}
{"symbol":"CANBK-EQ","action":"BUY","price":351.31,"quantity":1,"timestamp":1771319817460}
{"symbol":"VEDL-EQ","action":"BUY","price":173.04,"quantity":1,"timestamp":1771319818465}
{"symbol":"DMART-EQ","action":"BUY","price":6518.11,"quantity":1,"timestamp":1771319818475}
{"symbol":"GAIL-EQ","action":"BUY","price":309.25,"quantity":1,"timestamp":1771319818484}
{"symbol":"JINDALSTEL-EQ","action":"BUY","price":1143.05,"quantity":1,"timestamp":1771319818490}
{"symbol":"HAVELLS-EQ","action":"BUY","price":570.23,"quantity":1,"timestamp":1771319818495}
{"symbol":"LODHA-EQ","action":"BUY","price":334.96,"quantity":1,"timestamp":1771319818502}
{"symbol":"MAZDOCK-EQ","action":"BUY","price":984.3,"quantity":1,"timestamp":1771319818508}
{"symbol":"PFC-EQ","action":"BUY","price":115.29,"quantity":1,"timestamp":1771319819470}
{"symbol":"HYUNDAI-EQ","action":"BUY","price":10972.17,"quantity":1,"timestamp":1771319819483}
{"symbol":"IOC-EQ","action":"BUY","price":461.85,"quantity":1,"timestamp":1771319821484}
{"symbol":"BAJAJHLDNG-EQ","action":"BUY","price":30231,"quantity":1,"timestamp":1771319821495}
{"symbol":"LODHA-EQ","action":"BUY","price":317.41,"quantity":1,"timestamp":1771319821504}
{"symbol":"CHOLAFIN-EQ","action":"SELL","price":330.46,"quantity":1,"pnl":-163.85928571428576,"timestamp":1771319822483}
{"symbol":"BANKBARODA-EQ","action":"SELL","price":235.44,"quantity":1,"pnl":11.17281250000002,"timestamp":1771319822492}
{"symbol":"BOSCHLTD-EQ","action":"SELL","price":16831.6,"quantity":1,"pnl":2564.0779999999977,"timestamp":1771319822508}
{"symbol":"TVSMOTOR-EQ","action":"SELL","price":2647.27,"quantity":1,"pnl":-70.05500000000029,"timestamp":1771319823489}
{"symbol":"DMART-EQ","action":"SELL","price":6927.87,"quantity":1,"pnl":-492.21209716796875,"timestamp":1771319823499}
{"symbol":"DIVISLAB-EQ","action":"BUY","price":10659.52,"quantity":1,"timestamp":1771319824503}
{"symbol":"LODHA-EQ","action":"BUY","price":295.58,"quantity":1,"timestamp":1771319824519}
{"symbol":"LICI-EQ","action":"BUY","price":386.27,"quantity":1,"timestamp":1771319824525}
{"symbol":"SHREECEM-EQ","action":"BUY","price":29110.07,"quantity":1,"timestamp":1771319825515}
{"symbol":"VEDL-EQ","action":"BUY","price":163.23,"quantity":1,"timestamp":1771319826511}
{"symbol":"UNITDSPR-EQ","action":"BUY","price":673,"quantity":1,"timestamp":1771319826523}
{"symbol":"PFC-EQ","action":"BUY","price":107.91,"quantity":1,"timestamp":1771319827518}
{"symbol":"CGPOWER-EQ","action":"BUY","price":290.82,"quantity":1,"timestamp":1771319827528}
{"symbol":"MAZDOCK-EQ","action":"BUY","price":933.17,"quantity":1,"timestamp":1771319827536}
{"symbol":"PIDILITIND-EQ","action":"SELL","price":821.96,"quantity":1,"pnl":-3.8299999999999272,"timestamp":1771319828529}
{"symbol":"CGPOWER-EQ","action":"SELL","price":306.18,"quantity":1,"pnl":-338.2772151264714,"timestamp":1771319830548}
{"symbol":"SHREECEM-EQ","action":"SELL","price":30684.49,"quantity":1,"pnl":2639.422880000002,"timestamp":1771319830555}
{"symbol":"SIEMENS-EQ","action":"SELL","price":1650.66,"quantity":1,"pnl":188.03333333333353,"timestamp":1771319830562}
{"symbol":"ZYDUSLIFE-EQ","action":"SELL","price":1893.73,"quantity":1,"pnl":564.1153125000001,"timestamp":1771319831571}
{"symbol":"BAJAJHLDNG-EQ","action":"SELL","price":29604.94,"quantity":1,"pnl":-3931.9955555555607,"timestamp":1771319832573}
{"symbol":"ABB-EQ","action":"SELL","price":2949.73,"quantity":1,"pnl":-53.390612244897966,"timestamp":1771319833591}
{"symbol":"MAZDOCK-EQ","action":"SELL","price":990.1,"quantity":1,"pnl":-23.303749999999923,"timestamp":1771319833599}
{"symbol":"BAJAJHLDNG-EQ","action":"SELL","price":31193.23,"quantity":1,"pnl":-2343.7055555555526,"timestamp":1771319836610}
{"symbol":"ADANIGREEN-EQ","action":"SELL","price":511.34,"quantity":1,"pnl":-89.26937500000003,"timestamp":1771319836636}
{"symbol":"CHOLAFIN-EQ","action":"SELL","price":353.17,"quantity":1,"pnl":-141.14928571428572,"timestamp":1771319837615}
{"symbol":"VBL-EQ","action":"SELL","price":452.04,"quantity":1,"pnl":-50.48495080174928,"timestamp":1771319838621}
{"symbol":"LICI-EQ","action":"SELL","price":387.63,"quantity":1,"pnl":22.747511111111123,"timestamp":1771319839642}
{"symbol":"DMART-EQ","action":"SELL","price":6846.79,"quantity":1,"pnl":-573.2920971679687,"timestamp":1771319840640}
{"symbol":"HAVELLS-EQ","action":"SELL","price":570.1,"quantity":1,"pnl":-148.4831866666666,"timestamp":1771319840652}
{"symbol":"ENRIN-EQ","action":"BUY","price":1044.08,"quantity":1,"timestamp":1771319841663}
{"symbol":"IOC-EQ","action":"BUY","price":435.25,"quantity":1,"timestamp":1771319842655}
{"symbol":"JSWENERGY-EQ","action":"BUY","price":1276.69,"quantity":1,"timestamp":1771319843664}
{"symbol":"ABB-EQ","action":"SELL","price":3108.54,"quantity":1,"pnl":105.41938775510198,"timestamp":1771319844671}
{"symbol":"PNB-EQ","action":"SELL","price":90.89,"quantity":1,"pnl":-32.80162202380953,"timestamp":1771319845682}
{"symbol":"GODREJCP-EQ","action":"SELL","price":1307.04,"quantity":1,"pnl":-116.2179773662549,"timestamp":1771319846680}
{"symbol":"HAVELLS-EQ","action":"SELL","price":602.72,"quantity":1,"pnl":-115.86318666666659,"timestamp":1771319847687}
{"symbol":"VEDL-EQ","action":"SELL","price":171.51,"quantity":1,"pnl":-16.9846,"timestamp":1771319848688}
{"symbol":"ADANIPOWER-EQ","action":"SELL","price":77.84,"quantity":1,"pnl":-3.299327272727254,"timestamp":1771319848702}
{"symbol":"DIVISLAB-EQ","action":"SELL","price":11288.31,"quantity":1,"pnl":628.789999999999,"timestamp":1771319851722}
{"symbol":"RECLTD-EQ","action":"SELL","price":503.46,"quantity":1,"pnl":-71.52867283950621,"timestamp":1771319851735}
{"symbol":"ZYDUSLIFE-EQ","action":"SELL","price":1796.86,"quantity":1,"pnl":467.24531249999995,"timestamp":1771319851746}
{"symbol":"MAZDOCK-EQ","action":"SELL","price":1041.64,"quantity":1,"pnl":28.236250000000155,"timestamp":1771319851751}
{"symbol":"GAIL-EQ","action":"SELL","price":331.1,"quantity":1,"pnl":35.43062500000002,"timestamp":1771319853757}
{"symbol":"UNITDSPR-EQ","action":"SELL","price":627.79,"quantity":1,"pnl":-142.03722222222234,"timestamp":1771319853764}
{"symbol":"IOC-EQ","action":"SELL","price":434.06,"quantity":1,"pnl":-39.89073015873015,"timestamp":1771319854751}
{"symbol":"JINDALSTEL-EQ","action":"SELL","price":1146.99,"quantity":1,"pnl":3.9400000000000546,"timestamp":1771319854763}
{"symbol":"ADANIENSOL-EQ","action":"SELL","price":346.87,"quantity":1,"pnl":34.61333333333329,"timestamp":1771319854769}
{"symbol":"HAL-EQ","action":"SELL","price":7633.03,"quantity":1,"pnl":-279.34666666666726,"timestamp":1771319855751}
{"symbol":"VEDL-EQ","action":"SELL","price":180.86,"quantity":1,"pnl":-7.634599999999978,"timestamp":1771319858780}
{"symbol":"ADANIENSOL-EQ","action":"SELL","price":365.27,"quantity":1,"pnl":53.01333333333332,"timestamp":1771319858794}
{"symbol":"CHOLAFIN-EQ","action":"BUY","price":350.76,"quantity":1,"timestamp":1771319859787}
{"symbol":"CANBK-EQ","action":"BUY","price":349.87,"quantity":1,"timestamp":1771319859796}
{"symbol":"GODREJCP-EQ","action":"BUY","price":1239.82,"quantity":1,"timestamp":1771319859801}
{"symbol":"PNB-EQ","action":"BUY","price":85.56,"quantity":1,"timestamp":1771319859807}
{"symbol":"SIEMENS-EQ","action":"BUY","price":1536.88,"quantity":1,"timestamp":1771319860806}
{"symbol":"INDHOTEL-EQ","action":"SELL","price":1543.13,"quantity":1,"pnl":312.22152036313673,"timestamp":1771319862811}
{"symbol":"HYUNDAI-EQ","action":"SELL","price":13021.06,"quantity":1,"pnl":-312.62925925926174,"timestamp":1771319862823}
{"symbol":"TVSMOTOR-EQ","action":"SELL","price":2625.19,"quantity":1,"pnl":-92.13500000000022,"timestamp":1771319863811}
{"symbol":"SIEMENS-EQ","action":"SELL","price":1613.86,"quantity":1,"pnl":114.10666666666657,"timestamp":1771319863831}
{"symbol":"BRITANNIA-EQ","action":"SELL","price":12168.13,"quantity":1,"pnl":2333.7663111111106,"timestamp":1771319864827}
{"symbol":"LTIM-EQ","action":"SELL","price":10003.35,"quantity":1,"pnl":1031.8200000000015,"timestamp":1771319865843}
{"symbol":"RECLTD-EQ","action":"SELL","price":532.11,"quantity":1,"pnl":-42.87867283950618,"timestamp":1771319865856}
{"symbol":"PNB-EQ","action":"SELL","price":90.95,"quantity":1,"pnl":-20.031081349206346,"timestamp":1771319865862}
{"symbol":"SOLARINDS-EQ","action":"SELL","price":2419.93,"quantity":1,"pnl":-693.5443500000001,"timestamp":1771319865876}
{"symbol":"MAZDOCK-EQ","action":"SELL","price":1111.25,"quantity":1,"pnl":97.84625000000005,"timestamp":1771319865891}
{"symbol":"SIEMENS-EQ","action":"SELL","price":1706.27,"quantity":1,"pnl":206.51666666666665,"timestamp":1771319867862}
{"symbol":"TVSMOTOR-EQ","action":"BUY","price":2454.56,"quantity":1,"timestamp":1771319868858}
{"symbol":"BAJAJHLDNG-EQ","action":"BUY","price":29556.82,"quantity":1,"timestamp":1771319868874}
{"symbol":"HINDZINC-EQ","action":"BUY","price":125.19,"quantity":1,"timestamp":1771319868885}
{"symbol":"ADANIENSOL-EQ","action":"BUY","price":343.88,"quantity":1,"timestamp":1771319869871}
{"symbol":"UNITDSPR-EQ","action":"BUY","price":594.46,"quantity":1,"timestamp":1771319870874}
{"symbol":"SHREECEM-EQ","action":"BUY","price":26092.76,"quantity":1,"timestamp":1771319870880}
{"symbol":"BANKBARODA-EQ","action":"BUY","price":210.28,"quantity":1,"timestamp":1771319871874}
{"symbol":"IOC-EQ","action":"BUY","price":364,"quantity":1,"timestamp":1771319873889}
{"symbol":"ZYDUSLIFE-EQ","action":"BUY","price":1777.98,"quantity":1,"timestamp":1771319873907}
{"symbol":"PNB-EQ","action":"BUY","price":86.09,"quantity":1,"timestamp":1771319874899}
{"symbol":"SOLARINDS-EQ","action":"BUY","price":2288.41,"quantity":1,"timestamp":1771319874907}
{"symbol":"ADANIGREEN-EQ","action":"BUY","price":456,"quantity":1,"timestamp":1771319874912}
{"symbol":"ABB-EQ","action":"BUY","price":2771.08,"quantity":1,"timestamp":1771319874917}
{"symbol":"BANKBARODA-EQ","action":"BUY","price":199.26,"quantity":1,"timestamp":1771319875899}
{"symbol":"HAVELLS-EQ","action":"BUY","price":534.99,"quantity":1,"timestamp":1771319876909}
{"symbol":"BAJAJHFL-EQ","action":"BUY","price":168.56,"quantity":1,"timestamp":1771319876923}
{"symbol":"TVSMOTOR-EQ","action":"SELL","price":2582.21,"quantity":1,"pnl":-47.52666666666619,"timestamp":1771319877908}
{"symbol":"RECLTD-EQ","action":"SELL","price":561.16,"quantity":1,"pnl":-13.828672839506226,"timestamp":1771319877921}
{"symbol":"TORNTPHARM-EQ","action":"SELL","price":3546.91,"quantity":1,"pnl":-488.5503555555565,"timestamp":1771319877928}
{"symbol":"ENRIN-EQ","action":"SELL","price":1037.18,"quantity":1,"pnl":-295.75325,"timestamp":1771319877939}
{"symbol":"BAJAJHLDNG-EQ","action":"SELL","price":31064.19,"quantity":1,"pnl":-482.6877777777772,"timestamp":1771319878926}
{"symbol":"BANKBARODA-EQ","action":"SELL","price":209.85,"quantity":1,"pnl":-1.4190624999999955,"timestamp":1771319879921}
{"symbol":"CGPOWER-EQ","action":"SELL","price":302.59,"quantity":1,"pnl":-341.8672151264714,"timestamp":1771319880933}
{"symbol":"CANBK-EQ","action":"SELL","price":373.32,"quantity":1,"pnl":-32.22066666666666,"timestamp":1771319881942}
{"symbol":"RECLTD-EQ","action":"SELL","price":593.72,"quantity":1,"pnl":18.731327160493834,"timestamp":1771319881948}
{"symbol":"BOSCHLTD-EQ","action":"SELL","price":16002.55,"quantity":1,"pnl":1735.0279999999966,"timestamp":1771319881956}
{"symbol":"DLF-EQ","action":"SELL","price":486.11,"quantity":1,"pnl":22.603333333333353,"timestamp":1771319882946}
{"symbol":"MAZDOCK-EQ","action":"SELL","price":1174.72,"quantity":1,"pnl":161.31625000000008,"timestamp":1771319883947}
{"symbol":"VBL-EQ","action":"SELL","price":398.77,"quantity":1,"pnl":-103.75495080174937,"timestamp":1771319884945}
{"symbol":"SHREECEM-EQ","action":"SELL","price":26184.15,"quantity":1,"pnl":-884.7635599999994,"timestamp":1771319884957}
{"symbol":"DIVISLAB-EQ","action":"BUY","price":10594.75,"quantity":1,"timestamp":1771319885951}
{"symbol":"ADANIPOWER-EQ","action":"SELL","price":82.99,"quantity":1,"pnl":1.8506727272727517,"timestamp":1771319886965}
{"symbol":"DMART-EQ","action":"SELL","price":6809.87,"quantity":1,"pnl":-610.2120971679678,"timestamp":1771319887965}
{"symbol":"ZYDUSLIFE-EQ","action":"SELL","price":1886.4,"quantity":1,"pnl":108.42000000000007,"timestamp":1771319887980}
{"symbol":"ENRIN-EQ","action":"SELL","price":1091.41,"quantity":1,"pnl":-241.52324999999996,"timestamp":1771319887984}
{"symbol":"TATAPOWER-EQ","action":"SELL","price":208.68,"quantity":1,"pnl":-30.22524999999996,"timestamp":1771319888977}
{"symbol":"TORNTPHARM-EQ","action":"SELL","price":3481.02,"quantity":1,"pnl":-554.4403555555564,"timestamp":1771319888990}
{"symbol":"ADANIGREEN-EQ","action":"SELL","price":482.72,"quantity":1,"pnl":-81.73703124999997,"timestamp":1771319891011}
{"symbol":"ABB-EQ","action":"SELL","price":2971.35,"quantity":1,"pnl":1.378046647229894,"timestamp":1771319892007}
{"symbol":"CGPOWER-EQ","action":"SELL","price":319.43,"quantity":1,"pnl":-325.0272151264715,"timestamp":1771319893020}
{"symbol":"DIVISLAB-EQ","action":"SELL","price":11141.4,"quantity":1,"pnl":546.6499999999996,"timestamp":1771319894017}
{"symbol":"RECLTD-EQ","action":"SELL","price":633.7,"quantity":1,"pnl":58.711327160493965,"timestamp":1771319894029}
{"symbol":"RECLTD-EQ","action":"BUY","price":601.39,"quantity":1,"timestamp":1771319897046}
{"symbol":"CGPOWER-EQ","action":"BUY","price":299.26,"quantity":1,"timestamp":1771319897083}
{"symbol":"HAL-EQ","action":"BUY","price":7226.24,"quantity":1,"timestamp":1771319898049}
{"symbol":"ENRIN-EQ","action":"BUY","price":1031.49,"quantity":1,"timestamp":1771319898066}
{"symbol":"PFC-EQ","action":"BUY","price":90.94,"quantity":1,"timestamp":1771319899058}
{"symbol":"ICICIGI-EQ","action":"BUY","price":46.6,"quantity":1,"timestamp":1771319900068}
{"symbol":"MOTHERSON-EQ","action":"BUY","price":25.22,"quantity":1,"timestamp":1771319901081}
{"symbol":"HYUNDAI-EQ","action":"BUY","price":12987.32,"quantity":1,"timestamp":1771319901091}
{"symbol":"IOC-EQ","action":"BUY","price":326.37,"quantity":1,"timestamp":1771319902083}
{"symbol":"GODREJCP-EQ","action":"BUY","price":1172.6,"quantity":1,"timestamp":1771319902092}
{"symbol":"ADANIGREEN-EQ","action":"BUY","price":473.14,"quantity":1,"timestamp":1771319902103}
{"symbol":"DLF-EQ","action":"BUY","price":435.24,"quantity":1,"timestamp":1771319904106}
{"symbol":"PNB-EQ","action":"BUY","price":81.37,"quantity":1,"timestamp":1771319905106}
{"symbol":"BRITANNIA-EQ","action":"SELL","price":11446.08,"quantity":1,"pnl":1611.716311111113,"timestamp":1771319906114}
{"symbol":"NAUKRI-EQ","action":"SELL","price":267.89,"quantity":1,"pnl":-110.11733821733833,"timestamp":1771319906124}
{"symbol":"HYUNDAI-EQ","action":"SELL","price":13638.83,"quantity":1,"pnl":362.868950617285,"timestamp":1771319906131}
{"symbol":"HAL-EQ","action":"SELL","price":7668.83,"quantity":1,"pnl":-72.01250000000073,"timestamp":1771319907128}
{"symbol":"LODHA-EQ","action":"SELL","price":314.95,"quantity":1,"pnl":-42.64257777777783,"timestamp":1771319907145}
{"symbol":"SOLARINDS-EQ","action":"BUY","price":2155.8,"quantity":1,"timestamp":1771319909162}
{"symbol":"RECLTD-EQ","action":"BUY","price":569.97,"quantity":1,"timestamp":1771319910158}
{"symbol":"HINDZINC-EQ","action":"BUY","price":110.91,"quantity":1,"timestamp":1771319910167}
{"symbol":"ENRIN-EQ","action":"BUY","price":978.15,"quantity":1,"timestamp":1771319910172}
{"symbol":"TATAPOWER-EQ","action":"BUY","price":204.82,"quantity":1,"timestamp":1771319911164}
{"symbol":"INDHOTEL-EQ","action":"BUY","price":1462.24,"quantity":1,"timestamp":1771319911172}
{"symbol":"CGPOWER-EQ","action":"BUY","price":283.4,"quantity":1,"timestamp":1771319911190}
{"symbol":"BAJAJHLDNG-EQ","action":"BUY","price":29197.06,"quantity":1,"timestamp":1771319912169}
{"symbol":"BANKBARODA-EQ","action":"BUY","price":198.58,"quantity":1,"timestamp":1771319913177}
{"symbol":"TORNTPHARM-EQ","action":"BUY","price":3078.38,"quantity":1,"timestamp":1771319913195}
{"symbol":"HYUNDAI-EQ","action":"BUY","price":12944.6,"quantity":1,"timestamp":1771319913202}
{"symbol":"JSWENERGY-EQ","action":"BUY","price":1132.27,"quantity":1,"timestamp":1771319913209}
{"symbol":"ABB-EQ","action":"BUY","price":2803.64,"quantity":1,"timestamp":1771319913214}
{"symbol":"LICI-EQ","action":"BUY","price":382.92,"quantity":1,"timestamp":1771319913222}
{"symbol":"MAZDOCK-EQ","action":"BUY","price":1095.29,"quantity":1,"timestamp":1771319915212}
{"symbol":"TVSMOTOR-EQ","action":"BUY","price":2189.05,"quantity":1,"timestamp":1771319916194}
{"symbol":"PFC-EQ","action":"BUY","price":84.35,"quantity":1,"timestamp":1771319916204}
{"symbol":"ADANIENSOL-EQ","action":"BUY","price":318.32,"quantity":1,"timestamp":1771319916213}
{"symbol":"SOLARINDS-EQ","action":"BUY","price":2047.5,"quantity":1,"timestamp":1771319917221}
{"symbol":"IRFC-EQ","action":"BUY","price":55.67,"quantity":1,"timestamp":1771319917228}
{"symbol":"BAJAJHLDNG-EQ","action":"BUY","price":27668.45,"quantity":1,"timestamp":1771319918218}
{"symbol":"ZYDUSLIFE-EQ","action":"BUY","price":1759.82,"quantity":1,"timestamp":1771319918231}
{"symbol":"CGPOWER-EQ","action":"BUY","price":267.7,"quantity":1,"timestamp":1771319919225}
{"symbol":"HAL-EQ","action":"BUY","price":7152.46,"quantity":1,"timestamp":1771319920224}
{"symbol":"DMART-EQ","action":"BUY","price":7226.45,"quantity":1,"timestamp":1771319922252}
{"symbol":"GODREJCP-EQ","action":"BUY","price":1103.42,"quantity":1,"timestamp":1771319924269}
{"symbol":"PNB-EQ","action":"BUY","price":80.71,"quantity":1,"timestamp":1771319925281}
{"symbol":"ICICIGI-EQ","action":"BUY","price":49.51,"quantity":1,"timestamp":1771319926292}
{"symbol":"ENRIN-EQ","action":"BUY","price":928.09,"quantity":1,"timestamp":1771319926303}
{"symbol":"CANBK-EQ","action":"BUY","price":324.36,"quantity":1,"timestamp":1771319927295}
{"symbol":"RECLTD-EQ","action":"BUY","price":539.58,"quantity":1,"timestamp":1771319927306}
{"symbol":"AMBUJACEM-EQ","action":"BUY","price":253.72,"quantity":1,"timestamp":1771319927317}
{"symbol":"ICICIGI-EQ","action":"SELL","price":52.36,"quantity":1,"pnl":6.593030612244895,"timestamp":1771319929316}
{"symbol":"GODREJCP-EQ","action":"SELL","price":1176.38,"quantity":1,"pnl":-193.02555364491423,"timestamp":1771319931330}
{"symbol":"SHREECEM-EQ","action":"SELL","price":29208.15,"quantity":1,"pnl":2139.2364400000006,"timestamp":1771319931338}
{"symbol":"ADANIENSOL-EQ","action":"SELL","price":353.95,"quantity":1,"pnl":29.131111111111068,"timestamp":1771319931344}
{"symbol":"TATAPOWER-EQ","action":"SELL","price":218.27,"quantity":1,"pnl":-13.818199999999962,"timestamp":1771319932335}
{"symbol":"JSWENERGY-EQ","action":"SELL","price":1275.25,"quantity":1,"pnl":70.76999999999998,"timestamp":1771319932349}
{"symbol":"ICICIGI-EQ","action":"SELL","price":55.05,"quantity":1,"pnl":9.283030612244886,"timestamp":1771319933356}
{"symbol":"BANKBARODA-EQ","action":"SELL","price":198.45,"quantity":1,"pnl":-8.58937499999999,"timestamp":1771319934363}
{"symbol":"BAJAJHFL-EQ","action":"SELL","price":188.23,"quantity":1,"pnl":-75.31590157776103,"timestamp":1771319934389}
{"symbol":"PNB-EQ","action":"SELL","price":85.79,"quantity":1,"pnl":-8.236432539682525,"timestamp":1771319935376}
{"symbol":"INDHOTEL-EQ","action":"SELL","price":1550.67,"quantity":1,"pnl":281.2062669692807,"timestamp":1771319936383}
{"symbol":"LTIM-EQ","action":"SELL","price":11069.9,"quantity":1,"pnl":2098.370000000001,"timestamp":1771319936395}
{"symbol":"IOC-EQ","action":"SELL","price":365.24,"quantity":1,"pnl":-76.51929761904762,"timestamp":1771319937385}
{"symbol":"BAJAJHLDNG-EQ","action":"SELL","price":29405.21,"quantity":1,"pnl":-65.58592592592686,"timestamp":1771319937401}
{"symbol":"GAIL-EQ","action":"SELL","price":371.4,"quantity":1,"pnl":75.73062499999997,"timestamp":1771319937411}
{"symbol":"ICICIGI-EQ","action":"SELL","price":58,"quantity":1,"pnl":12.233030612244889,"timestamp":1771319938392}
{"symbol":"IRFC-EQ","action":"SELL","price":58.72,"quantity":1,"pnl":3.049999999999997,"timestamp":1771319938411}
{"symbol":"AMBUJACEM-EQ","action":"BUY","price":239.12,"quantity":1,"timestamp":1771319939413}
{"symbol":"DIVISLAB-EQ","action":"BUY","price":10578.64,"quantity":1,"timestamp":1771319940403}
{"symbol":"HYUNDAI-EQ","action":"BUY","price":12132.46,"quantity":1,"timestamp":1771319940430}
{"symbol":"JSWENERGY-EQ","action":"BUY","price":1197.43,"quantity":1,"timestamp":1771319941429}
{"symbol":"ADANIENSOL-EQ","action":"BUY","price":329.95,"quantity":1,"timestamp":1771319942423}
{"symbol":"ENRIN-EQ","action":"BUY","price":878.4,"quantity":1,"timestamp":1771319943424}
{"symbol":"RECLTD-EQ","action":"BUY","price":512.08,"quantity":1,"timestamp":1771319944431}
{"symbol":"GAIL-EQ","action":"BUY","price":376.97,"quantity":1,"timestamp":1771319944435}
{"symbol":"IRFC-EQ","action":"BUY","price":55.06,"quantity":1,"timestamp":1771319944447}
{"symbol":"DMART-EQ","action":"BUY","price":6845.33,"quantity":1,"timestamp":1771319945428}
{"symbol":"BRITANNIA-EQ","action":"BUY","price":11225.76,"quantity":1,"timestamp":1771319947430}
{"symbol":"ADANIPOWER-EQ","action":"BUY","price":78.43,"quantity":1,"timestamp":1771319947439}
{"symbol":"JSWENERGY-EQ","action":"BUY","price":1131.88,"quantity":1,"timestamp":1771319947450}
{"symbol":"ENRIN-EQ","action":"BUY","price":822.51,"quantity":1,"timestamp":1771319947455}
{"symbol":"IOC-EQ","action":"SELL","price":405.48,"quantity":1,"pnl":-36.27929761904761,"timestamp":1771319948448}
{"symbol":"BANKBARODA-EQ","action":"SELL","price":221.07,"quantity":1,"pnl":14.030624999999986,"timestamp":1771319948453}
{"symbol":"BOSCHLTD-EQ","action":"SELL","price":18849.14,"quantity":1,"pnl":4581.617999999999,"timestamp":1771319948462}
{"symbol":"ADANIENSOL-EQ","action":"SELL","price":349.89,"quantity":1,"pnl":23.36074074074071,"timestamp":1771319948466}
{"symbol":"ABB-EQ","action":"SELL","price":3148.34,"quantity":1,"pnl":202.12975426905496,"timestamp":1771319948472}
{"symbol":"HAL-EQ","action":"SELL","price":8001.04,"quantity":1,"pnl":407.29312499999924,"timestamp":1771319949458}
{"symbol":"GODREJCP-EQ","action":"SELL","price":1237.04,"quantity":1,"pnl":-132.36555364491437,"timestamp":1771319949469}
{"symbol":"BAJAJHLDNG-EQ","action":"SELL","price":31405.99,"quantity":1,"pnl":1935.194074074072,"timestamp":1771319950464}
{"symbol":"LODHA-EQ","action":"SELL","price":353.43,"quantity":1,"pnl":-4.162577777777756,"timestamp":1771319951483}
{"symbol":"HYUNDAI-EQ","action":"SELL","price":13405.72,"quantity":1,"pnl":340.45353615520435,"timestamp":1771319952502}
{"symbol":"TATAPOWER-EQ","action":"SELL","price":245.26,"quantity":1,"pnl":13.171800000000019,"timestamp":1771319954500}
{"symbol":"DMART-EQ","action":"SELL","price":7322.82,"quantity":1,"pnl":12.507073451452015,"timestamp":1771319954506}
{"symbol":"JSWENERGY-EQ","action":"SELL","price":1192.7,"quantity":1,"pnl":14.769999999999982,"timestamp":1771319954518}
{"symbol":"VEDL-EQ","action":"BUY","price":186.71,"quantity":1,"timestamp":1771319955507}
{"symbol":"LTIM-EQ","action":"BUY","price":11125.08,"quantity":1,"timestamp":1771319955517}
{"symbol":"HAVELLS-EQ","action":"BUY","price":483.6,"quantity":1,"timestamp":1771319955526}
{"symbol":"HAL-EQ","action":"BUY","price":7554.09,"quantity":1,"timestamp":1771319956511}
{"symbol":"ADANIGREEN-EQ","action":"BUY","price":496.92,"quantity":1,"timestamp":1771319956545}
{"symbol":"VEDL-EQ","action":"SELL","price":197.03,"quantity":1,"pnl":8.832833333333326,"timestamp":1771319958529}
{"symbol":"DMART-EQ","action":"SELL","price":7772.51,"quantity":1,"pnl":462.1970734514525,"timestamp":1771319958546}
{"symbol":"ADANIPOWER-EQ","action":"SELL","price":77.1,"quantity":1,"pnl":-3.652280519480499,"timestamp":1771319958552}
{"symbol":"HYUNDAI-EQ","action":"SELL","price":14092.94,"quantity":1,"pnl":1027.6735361552037,"timestamp":1771319959554}
{"symbol":"CGPOWER-EQ","action":"BUY","price":268.29,"quantity":1,"timestamp":1771319961570}
{"symbol":"DMART-EQ","action":"BUY","price":7382.6,"quantity":1,"timestamp":1771319962583}
{"symbol":"ICICIGI-EQ","action":"BUY","price":61.01,"quantity":1,"timestamp":1771319962598}
{"symbol":"HAL-EQ","action":"BUY","price":7165.07,"quantity":1,"timestamp":1771319963588}
{"symbol":"PIDILITIND-EQ","action":"BUY","price":768.11,"quantity":1,"timestamp":1771319963624}
{"symbol":"UNITDSPR-EQ","action":"BUY","price":626.65,"quantity":1,"timestamp":1771319963640}
{"symbol":"VBL-EQ","action":"BUY","price":378.02,"quantity":1,"timestamp":1771319964595}
{"symbol":"LTIM-EQ","action":"BUY","price":9950.97,"quantity":1,"timestamp":1771319964611}
{"symbol":"SHREECEM-EQ","action":"BUY","price":28914.2,"quantity":1,"timestamp":1771319964625}
{"symbol":"RECLTD-EQ","action":"BUY","price":479.05,"quantity":1,"timestamp":1771319966614}
{"symbol":"IOC-EQ","action":"BUY","price":400.42,"quantity":1,"timestamp":1771319967622}
{"symbol":"ADANIGREEN-EQ","action":"BUY","price":469.49,"quantity":1,"timestamp":1771319969632}
{"symbol":"TVSMOTOR-EQ","action":"BUY","price":2632.27,"quantity":1,"timestamp":1771319970634}
{"symbol":"CANBK-EQ","action":"BUY","price":286.84,"quantity":1,"timestamp":1771319970645}
{"symbol":"SHREECEM-EQ","action":"BUY","price":27150.73,"quantity":1,"timestamp":1771319970654}
{"symbol":"SOLARINDS-EQ","action":"BUY","price":2063.75,"quantity":1,"timestamp":1771319971650}
{"symbol":"IRFC-EQ","action":"BUY","price":48.97,"quantity":1,"timestamp":1771319971657}
{"symbol":"BPCL-EQ","action":"BUY","price":703.84,"quantity":1,"timestamp":1771319972658}
{"symbol":"GAIL-EQ","action":"BUY","price":333.51,"quantity":1,"timestamp":1771319973673}
{"symbol":"SHREECEM-EQ","action":"BUY","price":25449.73,"quantity":1,"timestamp":1771319973681}
{"symbol":"BOSCHLTD-EQ","action":"BUY","price":18694.22,"quantity":1,"timestamp":1771319973686}
{"symbol":"JSWENERGY-EQ","action":"BUY","price":1051.33,"quantity":1,"timestamp":1771319973692}
{"symbol":"CGPOWER-EQ","action":"BUY","price":253.15,"quantity":1,"timestamp":1771319974684}
{"symbol":"HYUNDAI-EQ","action":"BUY","price":13299.01,"quantity":1,"timestamp":1771319974694}
{"symbol":"MOTHERSON-EQ","action":"BUY","price":27.76,"quantity":1,"timestamp":1771319975688}
{"symbol":"DLF-EQ","action":"BUY","price":345.94,"quantity":1,"timestamp":1771319975696}
{"symbol":"TATAPOWER-EQ","action":"BUY","price":230.69,"quantity":1,"timestamp":1771319976691}
{"symbol":"LTIM-EQ","action":"BUY","price":9963.48,"quantity":1,"timestamp":1771319976702}
{"symbol":"BOSCHLTD-EQ","action":"BUY","price":17679.06,"quantity":1,"timestamp":1771319976711}
{"symbol":"SHREECEM-EQ","action":"SELL","price":26871.58,"quantity":1,"pnl":-299.97333333333154,"timestamp":1771319977708}
{"symbol":"BANKBARODA-EQ","action":"BUY","price":208.82,"quantity":1,"timestamp":1771319979721}
{"symbol":"HAL-EQ","action":"BUY","price":7176.65,"quantity":1,"timestamp":1771319981736}
{"symbol":"ICICIGI-EQ","action":"BUY","price":57.06,"quantity":1,"timestamp":1771319982753}
{"symbol":"ADANIENSOL-EQ","action":"BUY","price":328.27,"quantity":1,"timestamp":1771319982761}
{"symbol":"GAIL-EQ","action":"BUY","price":313.36,"quantity":1,"timestamp":1771319984767}
{"symbol":"ADANIPOWER-EQ","action":"BUY","price":72.76,"quantity":1,"timestamp":1771319985772}
{"symbol":"BRITANNIA-EQ","action":"BUY","price":10494.72,"quantity":1,"timestamp":1771319986775}
{"symbol":"CANBK-EQ","action":"BUY","price":286.45,"quantity":1,"timestamp":1771319987783}
{"symbol":"MOTHERSON-EQ","action":"BUY","price":26.22,"quantity":1,"timestamp":1771319987791}
{"symbol":"BOSCHLTD-EQ","action":"BUY","price":16789.35,"quantity":1,"timestamp":1771319987799}
{"symbol":"UNITDSPR-EQ","action":"SELL","price":660.98,"quantity":1,"pnl":-29.211111111111222,"timestamp":1771319988804}
{"symbol":"AMBUJACEM-EQ","action":"SELL","price":255.93,"quantity":1,"pnl":9.509999999999991,"timestamp":1771319990822}
{"symbol":"CANBK-EQ","action":"SELL","price":302.1,"quantity":1,"pnl":-57.873238095238094,"timestamp":1771319991820}
{"symbol":"HYUNDAI-EQ","action":"SELL","price":14892.79,"quantity":1,"pnl":1788.5662801293365,"timestamp":1771319991833}
{"symbol":"ZYDUSLIFE-EQ","action":"SELL","price":1859.52,"quantity":1,"pnl":99.70000000000005,"timestamp":1771319991840}
{"symbol":"BAJAJHFL-EQ","action":"SELL","price":200.16,"quantity":1,"pnl":-63.38590157776102,"timestamp":1771319991845}
{"symbol":"DLF-EQ","action":"SELL","price":365.94,"quantity":1,"pnl":-61.10833333333335,"timestamp":1771319992830}
{"symbol":"PNB-EQ","action":"SELL","price":84.13,"quantity":1,"pnl":-9.896432539682536,"timestamp":1771319994855}
{"symbol":"HYUNDAI-EQ","action":"SELL","price":15693.18,"quantity":1,"pnl":2588.956280129336,"timestamp":1771319994861}
{"symbol":"SHREECEM-EQ","action":"SELL","price":28693.12,"quantity":1,"pnl":1521.566666666662,"timestamp":1771319995860}
{"symbol":"ENRIN-EQ","action":"SELL","price":864.51,"quantity":1,"pnl":-312.57507692307695,"timestamp":1771319996872}
{"symbol":"IRFC-EQ","action":"SELL","price":52.33,"quantity":1,"pnl":0.3149999999999977,"timestamp":1771319998894}
{"symbol":"BAJAJHFL-EQ","action":"SELL","price":213.64,"quantity":1,"pnl":-49.90590157776103,"timestamp":1771319998899}
{"symbol":"JSWENERGY-EQ","action":"SELL","price":1108.93,"quantity":1,"pnl":-26.799999999999727,"timestamp":1771319999907}
{"symbol":"BOSCHLTD-EQ","action":"SELL","price":16685.49,"quantity":1,"pnl":-172.04799999999886,"timestamp":1771320000916}
{"symbol":"ADANIPOWER-EQ","action":"SELL","price":77.47,"quantity":1,"pnl":-2.1405261595547245,"timestamp":1771320001918}
{"symbol":"LTIM-EQ","action":"SELL","price":9824.37,"quantity":1,"pnl":-522.1399999999994,"timestamp":1771320001926}
{"symbol":"SOLARINDS-EQ","action":"SELL","price":2034.69,"quantity":1,"pnl":-724.3809499999998,"timestamp":1771320001939}
{"symbol":"MAZDOCK-EQ","action":"SELL","price":1087.24,"quantity":1,"pnl":-8.049999999999955,"timestamp":1771320001947}
{"symbol":"PNB-EQ","action":"SELL","price":89.62,"quantity":1,"pnl":-4.406432539682513,"timestamp":1771320002930}
{"symbol":"BAJAJHFL-EQ","action":"SELL","price":226.22,"quantity":1,"pnl":-37.325901577761016,"timestamp":1771320004955}
{"symbol":"INDHOTEL-EQ","action":"SELL","price":1543.35,"quantity":1,"pnl":273.88626696928054,"timestamp":1771320005944}
{"symbol":"CANBK-EQ","action":"SELL","price":321.13,"quantity":1,"pnl":-38.843238095238064,"timestamp":1771320005952}
{"symbol":"ADANIGREEN-EQ","action":"SELL","price":496.51,"quantity":1,"pnl":-25.643515625000077,"timestamp":1771320005965}
{"symbol":"TVSMOTOR-EQ","action":"BUY","price":2625.02,"quantity":1,"timestamp":1771320007957}
{"symbol":"SHREECEM-EQ","action":"BUY","price":27225.8,"quantity":1,"timestamp":1771320007970}
{"symbol":"PFC-EQ","action":"BUY","price":74.81,"quantity":1,"timestamp":1771320008963}
{"symbol":"ZYDUSLIFE-EQ","action":"BUY","price":1766.33,"quantity":1,"timestamp":1771320008972}
{"symbol":"BAJAJHFL-EQ","action":"BUY","price":212.91,"quantity":1,"timestamp":1771320008977}
{"symbol":"NAUKRI-EQ","action":"BUY","price":268.84,"quantity":1,"timestamp":1771320010972}
{"symbol":"PIDILITIND-EQ","action":"BUY","price":729.27,"quantity":1,"timestamp":1771320011979}
{"symbol":"TORNTPHARM-EQ","action":"BUY","price":2848.72,"quantity":1,"timestamp":1771320012993}
{"symbol":"AMBUJACEM-EQ","action":"BUY","price":252.52,"quantity":1,"timestamp":1771320013001}
{"symbol":"PFC-EQ","action":"BUY","price":71.02,"quantity":1,"timestamp":1771320013996}
{"symbol":"JINDALSTEL-EQ","action":"BUY","price":1225.15,"quantity":1,"timestamp":1771320014009}
{"symbol":"IOC-EQ","action":"BUY","price":377.95,"quantity":1,"timestamp":1771320014999}
{"symbol":"RECLTD-EQ","action":"BUY","price":449.04,"quantity":1,"timestamp":1771320015010}
{"symbol":"HINDZINC-EQ","action":"BUY","price":108.86,"quantity":1,"timestamp":1771320015022}
{"symbol":"JSWENERGY-EQ","action":"BUY","price":1044.79,"quantity":1,"timestamp":1771320015025}
{"symbol":"NAUKRI-EQ","action":"BUY","price":255.16,"quantity":1,"timestamp":1771320016016}
{"symbol":"ADANIGREEN-EQ","action":"BUY","price":470.63,"quantity":1,"timestamp":1771320016028}
{"symbol":"IRFC-EQ","action":"BUY","price":48.75,"quantity":1,"timestamp":1771320016033}
{"symbol":"ENRIN-EQ","action":"BUY","price":821.12,"quantity":1,"timestamp":1771320017028}
{"symbol":"BAJAJHFL-EQ","action":"BUY","price":200.72,"quantity":1,"timestamp":1771320017034}
{"symbol":"BPCL-EQ","action":"BUY","price":666.42,"quantity":1,"timestamp":1771320019036}
{"symbol":"LTIM-EQ","action":"BUY","price":9771.13,"quantity":1,"timestamp":1771320020045}
{"symbol":"MOTHERSON-EQ","action":"BUY","price":24.55,"quantity":1,"timestamp":1771320020051}
{"symbol":"UNITDSPR-EQ","action":"BUY","price":581.05,"quantity":1,"timestamp":1771320020057}
{"symbol":"LODHA-EQ","action":"BUY","price":356.39,"quantity":1,"timestamp":1771320020064}
{"symbol":"MAZDOCK-EQ","action":"BUY","price":1025.41,"quantity":1,"timestamp":1771320020070}
{"symbol":"BAJAJHFL-EQ","action":"BUY","price":189.84,"quantity":1,"timestamp":1771320020075}
{"symbol":"PNB-EQ","action":"BUY","price":84.89,"quantity":1,"timestamp":1771320021052}
{"symbol":"TVSMOTOR-EQ","action":"SELL","price":2756.98,"quantity":1,"pnl":215.8173333333334,"timestamp":1771320023059}
{"symbol":"DIVISLAB-EQ","action":"SELL","price":11181.83,"quantity":1,"pnl":603.1900000000005,"timestamp":1771320023066}
{"symbol":"LTIM-EQ","action":"SELL","price":10272.96,"quantity":1,"pnl":118.2433333333338,"timestamp":1771320023073}
{"symbol":"LODHA-EQ","action":"SELL","price":375.41,"quantity":1,"pnl":18.017851851851844,"timestamp":1771320023081}
{"symbol":"ADANIPOWER-EQ","action":"SELL","price":87.21,"quantity":1,"pnl":7.599473840445285,"timestamp":1771320024065}
{"symbol":"AMBUJACEM-EQ","action":"SELL","price":267.54,"quantity":1,"pnl":18.069999999999993,"timestamp":1771320025073}
{"symbol":"BPCL-EQ","action":"SELL","price":700.72,"quantity":1,"pnl":15.590000000000032,"timestamp":1771320026074}
{"symbol":"VBL-EQ","action":"SELL","price":353.86,"quantity":1,"pnl":-127.91412566812448,"timestamp":1771320026081}
{"symbol":"ENRIN-EQ","action":"SELL","price":907.78,"quantity":1,"pnl":-241.92314792899424,"timestamp":1771320026095}
{"symbol":"ICICIGI-EQ","action":"SELL","price":60.47,"quantity":1,"pnl":1.4350000000000023,"timestamp":1771320027085}
{"symbol":"CHOLAFIN-EQ","action":"SELL","price":500.51,"quantity":1,"pnl":17.233736263736205,"timestamp":1771320029099}
{"symbol":"INDHOTEL-EQ","action":"SELL","price":1546.66,"quantity":1,"pnl":277.1962669692807,"timestamp":1771320029108}
{"symbol":"BANKBARODA-EQ","action":"SELL","price":244.36,"quantity":1,"pnl":36.430312500000014,"timestamp":1771320029112}
{"symbol":"ADANIPOWER-EQ","action":"SELL","price":91.9,"quantity":1,"pnl":12.289473840445282,"timestamp":1771320029117}
{"symbol":"PIDILITIND-EQ","action":"SELL","price":812.53,"quantity":1,"pnl":63.83999999999992,"timestamp":1771320029125}
{"symbol":"UNITDSPR-EQ","action":"SELL","price":617.67,"quantity":1,"pnl":-45.23583333333352,"timestamp":1771320029158}
{"symbol":"BOSCHLTD-EQ","action":"SELL","price":17601.94,"quantity":1,"pnl":744.4019999999982,"timestamp":1771320029170}
{"symbol":"ZYDUSLIFE-EQ","action":"SELL","price":1737.82,"quantity":1,"pnl":-28.50999999999999,"timestamp":1771320030120}
{"symbol":"PFC-EQ","action":"SELL","price":79.33,"quantity":1,"pnl":-44.32221254208753,"timestamp":1771320031126}
{"symbol":"MOTHERSON-EQ","action":"SELL","price":24.47,"quantity":1,"pnl":-1.4675000000000011,"timestamp":1771320032130}
{"symbol":"LICI-EQ","action":"SELL","price":454.17,"quantity":1,"pnl":86.28125925925929,"timestamp":1771320032143}
{"symbol":"VEDL-EQ","action":"SELL","price":222.95,"quantity":1,"pnl":34.75283333333334,"timestamp":1771320033136}
{"symbol":"TVSMOTOR-EQ","action":"SELL","price":2708.25,"quantity":1,"pnl":167.0873333333334,"timestamp":1771320033142}
{"symbol":"TATAPOWER-EQ","action":"SELL","price":276.04,"quantity":1,"pnl":44.30135000000001,"timestamp":1771320033148}
{"symbol":"IOC-EQ","action":"SELL","price":430.86,"quantity":1,"pnl":2.2442767857143053,"timestamp":1771320033154}
{"symbol":"RECLTD-EQ","action":"SELL","price":424.85,"quantity":1,"pnl":-107.4498104056438,"timestamp":1771320033162}
{"symbol":"JINDALSTEL-EQ","action":"SELL","price":1202.73,"quantity":1,"pnl":-22.420000000000073,"timestamp":1771320034147}
{"symbol":"CHOLAFIN-EQ","action":"SELL","price":530.59,"quantity":1,"pnl":47.3137362637363,"timestamp":1771320035148}
{"symbol":"INDHOTEL-EQ","action":"SELL","price":1645.33,"quantity":1,"pnl":375.86626696928056,"timestamp":1771320035157}
{"symbol":"LTIM-EQ","action":"BUY","price":9738.72,"quantity":1,"timestamp":1771320036157}
{"symbol":"NAUKRI-EQ","action":"BUY","price":226.28,"quantity":1,"timestamp":1771320036165}
{"symbol":"RECLTD-EQ","action":"BUY","price":400.4,"quantity":1,"timestamp":1771320036171}
{"symbol":"BPCL-EQ","action":"BUY","price":656.79,"quantity":1,"timestamp":1771320037159}
{"symbol":"HYUNDAI-EQ","action":"BUY","price":14888.39,"quantity":1,"timestamp":1771320037177}
{"symbol":"SOLARINDS-EQ","action":"BUY","price":1915.14,"quantity":1,"timestamp":1771320037182}
{"symbol":"HINDZINC-EQ","action":"BUY","price":107.66,"quantity":1,"timestamp":1771320037188}
{"symbol":"ENRIN-EQ","action":"BUY","price":860.3,"quantity":1,"timestamp":1771320037195}
{"symbol":"LICI-EQ","action":"BUY","price":425.68,"quantity":1,"timestamp":1771320037199}
{"symbol":"CANBK-EQ","action":"BUY","price":283.31,"quantity":1,"timestamp":1771320038176}
{"symbol":"BAJAJHLDNG-EQ","action":"BUY","price":27910.33,"quantity":1,"timestamp":1771320038185}
{"symbol":"BRITANNIA-EQ","action":"BUY","price":9959.16,"quantity":1,"timestamp":1771320039181}
{"symbol":"GODREJCP-EQ","action":"BUY","price":1244.71,"quantity":1,"timestamp":1771320039192}
{"symbol":"AMBUJACEM-EQ","action":"BUY","price":251.54,"quantity":1,"timestamp":1771320039204}
{"symbol":"ICICIGI-EQ","action":"BUY","price":54.36,"quantity":1,"timestamp":1771320041207}
{"symbol":"ADANIENSOL-EQ","action":"BUY","price":308.07,"quantity":1,"timestamp":1771320041215}
{"symbol":"TVSMOTOR-EQ","action":"BUY","price":2552.43,"quantity":1,"timestamp":1771320042212}
{"symbol":"HAL-EQ","action":"SELL","price":8083.67,"quantity":1,"pnl":637.4948958333325,"timestamp":1771320044231}
{"symbol":"CANBK-EQ","action":"SELL","price":300.58,"quantity":1,"pnl":-46.61603174603181,"timestamp":1771320044243}
{"symbol":"ICICIGI-EQ","action":"SELL","price":57.96,"quantity":1,"pnl":1.2625000000000028,"timestamp":1771320044248}
{"symbol":"HAVELLS-EQ","action":"SELL","price":603.75,"quantity":1,"pnl":-10.18909333333329,"timestamp":1771320044255}
{"symbol":"LODHA-EQ","action":"SELL","price":377.8,"quantity":1,"pnl":20.40785185185183,"timestamp":1771320044260}
{"symbol":"INDHOTEL-EQ","action":"SELL","price":1743.9,"quantity":1,"pnl":474.43626696928095,"timestamp":1771320045238}
{"symbol":"GODREJCP-EQ","action":"SELL","price":1319.92,"quantity":1,"pnl":-39.89358797992054,"timestamp":1771320045248}
{"symbol":"RECLTD-EQ","action":"SELL","price":428,"quantity":1,"pnl":-85.45698034769464,"timestamp":1771320045252}
{"symbol":"HINDZINC-EQ","action":"SELL","price":114.43,"quantity":1,"pnl":-26.077559565921575,"timestamp":1771320045260}
{"symbol":"TATAPOWER-EQ","action":"SELL","price":290.92,"quantity":1,"pnl":59.18135000000001,"timestamp":1771320046249}
{"symbol":"LTIM-EQ","action":"SELL","price":10273.96,"quantity":1,"pnl":257.9088888888891,"timestamp":1771320046259}
{"symbol":"DLF-EQ","action":"SELL","price":387.68,"quantity":1,"pnl":-39.36833333333334,"timestamp":1771320046267}
{"symbol":"VEDL-EQ","action":"SELL","price":236.39,"quantity":1,"pnl":48.19283333333334,"timestamp":1771320049284}
{"symbol":"LTIM-EQ","action":"SELL","price":10857.31,"quantity":1,"pnl":841.2588888888913,"timestamp":1771320049297}
{"symbol":"JSWENERGY-EQ","action":"SELL","price":1160,"quantity":1,"pnl":54.58333333333326,"timestamp":1771320050313}
{"symbol":"IRFC-EQ","action":"SELL","price":51.37,"quantity":1,"pnl":0.9874999999999972,"timestamp":1771320051319}
{"symbol":"CHOLAFIN-EQ","action":"BUY","price":501.66,"quantity":1,"timestamp":1771320052318}
{"symbol":"CGPOWER-EQ","action":"BUY","price":223.34,"quantity":1,"timestamp":1771320052334}
{"symbol":"ZYDUSLIFE-EQ","action":"BUY","price":1460.63,"quantity":1,"timestamp":1771320052341}
{"symbol":"ADANIGREEN-EQ","action":"BUY","price":445.06,"quantity":1,"timestamp":1771320053346}
{"symbol":"HAL-EQ","action":"BUY","price":7640.62,"quantity":1,"timestamp":1771320054338}
{"symbol":"TVSMOTOR-EQ","action":"BUY","price":2401.4,"quantity":1,"timestamp":1771320055346}
{"symbol":"VBL-EQ","action":"BUY","price":372.52,"quantity":1,"timestamp":1771320055355}
{"symbol":"RECLTD-EQ","action":"BUY","price":398.53,"quantity":1,"timestamp":1771320055364}
{"symbol":"PIDILITIND-EQ","action":"BUY","price":724.81,"quantity":1,"timestamp":1771320057368}
{"symbol":"IRFC-EQ","action":"BUY","price":48.36,"quantity":1,"timestamp":1771320057378}
{"symbol":"IOC-EQ","action":"BUY","price":401.85,"quantity":1,"timestamp":1771320058374}
{"symbol":"DLF-EQ","action":"BUY","price":366.46,"quantity":1,"timestamp":1771320058385}
{"symbol":"CHOLAFIN-EQ","action":"BUY","price":473.14,"quantity":1,"timestamp":1771320059375}
{"symbol":"AMBUJACEM-EQ","action":"BUY","price":236.16,"quantity":1,"timestamp":1771320059391}
{"symbol":"LICI-EQ","action":"BUY","price":403.68,"quantity":1,"timestamp":1771320059436}
{"symbol":"MOTHERSON-EQ","action":"BUY","price":22.8,"quantity":1,"timestamp":1771320060394}
{"symbol":"BPCL-EQ","action":"SELL","price":737.71,"quantity":1,"pnl":66.75,"timestamp":1771320062409}
{"symbol":"HAVELLS-EQ","action":"SELL","price":638.65,"quantity":1,"pnl":24.710906666666688,"timestamp":1771320064442}
{"symbol":"ZYDUSLIFE-EQ","action":"SELL","price":1547.15,"quantity":1,"pnl":86.51999999999998,"timestamp":1771320064452}
{"symbol":"BOSCHLTD-EQ","action":"SELL","price":19680.7,"quantity":1,"pnl":2823.1620000000003,"timestamp":1771320065443}
{"symbol":"ADANIENSOL-EQ","action":"SELL","price":325.73,"quantity":1,"pnl":3.3803703703704286,"timestamp":1771320065447}
{"symbol":"MAZDOCK-EQ","action":"SELL","price":955.24,"quantity":1,"pnl":-70.17000000000007,"timestamp":1771320065455}
{"symbol":"BAJAJHLDNG-EQ","action":"SELL","price":29143.01,"quantity":1,"pnl":452.4470370370327,"timestamp":1771320066448}
{"symbol":"SHREECEM-EQ","action":"SELL","price":28846.36,"quantity":1,"pnl":1647.6833333333343,"timestamp":1771320068468}
{"symbol":"HYUNDAI-EQ","action":"SELL","price":15411.4,"quantity":1,"pnl":1950.3430241034675,"timestamp":1771320068473}
{"symbol":"TATAPOWER-EQ","action":"BUY","price":255.89,"quantity":1,"timestamp":1771320073507}
{"symbol":"ADANIPOWER-EQ","action":"BUY","price":86.6,"quantity":1,"timestamp":1771320074512}
{"symbol":"TORNTPHARM-EQ","action":"BUY","price":2530.6,"quantity":1,"timestamp":1771320074520}
{"symbol":"GODREJCP-EQ","action":"BUY","price":1176.39,"quantity":1,"timestamp":1771320075516}
{"symbol":"SOLARINDS-EQ","action":"SELL","price":2164.46,"quantity":1,"pnl":-517.8899545454542,"timestamp":1771320076537}
{"symbol":"PIDILITIND-EQ","action":"SELL","price":811.95,"quantity":1,"pnl":75.20000000000005,"timestamp":1771320077540}
{"symbol":"BOSCHLTD-EQ","action":"SELL","price":20681.11,"quantity":1,"pnl":3823.572,"timestamp":1771320078550}
{"symbol":"LICI-EQ","action":"SELL","price":399.78,"quantity":1,"pnl":18.52232804232807,"timestamp":1771320081581}
{"symbol":"INDHOTEL-EQ","action":"SELL","price":1933.66,"quantity":1,"pnl":664.1962669692809,"timestamp":1771320082580}
{"symbol":"UNITDSPR-EQ","action":"SELL","price":623.65,"quantity":1,"pnl":-39.2558333333335,"timestamp":1771320082592}
{"symbol":"AMBUJACEM-EQ","action":"SELL","price":248.63,"quantity":1,"pnl":2.9066666666666663,"timestamp":1771320082599}
{"symbol":"PNB-EQ","action":"SELL","price":95.84,"quantity":1,"pnl":4.859044973544982,"timestamp":1771320083602}
{"symbol":"DMART-EQ","action":"SELL","price":8340.87,"quantity":1,"pnl":1018.5092278762113,"timestamp":1771320084609}
{"symbol":"LTIM-EQ","action":"SELL","price":11220.4,"quantity":1,"pnl":1204.3488888888915,"timestamp":1771320084617}
{"symbol":"ICICIGI-EQ","action":"SELL","price":65.38,"quantity":1,"pnl":8.682499999999997,"timestamp":1771320084625}
{"symbol":"BAJAJHFL-EQ","action":"SELL","price":186.2,"quantity":1,"pnl":-62.94838582904694,"timestamp":1771320084635}
{"symbol":"TATAPOWER-EQ","action":"SELL","price":273.5,"quantity":1,"pnl":33.71090000000001,"timestamp":1771320085621}
{"symbol":"HYUNDAI-EQ","action":"SELL","price":16206.45,"quantity":1,"pnl":2745.3930241034686,"timestamp":1771320088649}
{"symbol":"ENRIN-EQ","action":"SELL","price":914.12,"quantity":1,"pnl":-213.32136731907156,"timestamp":1771320088655}
{"symbol":"GODREJCP-EQ","action":"BUY","price":1113.58,"quantity":1,"timestamp":1771320089657}
{"symbol":"TVSMOTOR-EQ","action":"BUY","price":2370.51,"quantity":1,"timestamp":1771320090665}
{"symbol":"ICICIGI-EQ","action":"BUY","price":61.86,"quantity":1,"timestamp":1771320091680}
{"symbol":"BOSCHLTD-EQ","action":"BUY","price":20501.72,"quantity":1,"timestamp":1771320092698}
{"symbol":"PIDILITIND-EQ","action":"BUY","price":759.89,"quantity":1,"timestamp":1771320093701}
{"symbol":"SIEMENS-EQ","action":"BUY","price":2178.05,"quantity":1,"timestamp":1771320093709}
{"symbol":"TORNTPHARM-EQ","action":"SELL","price":2849.91,"quantity":1,"pnl":-577.4368444444449,"timestamp":1771320096716}
{"symbol":"JSWENERGY-EQ","action":"SELL","price":1278.79,"quantity":1,"pnl":173.37333333333345,"timestamp":1771320096727}
{"symbol":"PFC-EQ","action":"SELL","price":78.81,"quantity":1,"pnl":-44.84221254208754,"timestamp":1771320097722}
{"symbol":"BAJAJHFL-EQ","action":"SELL","price":197.43,"quantity":1,"pnl":-51.718385829046895,"timestamp":1771320097739}
{"symbol":"DMART-EQ","action":"SELL","price":8903.29,"quantity":1,"pnl":1580.9292278762105,"timestamp":1771320098731}
{"symbol":"ADANIPOWER-EQ","action":"SELL","price":96.24,"quantity":1,"pnl":15.231579072356212,"timestamp":1771320098737}
{"symbol":"AMBUJACEM-EQ","action":"SELL","price":277.26,"quantity":1,"pnl":31.53666666666669,"timestamp":1771320099741}
{"symbol":"IOC-EQ","action":"SELL","price":423.21,"quantity":1,"pnl":-2.0600078124999754,"timestamp":1771320101753}
{"symbol":"ENRIN-EQ","action":"SELL","price":961.42,"quantity":1,"pnl":-166.02136731907137,"timestamp":1771320101769}
{"symbol":"AMBUJACEM-EQ","action":"SELL","price":291.96,"quantity":1,"pnl":46.23666666666668,"timestamp":1771320102770}
{"symbol":"BAJAJHFL-EQ","action":"SELL","price":207.61,"quantity":1,"pnl":-41.538385829046916,"timestamp":1771320104787}
{"symbol":"CHOLAFIN-EQ","action":"SELL","price":464.46,"quantity":1,"pnl":-19.450684699915485,"timestamp":1771320105791}
{"symbol":"RECLTD-EQ","action":"BUY","price":398.76,"quantity":1,"timestamp":1771320106816}
{"symbol":"VBL-EQ","action":"SELL","price":390.83,"quantity":1,"pnl":-72.73510472343713,"timestamp":1771320108813}
{"symbol":"SHREECEM-EQ","action":"SELL","price":32092.07,"quantity":1,"pnl":4893.393333333333,"timestamp":1771320108826}
{"symbol":"IRFC-EQ","action":"SELL","price":51.08,"quantity":1,"pnl":1.7087499999999949,"timestamp":1771320108834}
{"symbol":"ADANIPOWER-EQ","action":"SELL","price":101.9,"quantity":1,"pnl":20.891579072356222,"timestamp":1771320109826}
{"symbol":"GAIL-EQ","action":"SELL","price":276.71,"quantity":1,"pnl":-64.57000000000005,"timestamp":1771320109834}
{"symbol":"BAJAJHFL-EQ","action":"SELL","price":218.18,"quantity":1,"pnl":-30.968385829046895,"timestamp":1771320109844}
{"symbol":"UNITDSPR-EQ","action":"SELL","price":662.86,"quantity":1,"pnl":-0.04583333333346218,"timestamp":1771320110838}
{"symbol":"BANKBARODA-EQ","action":"SELL","price":230.25,"quantity":1,"pnl":22.3203125,"timestamp":1771320111826}
{"symbol":"NAUKRI-EQ","action":"SELL","price":211.5,"quantity":1,"pnl":-140.9245372405373,"timestamp":1771320111835}
{"symbol":"DLF-EQ","action":"SELL","price":431.93,"quantity":1,"pnl":25.077777777777783,"timestamp":1771320111842}
{"symbol":"SOLARINDS-EQ","action":"SELL","price":2148.39,"quantity":1,"pnl":-533.9599545454544,"timestamp":1771320112851}
{"symbol":"ABB-EQ","action":"SELL","price":3486.02,"quantity":1,"pnl":539.8097542690548,"timestamp":1771320112856}
{"symbol":"BAJAJHLDNG-EQ","action":"SELL","price":29356.56,"quantity":1,"pnl":665.9970370370356,"timestamp":1771320115875}
{"symbol":"HAVELLS-EQ","action":"SELL","price":677.21,"quantity":1,"pnl":63.27090666666686,"timestamp":1771320115882}
{"symbol":"BRITANNIA-EQ","action":"SELL","price":10465.34,"quantity":1,"pnl":86.83907777777858,"timestamp":1771320117878}
{"symbol":"CHOLAFIN-EQ","action":"SELL","price":488.94,"quantity":1,"pnl":5.029315300084534,"timestamp":1771320119895}
{"symbol":"ABB-EQ","action":"SELL","price":3676.33,"quantity":1,"pnl":730.1197542690543,"timestamp":1771320119904}
{"symbol":"NAUKRI-EQ","action":"SELL","price":222.36,"quantity":1,"pnl":-130.06453724053722,"timestamp":1771320120905}
{"symbol":"SIEMENS-EQ","action":"SELL","price":2159.85,"quantity":1,"pnl":-18.200000000000273,"timestamp":1771320120911}
{"symbol":"UNITDSPR-EQ","action":"SELL","price":703.32,"quantity":1,"pnl":40.414166666666574,"timestamp":1771320121917}
{"symbol":"TORNTPHARM-EQ","action":"SELL","price":2845.83,"quantity":1,"pnl":-581.5168444444453,"timestamp":1771320122918}
{"symbol":"ENRIN-EQ","action":"SELL","price":1024.03,"quantity":1,"pnl":-103.41136731907136,"timestamp":1771320122924}
{"symbol":"DLF-EQ","action":"SELL","price":454.44,"quantity":1,"pnl":47.58777777777783,"timestamp":1771320123923}
{"symbol":"RECLTD-EQ","action":"SELL","price":400.81,"quantity":1,"pnl":-83.94398526077106,"timestamp":1771336855535}
{"symbol":"NAUKRI-EQ","action":"SELL","price":234.72,"quantity":1,"pnl":-117.70453724053723,"timestamp":1771336858195}
{"symbol":"MOTHERSON-EQ","action":"SELL","price":22.8,"quantity":1,"pnl":-2.3531249999999986,"timestamp":1771336858199}
{"symbol":"SOLARINDS-EQ","action":"SELL","price":2257.38,"quantity":1,"pnl":-424.96995454545413,"timestamp":1771336858204}
{"symbol":"VBL-EQ","action":"SELL","price":417.17,"quantity":1,"pnl":-46.39510472343704,"timestamp":1771336861476}
{"symbol":"TATAPOWER-EQ","action":"SELL","price":257.11,"quantity":1,"pnl":17.320899999999995,"timestamp":1771336862489}
{"symbol":"DLF-EQ","action":"SELL","price":477.25,"quantity":1,"pnl":70.39777777777783,"timestamp":1771336870870}
{"symbol":"ENRIN-EQ","action":"SELL","price":1088.48,"quantity":1,"pnl":-38.961367319071314,"timestamp":1771336870877}
{"symbol":"RECLTD-EQ","action":"SELL","price":421.58,"quantity":1,"pnl":-63.173985260771076,"timestamp":1771336872886}
{"symbol":"BOSCHLTD-EQ","action":"SELL","price":20371.32,"quantity":1,"pnl":-130.40000000000146,"timestamp":1771336872891}
{"symbol":"ADANIPOWER-EQ","action":"SELL","price":95.67,"quantity":1,"pnl":14.661579072356218,"timestamp":1771336873893}
{"symbol":"BPCL-EQ","action":"SELL","price":687.11,"quantity":1,"pnl":16.149999999999977,"timestamp":1771336875911}
{"symbol":"NAUKRI-EQ","action":"SELL","price":232.54,"quantity":1,"pnl":-119.88453724053718,"timestamp":1771336876916}
{"symbol":"HINDZINC-EQ","action":"SELL","price":120.88,"quantity":1,"pnl":-19.627559565921587,"timestamp":1771336876925}
{"symbol":"HAL-EQ","action":"SELL","price":6362.82,"quantity":1,"pnl":-1115.7625868055575,"timestamp":1771336877927}
{"symbol":"VBL-EQ","action":"SELL","price":445.84,"quantity":1,"pnl":-17.725104723437084,"timestamp":1771336877932}
{"symbol":"GAIL-EQ","action":"SELL","price":293.24,"quantity":1,"pnl":-48.039999999999964,"timestamp":1771336877937}
{"symbol":"TORNTPHARM-EQ","action":"SELL","price":2997.04,"quantity":1,"pnl":-430.30684444444523,"timestamp":1771336879937}
{"symbol":"VEDL-EQ","action":"SELL","price":275.51,"quantity":1,"pnl":87.31283333333332,"timestamp":1771336880941}
{"symbol":"JSWENERGY-EQ","action":"SELL","price":1196.21,"quantity":1,"pnl":90.79333333333352,"timestamp":1771336880949}
{"symbol":"CANBK-EQ","action":"SELL","price":265.71,"quantity":1,"pnl":-81.48603174603176,"timestamp":1771336881949}
{"symbol":"CGPOWER-EQ","action":"SELL","price":220.5,"quantity":1,"pnl":-261.69983721512654,"timestamp":1771336881961}
{"symbol":"ICICIGI-EQ","action":"SELL","price":51.44,"quantity":1,"pnl":-10.420000000000002,"timestamp":1771336883965}
{"symbol":"GAIL-EQ","action":"BUY","price":277.04,"quantity":1,"timestamp":1771336884969}
{"symbol":"DMART-EQ","action":"BUY","price":7591.49,"quantity":1,"timestamp":1771336885960}
{"symbol":"BANKBARODA-EQ","action":"BUY","price":207.51,"quantity":1,"timestamp":1771336886965}
{"symbol":"ADANIGREEN-EQ","action":"BUY","price":369.51,"quantity":1,"timestamp":1771336889016}
{"symbol":"IRFC-EQ","action":"BUY","price":48.39,"quantity":1,"timestamp":1771336889022}
{"symbol":"TATAPOWER-EQ","action":"SELL","price":253.21,"quantity":1,"pnl":13.420899999999989,"timestamp":1771336890011}
{"symbol":"BANKBARODA-EQ","action":"SELL","price":221.34,"quantity":1,"pnl":13.830000000000013,"timestamp":1771336890032}
{"symbol":"RECLTD-EQ","action":"SELL","price":467.02,"quantity":1,"pnl":-17.733985260771078,"timestamp":1771336891017}
{"symbol":"LTIM-EQ","action":"BUY","price":8929.39,"quantity":1,"timestamp":1771336892027}
{"symbol":"LODHA-EQ","action":"BUY","price":337.06,"quantity":1,"timestamp":1771336893039}
{"symbol":"ABB-EQ","action":"BUY","price":3279.53,"quantity":1,"timestamp":1771336893049}
{"symbol":"SIEMENS-EQ","action":"BUY","price":2130.72,"quantity":1,"timestamp":1771336894042}
{"symbol":"VBL-EQ","action":"BUY","price":420.65,"quantity":1,"timestamp":1771336895083}
{"symbol":"HINDZINC-EQ","action":"BUY","price":112.96,"quantity":1,"timestamp":1771336896090}
{"symbol":"IRFC-EQ","action":"BUY","price":45.87,"quantity":1,"timestamp":1771336896103}
{"symbol":"MAZDOCK-EQ","action":"BUY","price":856.19,"quantity":1,"timestamp":1771336896115}
{"symbol":"JINDALSTEL-EQ","action":"BUY","price":1190.09,"quantity":1,"timestamp":1771336897116}
{"symbol":"NAUKRI-EQ","action":"SELL","price":244.93,"quantity":1,"pnl":-107.49453724053717,"timestamp":1771336898094}
{"symbol":"MOTHERSON-EQ","action":"BUY","price":20.16,"quantity":1,"timestamp":1771336899104}
{"symbol":"ZYDUSLIFE-EQ","action":"BUY","price":1374.74,"quantity":1,"timestamp":1771336899110}
{"symbol":"ADANIPOWER-EQ","action":"BUY","price":79.38,"quantity":1,"timestamp":1771336900118}
{"symbol":"TORNTPHARM-EQ","action":"BUY","price":2841.4,"quantity":1,"timestamp":1771336900129}
{"symbol":"HAVELLS-EQ","action":"BUY","price":561.52,"quantity":1,"timestamp":1771336900135}
{"symbol":"SIEMENS-EQ","action":"BUY","price":2017.43,"quantity":1,"timestamp":1771336900142}
{"symbol":"ABB-EQ","action":"BUY","price":3115.48,"quantity":1,"timestamp":1771336901125}
{"symbol":"NAUKRI-EQ","action":"SELL","price":260.03,"quantity":1,"pnl":-92.39453724053726,"timestamp":1771336903145}
{"symbol":"JINDALSTEL-EQ","action":"SELL","price":1269.13,"quantity":1,"pnl":79.04000000000019,"timestamp":1771336904160}
{"symbol":"SIEMENS-EQ","action":"SELL","price":2137.41,"quantity":1,"pnl":63.335000000000036,"timestamp":1771336904166}
